created_at,favorite_count,full_text,category,ed_risk
Sun Jun 16 10:31:45 +0000 2024,1,diethingy distraction works trust me kalau buat mau sekenyang apapun abis makan tetep craving manis nah biasanya distraksiin kepikiran makanan terus in this context nonton anime terus jgn cemilan keliatan mata ntar makin craving,B,1
Fri Apr 12 12:30:49 +0000 2024,0,makan terus nyesel kemudian,B,1
Fri Apr 21 23:37:39 +0000 2023,0,kepikiran banget si moka muntahin makanan kayanya enak badan abis vaksin minum obat cacing combo banget gitu,B,1
Fri Aug 02 01:28:47 +0000 2024,0,kemaren binge eating sekarang malah males makan hdeh,B,1
Fri Aug 04 06:29:02 +0000 2023,1,bisanya abis makan siang aslam langsung naik terus muntahin makanan makan salah makan salah anj,B,1
Fri Aug 04 10:46:25 +0000 2023,0,rasanya pgn muntahin makanan terus makan lu [URL],B,1
Fri Aug 09 10:20:01 +0000 2024,0,kumat binge eating semoga next partner w masalah sama bbw wuakakak orgil,B,1
Fri Aug 11 02:30:56 +0000 2023,0,muntah time perut kosong nih memang palat hahahha pahit siakkk suka betul,B,1
Fri Aug 16 15:00:58 +0000 2024,0,gamau binge eating kapan stress,B,1
Fri Dec 13 15:05:47 +0000 2024,0,merasa bersalah makan pisang keju coklat malemmalem gini [URL],B,1
Fri Dec 20 12:34:56 +0000 2024,0,siang ngemil teruss takut gendut hiks,B,1
Fri Dec 20 12:37:37 +0000 2024,0,akhir akhir suka binge eating,B,1
Fri Dec 23 05:20:00 +0000 2022,0,sedang merasa bersalah makan pudding,B,1
Fri Dec 27 11:28:08 +0000 2024,0,pagi tbtb mual banget mau muntahin makanan mahal hari,B,1
Fri Dec 27 15:37:14 +0000 2024,0,y w dilahirkan orng kalau stress malah binge eating mau ky orng orng stress kurus ajg,B,1
Fri Feb 07 15:39:48 +0000 2025,0,makin kesini makin ngemil terus bjirlahh,B,1
Fri Feb 07 18:02:57 +0000 2025,0,gangguan tidur gangguan makan,B,1
Fri Feb 07 20:52:46 +0000 2025,0,gangguan makan skrng gangguan tidur,B,1
Fri Feb 07 23:21:45 +0000 2025,0,kalau bangun pagi selalu lapar bgtttttt,B,1
Fri Feb 14 06:14:48 +0000 2025,0,baru seminggu dirumah nih pipi bengkak kerjaannya ngemil terus,B,1
Fri Feb 14 17:00:55 +0000 2025,0,kebiasaan banget jam segini selalu lapar ‍,B,1
Fri Feb 17 02:20:38 +0000 2023,0,jam malem craving for indomi parah lewat jam segitu pengen jamjam setan memang,B,1
Fri Feb 21 03:12:45 +0000 2025,0,i pernah makan konjac dolphin and tercekik dulu masa kerja office i jarang lunch berat so tahan lapar jelly sgt berkesan ye sekali tgh makan entah mcm mana i tercekik and i berjaya muntahkan balik susah nak explain mcm percaya i tercekik benda,B,1
Fri Feb 21 16:29:14 +0000 2025,0,selalu lapar jam segini,B,1
Fri Feb 21 18:43:40 +0000 2025,0,selalu lapar jam segini knpa yh,B,1
Fri Feb 23 10:07:11 +0000 2024,0,is it just me or yall having binge eating habits kalau cemilan nda berhenti nyomot,B,1
Fri Feb 28 07:55:36 +0000 2025,2,sekarang bingeeating stress ie stress makan selalu,B,1
Fri Feb 28 08:44:55 +0000 2025,0,pulang dookki mampir dulu tempat mingyu bayangin ketemu mingyu begini kondisi perut mau meledak tida merasa bersalah makan porsi setaun jadi malu sama mingyu [URL],B,1
Fri Jan 03 14:56:57 +0000 2025,0,lapar kayaknya memang beli roti deh jam segini selalu lapar,B,1
Fri Jan 10 06:24:33 +0000 2025,0,makan kripik berhenti,B,1
Fri Jan 10 09:04:21 +0000 2025,0,ohhh gini rasanya perut begah bawaannya pengen ngemil terus,B,1
Fri Jan 10 14:18:47 +0000 2025,0,iniapasi paham mau muntahin semua makanan makan seminggu lalu rasanya,B,1
Fri Jan 17 15:46:41 +0000 2025,0,selalu lapar jam segini,B,1
Fri Jan 19 00:00:59 +0000 2024,0,setuju banget ngeliat kakak dulu stress berat badan farzana naik selalu muntahin makanan terus jadi mikir ternyata sekecil makanan tuh se drama buat ngasih anak kaya segampang,B,1
Fri Jan 24 04:52:26 +0000 2025,0,tetap paksa masuk jangan muntah plis mbung lu mah kerjaannya muntahin makanan terus kumat gini,B,1
Fri Jan 24 15:17:15 +0000 2025,0,me makan berhenti selalu lapar belakangan my mom kamu mau datang bulan,B,1
Fri Jan 24 20:40:47 +0000 2025,0,bangun tidur ku terus ngemil,B,1
Fri Jan 31 05:28:11 +0000 2025,0,pengen makan mi instan menyusui biasanya pas makan nikmat banget rasa bersalah makan semingguan galaunya,B,1
Fri Jan 31 12:06:01 +0000 2025,0,selalu lapar tengah malem,B,1
Fri Jan 31 17:14:23 +0000 2025,0,jam sgini selalu lapar tbtb cemilan,B,1
Fri Jan 31 23:16:23 +0000 2025,0,jam segini tuh lapar banget dipaksa makan muntah,B,1
Fri Jul 05 04:25:43 +0000 2024,0,enak banget ngemilin coklat ampun dah berhenti makan sebatang,B,1
Fri Jul 05 15:58:55 +0000 2024,505,muntahin balik deh makanan amp minuman klean raup buat nafkah sekeluarga pake uang pajak masyarakat ikhlas sama sekali deh kalau cuma dipake buat tenaga mbacot mendasar amp muter² doang ngeles soal kredibilitas klean,B,1
Fri Jul 19 00:53:26 +0000 2024,0,iya betul diajarin kecil jangan kaya ponakan pernah muntahin makanan percis piring pake buat makan kebiasaan banget tuh krna makanan enak langsung dimuntahin,B,1
Fri Jun 04 02:12:00 +0000 2021,2,parah semalem craving cakes,B,1
Fri Jun 24 07:39:51 +0000 2022,0,padahal craving parah hadeh,B,1
Fri Mar 15 11:52:00 +0000 2024,1,muntahin makanan ed muntahin makanan kepenuhan,B,1
Fri Mar 15 18:18:10 +0000 2024,1,lampiasin stress apa biasanya binge eating kan puasa,B,1
Fri Mar 21 15:35:51 +0000 2025,0,merasa bersalah makan nasi jam segini matian diet berhasil turun kilogram,B,1
Fri Mar 22 20:25:32 +0000 2024,0,jadi cewe kalau otw red day beberapa hari mau makan terus always ngerasa bersalah makan i just hated it soooow much,B,1
Fri May 17 09:57:39 +0000 2024,0,emg mau muntahin makanan gara sedih anjg,B,1
Fri May 20 22:11:05 +0000 2022,0,damn lapar banget craving makin parah hahahah,B,1
Fri May 24 15:19:09 +0000 2024,0,sensitif banget skrang nangis sesegukan cuma ggra muntahin makanan abis dibeliin jauh sama suami tega ajaa cuma singgah lambung bentar suami bilang gak papa ttp nangiiisss,B,1
Fri Nov 04 07:49:42 +0000 2022,0,kalian kalau pms suka craving makan manis coklat gtu gasi padahal harihari biasa sama coklat craving parah hampir order whole cake padahal mah alone,B,1
Fri Nov 08 09:21:52 +0000 2024,1,mau makan banyak banyak banyak berhenti makan mau makan seluruh dunia,B,1
Fri Oct 02 15:27:13 +0000 2020,0,apaka normal merasa bersalah makan,B,1
Fri Oct 04 13:38:47 +0000 2024,0,aw poor self control makan terus,B,1
Fri Oct 11 04:00:37 +0000 2024,3,fak binge eating banget,B,1
Fri Sep 06 04:28:56 +0000 2024,0,bulimia bagaimana dulu stres pengen muntahin makanan selalu,B,1
Fri Sep 06 17:24:35 +0000 2024,0,graaah balik binge eating,B,1
Mon Apr 01 03:29:39 +0000 2024,0,sebenernya makan mie seburuk sih masalahnya sekali makan trs²an berhenti mieee selalu jdi better gausah,B,1
Mon Apr 01 10:28:09 +0000 2024,0,lapar banget sumpah gemeter banget mana muntahin makanan semalam,B,1
Mon Apr 05 01:11:04 +0000 2021,2,pernah merasa bersalah makan mie instan,B,1
Mon Apr 10 02:14:54 +0000 2023,0,bukan avoid suka minum kena puasa petangmalam pergi klinik esok tangan kaki dah terketar lapar perut kosong masuk air gula manis terus rasa nak loya nak termuntah sangat lepastu nak pitam,B,1
Mon Apr 10 11:19:14 +0000 2023,0,muak banget rasanya muntahin makanan masuk,B,1
Mon Apr 10 11:47:29 +0000 2023,0,perut perih kerjaan cuma muntahin makanan doang,B,1
Mon Apr 10 16:05:30 +0000 2023,0,belakangan kacau parah antimo cutting muntahin makanan selalu belajar tidur belasan jam,B,1
Mon Apr 15 03:21:42 +0000 2024,1,menstrual cycle of mine binge eating mood swings physical ill masuk fase minggu dibilang tyfus observasi hari sembuh terus weekend alergi sebadan gatau alergen nya apa terus minum obat alergi bikin ngantuk tiap,B,1
Mon Apr 26 11:40:09 +0000 2021,2,nasi pertepungan tetep kenyang puas jelas dah membantu mengatasi craving parah makanan true hunger here i come good bye binge eating disorder [URL],B,1
Mon Aug 12 04:41:29 +0000 2024,0,the fox club cherry smp pertama kena bully makanya oplas terus pindah smpnya onyu sekarang masalah kesehatan kan suka muntahin makanan apa namanya bulimia apa anoreksia gitu,B,1
Mon Aug 12 18:15:22 +0000 2024,1,orang kalau stress biasanya binge eating binge watching panic buying panic posting kayak apa up up deh gajelas penting tersalurkan energinya,B,1
Mon Dec 04 13:52:42 +0000 2023,0,craving parah tgl brp si sekarang heu,B,1
Mon Dec 09 13:10:29 +0000 2024,0,randomlyga deng random memang sengaja search suka uji nyali liatin foto sesek uda rasa dijelasin bikin binge eating akhir,B,1
Mon Dec 23 17:49:25 +0000 2024,0,pengen muntahin makanan masuk perutku,B,1
Mon Dec 23 18:43:02 +0000 2024,0,abis muntahin makanan td siang,B,1
Mon Dec 30 07:17:29 +0000 2024,0,prnah wktu mau cut makanan sama minuman manis baru brp hari lemes mah engga kayak craving parah kayak kecanduan gt anjir wkwkwkkw akhirnya bli minuman manis,B,1
Mon Feb 03 01:59:54 +0000 2025,0,perut kenyang pengen ngemil terus kayanya mulai wo perut tebel banget,B,1
Mon Feb 03 11:54:03 +0000 2025,0,rumah makan sama ngemil terus ihhh takut berat badan naik huhu,D,1
Mon Feb 03 13:23:51 +0000 2025,0,pernah fase ngerasain suka benci nasi padang waktu ldks pas sma makan pagimalam disediain nasi padang bayangin makan naspad terus dipaksa habis muntahmuntah dipaksa bikin benci nasi padang tahun lebih,B,1
Mon Feb 03 16:06:46 +0000 2025,0,selalu lapar jam segini,B,1
Mon Feb 03 17:24:17 +0000 2025,0,selalu lapar jam segini,B,1
Mon Feb 03 21:58:05 +0000 2025,0,selalu lapar tiap bangun tidur,B,1
Mon Feb 05 06:31:08 +0000 2024,0,pengen makan seblak takut ngerasa bersalah makan,B,1
Mon Feb 10 07:23:37 +0000 2025,0,yejun be like jangan kurus terima kamu apa adanya mam banyak yaaa makan teratur suka bingeeating okee jun mana exercise,B,1
Mon Feb 10 12:42:14 +0000 2025,0,tadi ngemil terus,B,1
Mon Feb 10 13:35:05 +0000 2025,0,pengen ngemil terus padahal kekenyangan banget,B,1
Mon Feb 10 14:08:16 +0000 2025,1,rocesmut besar kemungkinannya massa otot kamu menyusut massa otot menyusut metabolisme tubuh bakal turun akibatnya tubuh jadi menyimpan lebih banyak lemak perlu merasa bersalah makan makanan tertentu misal mie kulit ayam kerupuk brownies bikin,B,1
Mon Feb 10 18:45:38 +0000 2025,0,sambal matahany food pake perbawangan irisannya kelihatan jelas trauma grgr pernah dipaksa makan bawang mentah waktu digodok organisasi dulu dipaksa buat telan gaboleh muntahin kalau muntah ntar dijejel mana perut i kosong waktu perih sakit banget ampun,None,0
Mon Feb 17 05:13:51 +0000 2025,1,highfunctioning depression tuh asli bikin gemuk soalnya capek terus interaksi dikit nguras energi ujungnya ngemil terus,B,1
Mon Feb 17 07:11:38 +0000 2025,0,kemaren kepengen ngemil terus ih,B,1
Mon Feb 17 11:50:56 +0000 2025,0,craving coklat parah bet mah moal heu,B,1
Mon Feb 17 12:20:47 +0000 2025,0,benci banget kalau ditemuin castaiea malemmalem begini diajakin makan kapan body goals nya semakin kalah jauh ama body wontil [URL],D,1
Mon Feb 17 13:41:27 +0000 2025,0,ngemil terus,B,1
Mon Feb 17 14:02:07 +0000 2025,1,ngemil terus nom nom [URL],B,1
Mon Feb 17 16:53:02 +0000 2025,0,siii selalu lapar jam segini,B,1
Mon Feb 24 12:46:47 +0000 2025,0,makan terus kepikiran bulan depan kuliah puasa langsung nafsu,B,1
Mon Feb 24 14:15:22 +0000 2025,0,i hate gerd muntahin makanan beli anjr,B,1
Mon Feb 24 15:37:09 +0000 2025,0,cita cita kurus ideal jadi idamanny mas mas fh kerjaanny makan semalem terus [URL],B,1
Mon Feb 24 17:51:46 +0000 2025,0,selalu lapar jam segini kocakkk pengen manis manis,B,1
Mon Feb 26 14:47:09 +0000 2024,0,bila i stress i makan malam then i stress sbb gemuk then i paksa diri muntah i dont think it should consider as bulimia as i dont to it often,B,1
Mon Jan 11 15:03:19 +0000 2021,1,makan endhog habis makan cokopai rasa bersalah makan td dimakannn hah,B,1
Mon Jan 13 16:01:15 +0000 2025,0,et dah knpsi selalu lapar jam segini,B,1
Mon Jan 20 15:06:41 +0000 2025,1,stress sbb hit plateu again pastu bila stress kena la binge eating ye pastu dh la plateu binge eating udahnye gemok la engko,B,1
Mon Jan 20 16:38:47 +0000 2025,7,yap jam segini selalu lapar,B,1
Mon Jan 22 11:44:18 +0000 2024,0,aslam kambuh smpe muntahin makanan makan barusan kaya banyak banget muntahnya smpe tenggorokan panas,B,1
Mon Jan 27 14:45:32 +0000 2025,0,jajan terus makan terus ngemil terus,B,1
Mon Jul 08 09:36:58 +0000 2024,16,minakad pernah insecure pernah namanya manusia biasa jadi admin penerbit cuma pengangguran hobinya jajan terus berat badan naik,B,1
Mon Jul 08 12:09:06 +0000 2024,0,td siang kan w makan emg ngurus kerjaan gt drmh terus w dikabarin estimasi dijam mlm w kaget banget ampe w muntahin makanan w kunyah w syok lah orang janjinya sblm jam sore untung jam clear semua anjg w blg libur prnh tenang aj,B,1
Mon Jul 08 15:26:46 +0000 2024,0,muntahin makanan perut yay nay,B,1
Mon Jul 15 07:42:13 +0000 2024,0,berhenti makan kue coklarnya dasel,B,1
Mon Jul 15 18:28:14 +0000 2024,1,god takut banget kalau gejala binge eating,B,1
Mon Jul 22 03:30:22 +0000 2024,0,mah ed kena gerd gara dulu hampir tiap hari muntahin makanan makan sehari sekali padahal aktivitas berat buat jadi atlet,B,1
Mon Jul 24 09:47:42 +0000 2023,0,hari craving parah banget semua pengen dimakan,B,1
Mon Jul 26 10:55:38 +0000 2021,0,gula craving nih memang parah banget deeehh tahan mau minum gulaaa kemarinan dah minum gula kebanyakan,B,1
Mon Jul 27 07:59:54 +0000 2020,0,merasa bersalah makan mie ayam,B,1
Mon Jul 31 16:18:03 +0000 2023,0,belakangan craving parah,B,1
Mon Jun 01 04:17:24 +0000 2020,1,merasa bersalah makan gorengan,B,1
Mon Jun 03 03:09:26 +0000 2024,0,tepat minggu tapering off nafsu makan terjun bebas turun drastis tidur craving gila sama binge eating dulu,B,1
Mon Jun 03 11:20:24 +0000 2024,207,oke kebiasaan jelek kedua terlalu sering makan snacknyemil kalau cemilannya kalori tinggigula tinggigaram tinggi kalau ultra processed food gizinya minimal banget resiko obesitas penyakit metabolik hipertensi peningkatan inflamasi tubuh,D,1
Mon Jun 03 13:57:05 +0000 2024,0,tmi jadi hari rumah sakit buat ketemu dokter gizi sekalian check up autoimmune wkwkwk ternyata kena binge eating disorder sekarang berusaha sembuh sama berusaha ngurangin gula sinting banget konsumsi gula nya,B,1
Mon Jun 24 06:47:23 +0000 2024,0,kucingku nih bulimia ka apa beli kibbles mahal kau makan pastu muntah balik eiii membazir,B,1
Mon Mar 11 13:26:06 +0000 2024,0,abis muntahin semua makanan makan hari skrng ngeliat semua makanan rasanya mual hehe,B,1
Mon Mar 17 16:49:08 +0000 2025,2,tadi makan tempat makan enak lama kudatengin sekarang inget jarang sana terakhir makan sana sefresh dulu langsung mualmuntah tadi mual,B,1
Mon Mar 17 16:59:04 +0000 2025,2,victheori instan kayak minum laxative dimuntahin pls a big no ngalamin recoverynya took years sekarang sering relapse malah sering sakit dont sacrifice makan tubuh ideal ituu terlalh kurus luruslurus kayak kakak ray contoh bagus,B,1
Mon Mar 17 22:06:02 +0000 2025,0,the hardest part for me is stress eating food has always been my biggest vice i quit smoking i very rarely drink but when i m stressed i want to binge eat nothing compares to stuffing my face in those times and i don t even know why it s like being physically,B,1
Mon Mar 18 13:51:25 +0000 2024,0,lapar banget pengen binge eating mie gacoan udang keju,B,1
Mon May 06 13:02:20 +0000 2024,0,kalau abis lihat auto merasa bersalah makan [URL],B,1
Mon Nov 04 19:26:37 +0000 2024,1,perut ulu ati enak bat berasa mau muntahin semua makanan ‍,B,1
Mon Nov 11 05:43:56 +0000 2024,0,kalau turutin rasa pengen muntah tiap makan bulimia kli,B,1
Mon Nov 25 12:27:27 +0000 2024,0,abis melakukan dosa besar dimaafkan binge eating,B,1
Mon Oct 02 16:29:58 +0000 2023,0,fasa muntah perut kosong takut nak makan sbb takut termuntah coz sis suka muntah badan rasa lemah je nih allaaaah penadddddd adakah perlu cuti esoook,B,1
Mon Oct 21 15:12:35 +0000 2024,0,jadi binge eating gini jirr aaaa yakali ak balik lgi eating disorder,B,1
Mon Oct 21 23:57:23 +0000 2024,2,najaeminly belajar mendisiplinkan diri sendiri kalau kamu tipe berhenti makan meskipun kenyang coba cek psikolog deh kemungkinan binge eating disorder,None,1
Mon Oct 28 12:47:06 +0000 2024,0,craving parah banget anjay,B,1
Mon Oct 28 17:04:37 +0000 2024,0,lapar tahan dingin nya kutub es tahan sama nya gurun pasir lapar nya tahan makan terus haus nya minta ampun buat nya guyonan indonesiabangga duniabahagia,None,0
Mon Oct 30 08:17:44 +0000 2023,0,merasa bersalah makan mie hft,B,1
Mon Sep 04 07:52:36 +0000 2023,0,overthinking kejam bahkan sama makanan jdi overthinking makanannya enak trus dimakan kira bantu ngurangin overthinking,B,1
Mon Sep 05 15:36:20 +0000 2022,0,merasa bersalah makan setengah potong terang bulan,B,1
Mon Sep 09 15:06:07 +0000 2024,0,butuh tutor muntahin makanan plis banget mau,B,1
Sat Apr 13 04:23:55 +0000 2024,0,merasa bersalah makan rendang tunjang sekaligus,B,1
Sat Aug 05 04:26:50 +0000 2023,0,makan apa yaa hari nasinya pengen enak merasa bersalah makan,B,1
Sat Aug 05 05:36:30 +0000 2023,0,makan terus mikirin makanan hukumnya apa [URL],B,1
Sat Aug 17 12:10:05 +0000 2024,1,bagaimana caranya melawan eating disorder rasanya pen makan terus huhu,B,1
Sat Aug 19 08:35:04 +0000 2023,0,tiap bulan craving sukiya parah betul,B,1
Sat Aug 31 12:43:21 +0000 2024,0,sumpah binge eating beneran benci banget anjir tiap stress begini,B,1
Sat Dec 02 12:58:06 +0000 2023,0,padahal porsinya dikit eh rasanya pen muntahin makanan baru beberapa menit habis dimakan sayang woi,B,1
Sat Dec 07 10:38:52 +0000 2024,0,kebiasaan jelek kalau stres binge eating,B,1
Sat Dec 21 14:53:31 +0000 2024,0,sebel banget jam setengah udjh makan terus jam segini lapar perut jangan bikin menderita takut gendut,D,1
Sat Dec 21 21:45:32 +0000 2024,0,sumpah pelik lately nih bila makan banyak ja mesti nak muntahkan balik bulimia nih,B,1
Sat Dec 28 03:49:30 +0000 2024,0,kayaknya guwe ngerokok deh ngemil terus,B,1
Sat Dec 28 09:55:48 +0000 2024,0,mami libur panjang otomatis rumah terus bersamaan craving parah makan aturan bingung sama diriku sendiri ditambah dimuwarahin sama mami makan terus mental breakdance craving,B,1
Sat Dec 28 14:19:36 +0000 2024,0,beneran makan selalu akhir takut gendut woy doakan beratku tetap chingus,D,1
Sat Feb 01 19:05:39 +0000 2025,0,selalu lapar jam segini aaa sih,B,1
Sat Feb 01 19:39:30 +0000 2025,1,selalu lapar tiap mau tidur,B,1
Sat Feb 10 12:46:18 +0000 2024,0,ditanya gmn caranya kok kurusan bulimia lag alias makan muntahinakan muntahin,B,1
Sat Feb 15 16:52:07 +0000 2025,1,yak tiap mau tidur selalu lapar,B,1
Sat Feb 17 12:49:19 +0000 2024,3,plis makan terus tengah makan kepikiran kuliah tbtb lgsg mood ngehabisin tuh makanan bjir yujiem,B,1
Sat Feb 22 03:24:31 +0000 2025,0,selalu lapar gapernah selaper,B,1
Sat Feb 22 16:26:05 +0000 2025,0,pengen ngemil terus sampek enek perut mulut pengen ngunyah terus,B,1
Sat Feb 27 10:32:04 +0000 2021,0,rasa bersalah makan hampir box pizza sendirian [URL],B,1
Sat Jan 11 02:39:24 +0000 2020,0,selalu merasa bersalah makan mie,B,1
Sat Jan 11 17:08:31 +0000 2025,0,selalu lapar abis mandi,B,1
Sat Jan 20 11:57:10 +0000 2024,0,random banget soalnya baru kejadian terus kepikiran kan makan terus kucing rewel banget cerewet minta makan pdhl depan makanan sendiri kepikiran besok jadi ibu makan terus rewel keadaan suami kerja aaaakkkkk,None,0
Sat Jan 20 14:27:40 +0000 2024,0,hari craving gula parah,B,1
Sat Jan 20 17:03:56 +0000 2024,0,ak habis binge eating makan ppang shihlin ramune golden lamian waffle sama nasi hainan berdua sama adek tetep sedih,B,1
Sat Jan 25 03:12:25 +0000 2025,2,tw puke jorok muntah akhir² bulimia makin parah tiap abis makan malem selalu dikeluarin stress banget sumpah sebelomnya cuma tiap makan makanan jorok sekarang meski clean food tetep pengin keluarin pusing gigi tipis stop dong tolol,B,1
Sat Jan 25 14:07:59 +0000 2025,0,gasuka banget dipaksa makan kenyang sumpah lapar makan anjrit maksain makan pas perut penuh muntah trus dibilang engga jaga makan jaga kesehatan jadi kucing apa salah trus,O,1
Sat Jan 25 14:51:48 +0000 2025,0,stress languange kalau muntahin makanan gatel tdr seharian paling nyiksa gatel sih,B,1
Sat Jan 25 16:40:30 +0000 2025,0,kebiasaan banget jam segini selalu lapar,B,1
Sat Jan 25 18:00:40 +0000 2025,0,tiap tengah malem selalu lapar,B,1
Sat Jul 20 00:32:41 +0000 2024,0,blajar dr edtwt cra muntahin makanan,B,1
Sat Jun 08 08:21:08 +0000 2024,0,ternyata binge eating disorder‍↔️,B,1
Sat Jun 10 14:25:11 +0000 2023,0,otakku mulai toxic soalnya ak kepikiran muntahin makanan terus,B,1
Sat Jun 15 21:11:52 +0000 2024,0,nyesel banget tadi nongki terus makan dimsum biji memang terakhir makan jam an siang kemarin sekarang saur makan dikit mau muntah kekenyangan wkwk,B,1
Sat Jun 29 15:08:33 +0000 2024,0,pernah sangka sebelumnya problem binge eating semoga selesai kemampuan lambung menurun makan banyak asam lambung naik,B,1
Sat Mar 01 12:08:57 +0000 2025,2,capek banget punya eating disorder mau makan seenak apapun mesti muntah,B,1
Sat Mar 09 13:22:32 +0000 2024,0,cuma mau makan makanan masak cuma mau nelen makanan lu tau bagaimana rasanya mau makan tenggorokan mau buka ruanganu tau rasanya muntahin semua makanan stress depresi,B,1
Sat Mar 15 10:06:53 +0000 2025,0,dititik cape sama semuanya gabisa nelen makan mau bediri cape duduk lama cape makan dikit muntah badan lemes muntah kuning susah tidur mau jalan dikit cape jalan jenuh gapernah se trauma cara mengekspresikannya cuma nangis,B,1
Sat Mar 15 15:57:33 +0000 2025,0,sedang menerapkan mau merasa bersalah makan minum kutimbulkan merasa bersalah makan minum terjadi efek tubuhku misal jerawat yowisss wong salahku dewe,B,1
Sat Mar 15 18:03:34 +0000 2025,4,tanyakanrl dulu berat badan males banget makan terus kena maag akut dicekokin jamu kunyit campur telor ayam kampung mentah tiap hari sama mama sekarang berat badan an gampang naik suka makan mau kurus susah banget,D,1
Sat Mar 23 08:42:56 +0000 2024,0,tutor muntahin makanan selalu gmn y,B,1
Sat Mar 23 11:51:10 +0000 2024,0,muntahin makanan makan,B,1
Sat Mar 23 12:27:15 +0000 2024,33,porsi nasi rasa bersalah makan cookie kalori segede gaban [URL],B,1
Sat Mar 23 14:07:47 +0000 2024,1,seharian makan sekali makan nemu telur lalat auto muntahin semua sekarang pergi cari makanan baru,B,1
Sat Mar 30 11:54:22 +0000 2024,0,ngeliat video makan hampir muntahin makanan,B,1
Sat Mar 30 16:18:52 +0000 2024,0,biarin mah dipaksain malah jadi muntahin makanan dosa sih suka makanan tertentu,B,1
Sat Mar 30 18:08:09 +0000 2024,0,masalahnya kadang kalau dipaksa makan malah dimuntahin semua lt jadi mending pisahin awal muntahin semua makanan dimakan lt,B,1
Sat May 11 15:13:07 +0000 2024,1,cara megang garpu sama pisaunya berantakan awal ngerasa enak dilanjutin muka pucet muntahin makanan tetep dilanjutin konten kan nanya pelayannya kalau misal rasanya aneh,None,0
Sat May 18 11:50:05 +0000 2024,0,merasa bersalah makan mie micin kmrn,B,1
Sat May 25 12:19:41 +0000 2024,0,stop muntahin makanan lu blom makan apapun kemaren siang may,B,1
Sat May 25 20:04:53 +0000 2024,0,lu prnh g sih habis makan pgn muntahin makanan lu,B,1
Sat Nov 02 13:53:23 +0000 2019,0,w tuh sering banget feel guilty abis makan diatas jam wkwkwk endingnya perut enak kepikiran terus berakibatkan kalau w muntah besoknya perut maagh jelas aneh banget memang,B,1
Sat Nov 09 09:51:06 +0000 2024,0,pengen ngemil terus,B,1
Sat Nov 09 10:45:12 +0000 2024,0,baru tau ternyata kebiasaan muntahin makanan termasuk eating disorders mental illness,B,1
Sat Nov 16 15:31:17 +0000 2024,0,ngerasa bersalah makan mie,B,1
Sat Nov 16 16:30:37 +0000 2024,0,apa stop muntahin makanan,B,1
Sat Nov 23 11:28:29 +0000 2024,0,hafizhaanisa berarti gapapa makan ikan goreng abisnya suka ngerasa bersalah makan kembung goreng,B,1
Sat Nov 24 07:05:58 +0000 2018,0,rasa bersalah makan keping biskut marie hmm hi diet perjuangan selesai kan,B,1
Sat Nov 30 13:11:06 +0000 2024,0,kalian kalau stress jadi makan apa jadi bingeeating,B,1
Sat Oct 05 16:43:10 +0000 2024,6,deh binge eating enak banget perut,B,1
Sat Oct 12 12:15:01 +0000 2024,0,hari binge eating anjir anjir anjir im going to kms,B,1
Sat Oct 14 12:33:52 +0000 2023,0,mekidi boikot lah baru pulang mekdi anjritttt apa muntahin makanan makan,B,1
Sat Oct 16 12:10:54 +0000 2021,0,kalau ditanya kok semua luar kendali tiap habis makan mau banyak mau sedikit mau cukup rasanya mual sakit kepala baru perasaan ngerasa enakan dimuntahin jadi tiap kemanapun dicari selalu toilet capek,B,1
Sat Oct 19 15:18:29 +0000 2024,0,punya eating disorder tega buang makanan beneran rakus terlalu cepet habis makan terus nyesel terus diulang dulu makanan apapun makan,B,1
Sat Oct 28 06:38:45 +0000 2023,0,p ingfo makanan penghilang overthinking,B,1
Sat Oct 28 14:45:31 +0000 2023,0,merasa bersalah makan beberapa potong terangbulan,B,1
Sat Sep 07 16:11:11 +0000 2024,0,berhenti makan coklat aaaaa bungkus silverqueen,B,1
Sat Sep 28 15:04:26 +0000 2024,0,hari hari nahan nangis kalau mau makan berakhir binge eating,B,1
Sat Sep 30 04:22:08 +0000 2023,0,bener bener berhenti makan sama minum manis plss,B,1
Sun Apr 09 19:07:32 +0000 2023,3,cara buat ngilangin trauma gmn y kalau ketrigger feeling lonely sll bsa tdr jadi muntahin semua makanan,B,1
Sun Apr 14 16:16:02 +0000 2024,1,harini makan pergi muntahkan balik sbb kenyang sangat nak jalan larat rasa nak meletup perut orang kat toilet tadi mesti ingat bulimia sbb tengok je time cuci tangan,B,1
Sun Apr 16 05:23:12 +0000 2023,6,auraf renhyucknikah tangkira bukan editan dituduh muntahin makanan nya sama bantah dulu video rekaman asli nya selalu delete sekarang pernah delete kasih bukti kalau pernah muntahin makanan cmiiw,None,0
Sun Aug 01 10:11:00 +0000 2021,0,gula craving parah beneran ngemut gula,B,1
Sun Aug 06 15:40:40 +0000 2023,0,terpantau kebiasaan muntahin makanan mulai,B,1
Sun Aug 18 20:29:10 +0000 2024,5,binge eating is a serious disorder wese ye ese har waqt gaye ki trah jugali achi baat nih,B,1
Sun Aug 27 20:23:00 +0000 2023,0,terbiasa lapar order makanan jam segini capek overthinking,B,1
Sun Dec 08 15:01:43 +0000 2024,0,kalau selalu merasa bersalah tiap abis makan keinginan buat muntahin tuh termasuk eating disorder,B,1
Sun Dec 29 12:22:18 +0000 2024,8,jends beberapa hari nafsu makan lapar banget pas makanan depan mata malah kepikiran muntah terus pernah ngerasain gini gaa,B,1
Sun Dec 31 17:28:18 +0000 2023,0,penderita asam lambung habis makan ramen punya selfcontrol malah pake chili powder kebanyakan akhirnya apa yak muntah muntah tengah malem pergantian tahun gini,B,1
Sun Feb 02 03:36:19 +0000 2025,0,kayanya gendut engganya tergantung dr prasangka sendiri deh kmrn stress binge eating kaya babi terus mikir badan gemuk banget bloating pas pake kaos crop ternyata badan slim,B,1
Sun Feb 02 04:33:25 +0000 2025,0,bjir lah pengen ngemil terus,B,1
Sun Feb 02 06:43:11 +0000 2025,0,makan banyak banget kan kemarin terus bingung kok tetep berat eh lupa kan bulimia wkwkwkwk makan banyak muntahin,B,1
Sun Feb 02 10:46:47 +0000 2025,0,selalu lapar jam segini,B,1
Sun Feb 02 10:50:19 +0000 2025,1,ngemil terus otw lemu,B,1
Sun Feb 02 14:19:13 +0000 2025,0,god knows how im doing my best buat muntahin makanan pas makan,B,1
Sun Feb 02 17:49:25 +0000 2025,0,tbtb keingetan saking aing kalau cinta sama orang rela makan duren dipaksa yaudah kalau kamu gamau makan brarti tandanya gasayang pas nyampe rumah aing muntah² wkwk,B,1
Sun Feb 09 03:19:07 +0000 2025,10,tebak siapa kurusan howeee ternyata memang bener stress lebih ampuh nurunin berat badan wkwkwk sebenarnya bakal ngira bakal binge eating stress ternyata enggak hwhwhw yaaa kurus banget kok jadi aman cuma memang collarbone jadi keliatan,B,1
Sun Feb 09 13:38:21 +0000 2025,0,haduuh selalu lapar jam segini si,B,1
Sun Feb 16 07:22:12 +0000 2025,0,begah banget makan ngemil terus tadi,B,1
Sun Feb 16 11:53:56 +0000 2025,0,binge eating hari wow,B,1
Sun Feb 16 21:55:30 +0000 2025,1,hawane pingin ngemil terus,B,1
Sun Feb 23 01:10:26 +0000 2025,0,smg selalu lapar meskipun makan banyak,B,1
Sun Feb 23 09:49:32 +0000 2025,0,padahal abis makan lapar gitu pengen ngemil terus mulutnya,B,1
Sun Jan 03 14:27:34 +0000 2021,0,sedikit ngerasa bersalah makan bakpia kukus,B,1
Sun Jan 05 15:31:57 +0000 2025,0,please ilangin rasa bersalah makan mang anjing tai nih perut,B,1
Sun Jan 12 13:34:46 +0000 2025,0,lapar selalu ih pengen ngemil terus,B,1
Sun Jan 12 17:27:59 +0000 2025,0,lepas rokok mulut maunya ngemil terus eh bener pas nimbang naik kilogram wkwk,B,1
Sun Jan 19 04:31:16 +0000 2025,0,bagaimana naik jam sekali makan selalu ngemil terus,B,1
Sun Jan 19 11:37:26 +0000 2025,0,semenjak skripsian kepikiran makan terus,B,1
Sun Jan 19 19:20:24 +0000 2025,0,wajar banget lah buat lu balesan lu bilang keturunan suka makanan manis gabisa minum manis yaaa sangat wajar buat lu baru tahun kena diabet makan terus manis paling tetiba cuci darah kena keginjal,None,0
Sun Jan 26 02:16:23 +0000 2025,1,anj kalau w disitu w muntahin makanan,B,1
Sun Jan 26 09:37:56 +0000 2025,1182,cewek hobinya pengen kurus body goals ngegym also cewek makan seblak mie ayam dimsum [URL],D,1
Sun Jan 26 12:31:12 +0000 2025,0,lapar banget kenaoa selalu lapar,B,1
Sun Jan 26 17:31:33 +0000 2025,0,lapar terus pengen ngemil terus nih mulut,B,1
Sun Jul 14 03:25:28 +0000 2024,0,berhenti makan donat gula,B,1
Sun Jul 14 03:46:45 +0000 2024,0,tictac tuh beneran serunya berhenti pgn makan terus an,B,1
Sun Jul 14 08:43:37 +0000 2024,0,banget berhenti makan manis manis,B,1
Sun Jul 21 09:02:54 +0000 2024,0,temen muslim pake hijab makan m depan cuma ngingetin doang gabisa bilang muntahin makanan lo pro zio benci sama lo cuma bilang istighfar lu kan masuk list kalau jawaban sesuai mau lo yaudah pilihan,B,1
Sun Jul 30 11:11:38 +0000 2023,3,allah moga segera [URL] kaka sakit muntah terus demam mau makan hari inikmarin abis dimarahi gara jajan es sembarangan mainnya jauhfeels guilty syafakallah nak [URL],B,1
Sun Jun 04 17:22:25 +0000 2023,0,beneran muntahin makanan seharian wkwkw,B,1
Sun Jun 23 05:54:13 +0000 2024,0,pernah seminggu cuma makan dikit dikit tapo weekend langsung binge eating,B,1
Sun Mar 10 00:27:23 +0000 2024,348,binge eating is something i almost always deal with after restricting for a long time it makes almost everything i worked hard for go away in a split second and it s exhausting but i ve learned some tipsamptricks to prevent it overtime,B,1
Sun Mar 10 14:17:41 +0000 2024,0,nih berhenti makan coklat candu banget,B,1
Sun Mar 12 13:47:23 +0000 2023,0,mual dah mau muntah bukan garagara makanan sakit kebanyakan overthinking tolol kan,B,1
Sun Mar 16 19:40:56 +0000 2025,4,fxmario aneh banget kepengen makan roti disuruh makan bayam pengen makan fries disuruh makan wortel bagaimana orang kagak makin binge eating sih maemunahhhhh grrr emosi liatnya,B,1
Sun Mar 17 11:17:26 +0000 2024,0,fak masuk fase mulai binge eating hari buka puasa makan banyak puol sama sekali gaada rasa kenyang puas allah,B,1
Sun Mar 17 11:51:19 +0000 2024,0,baru buka pake kolek sayap ayam tahu tiga pake sambel ijo lihat akun lewat rasanya mau muntahin semua makanan saur,B,1
Sun Mar 24 11:20:33 +0000 2024,0,berhenti makan tahu petis huaaa,B,1
Sun Mar 24 15:22:38 +0000 2024,0,stop muntahin makanan tiap abis makan,B,1
Sun Mar 31 09:33:36 +0000 2024,0,lu prnah makan tbtb mood kalau dipaksain rasanya mau muntah terus malah nangis feeling guilty ngabisin makanan,B,1
Sun Mar 31 10:53:21 +0000 2024,0,berhenti makan nastar help,B,1
Sun Mar 31 12:45:16 +0000 2024,0,muntahin makanan piring terus diliat orang masak,B,1
Sun Mar 31 18:16:53 +0000 2024,1,no more kila muntahin semua makanan selesai makan️,B,1
Sun May 12 03:41:02 +0000 2024,0,saking capenya hari ngangkut air perutku mual terus tau kemaren abis makan tuh bawaannya mau muntahin makanan masuk perut,B,1
Sun May 12 14:16:18 +0000 2024,0,pengen ngilang dr sosmed ampe awal januari hidup mulai kerasa gaenak nya alias tiap stres bawaanya pengen makan manis terus gula craving parah,B,1
Sun Nov 03 15:35:33 +0000 2024,0,stop muntahin makanan selalu,B,1
Sun Nov 10 23:59:47 +0000 2024,0,bjirr bangun tidur langsung mual muntahin makanan semalem hamil anak sapeeee,None,0
Sun Nov 17 10:45:15 +0000 2024,0,muntahin makanan kasih diam,B,1
Sun Nov 24 02:10:08 +0000 2024,2,sama sung binge eating bedanya makan kentang goreng dimsum nasi padang kopi susu opera cake ditutup nasi goreng kamu makan dessert doang pamer,B,1
Sun Oct 01 11:59:12 +0000 2023,0,apa tadi makan mie ayam kost pas awal makan enak² ku aduk² apa² pas sisa dikit malah banyak belatung weh sempet ngefoto ngevideoin soalnya syok jadi langsung ku buang terus maksa buat muntahin tuh makanan,None,0
Sun Oct 01 15:37:58 +0000 2023,0,kerjaannya muntahin makanan kalau abis makan,B,1
Sun Oct 20 09:00:01 +0000 2024,0,ed eating disorder papa mun nya muntahmuntah dn mau makan penting sixpek,B,1
Sun Oct 27 13:18:55 +0000 2024,0,update paginya telat jaga igd meng igd kan diri sendiri dulu alias tengah presentasi referat muntahin semua makanan hari kata bukan ed twt anoreksia bukan jir auk ah ngadu dokternya,B,1
Sun Oct 29 12:38:24 +0000 2023,0,merasa bersalah makan piring nasi goreng ditambah setengah bungkus biskuit roma gelas es teh manis diatas jam malam,B,1
Sun Sep 01 12:53:25 +0000 2024,0,terjebak diantara binge eating bulimia workout binge eating bulimia fisikku baikbaik pikiranku butuh istirahat tiap malam insomnia pengen istirahat butuh support butuh pelukan pelukan ibu bapak cuma diam,B,1
Sun Sep 22 17:15:10 +0000 2024,0,kadang mikir lapar banget lalu sadar binge eating belom makan bener hari,B,1
Sun Sep 29 14:21:32 +0000 2024,0,bete dikit langsung beli makan terus sekarang nyesel,B,1
Thu Apr 04 15:03:25 +0000 2024,0,pertama kali muntah beberapa menit makan berasa jadi kaya bulimia nervosa anjir sumpah isi perutku keluar semua langsung ngerasa kosong,B,1
Thu Apr 06 22:24:43 +0000 2023,0,bisabisanya muntahin makanan sahur pas menit azan subuh tt,B,1
Thu Apr 13 01:00:00 +0000 2023,0,minggu kemaren fase pengen muntahin makanan makan dikit minggu fase mau binge hadeh,B,1
Thu Apr 18 03:50:06 +0000 2024,0,binge eating pas makanannya pengen makan istighfar,B,1
Thu Apr 18 09:45:30 +0000 2024,0,cara orang nanggepin stress memang beda beda milih buat jalan jalan milih buat nongkrong sama temen milih buat cari pelarian makanan nah ternyata orang pelariannya makanan rentan kena binge eating disorder loh,None,0
Thu Apr 25 12:43:36 +0000 2024,1,bulimia ku makin parah bremgsek minum air pengen ku muntahin bremgsek bajingan,B,1
Thu Aug 15 20:42:04 +0000 2024,0,kalau stress binge eating kalau sekali stress mogok makan tandanya tertolong ygy yk,B,1
Thu Dec 12 05:41:08 +0000 2024,0,semester turun kilogram padahal kalau stress binge eating gila,B,1
Thu Dec 19 10:25:15 +0000 2024,0,suka stress binge eating c,B,1
Thu Dec 31 15:14:27 +0000 2020,0,hari cheating day merasa bersalah makan bnyak maafkan aq badanku [URL],B,1
Thu Feb 01 12:43:36 +0000 2024,8,jangan muntahin makanan kamu makan baby melukai kerongkongan efek jangka panjangnya kena penyakit bulimia malah anoreksia toloooong sakit banget bayanginnya bilangin nunew makan apa mau,B,1
Thu Feb 06 10:40:50 +0000 2025,4,gamau berat badan naik ngemil terus,B,1
Thu Feb 06 15:19:01 +0000 2025,0,jam segini selalu lapar plisss,B,1
Thu Feb 06 18:24:32 +0000 2025,0,jam segini kebiasaan banget selalu lapar,B,1
Thu Feb 13 03:59:22 +0000 2025,3,time keeper ngemil terus [URL],B,1
Thu Feb 13 09:11:27 +0000 2025,1,gini kalau rumah selalu ngemil terus [URL],B,1
Thu Feb 20 06:40:33 +0000 2025,0,nyesel makan mie bjir apalah niat diet,B,1
Thu Feb 20 06:48:36 +0000 2025,88,padahal lapar coba nahan makan tpi selalu pengen makannn ihhh kalau video makanan lewat tuh nafsu nya tuh gilaan banget dah,B,1
Thu Feb 20 10:01:06 +0000 2025,266,sedang fase makan asam lambung makan dikit kenyang makan banyak muntah,B,1
Thu Feb 20 14:45:46 +0000 2025,1,tmi kan kalau stres larinya makanan pengen manis ganti buah buah available rumah cuman pepaya akhirnya makanlah pepaya buah beratnya keknya setengah kilo turns out pepaya laxative gaada nyegah binge eating pepaya,B,1
Thu Feb 20 15:49:43 +0000 2025,1,jam segini selalu lapar bjirr,B,1
Thu Feb 20 16:07:37 +0000 2025,0,siapa tiap jam segini selalu lapar gweh,B,1
Thu Feb 27 02:44:12 +0000 2025,2,kalau makan jam jam sore menuju malam tuh udahannya suka nyesel soalnya kenyangggg banget mau muntah kalau makan tengah malem lapar banget,B,1
Thu Feb 27 06:20:05 +0000 2025,0,pengen kurus maunya makan terus,B,1
Thu Feb 29 11:41:21 +0000 2024,4,nih sedih mulalah nak binge eating,B,1
Thu Jan 02 11:00:27 +0000 2025,0,hi kasih ak ide jajan apa shopee duit selama liburan lari makanan menderita insecure sama berat badan jajan oon [URL],B,1
Thu Jan 09 11:11:57 +0000 2025,0,kacian cekali acakadut ngeong minta makan tega muntahin makanan terus,B,1
Thu Jan 16 09:44:49 +0000 2025,0,februari kilogram kannnnnnnnnn nih mau bikin baju buat nikahan sepupu ayo jangan ngemil terus,B,1
Thu Jan 23 06:00:54 +0000 2025,0,tiap suka sama suatu makanan mau dimakan terus kaya dimakan terus enek baru gamau dimakan,B,1
Thu Jan 23 12:35:34 +0000 2025,0,gasih ngemil terus gausah gundud,B,1
Thu Jan 23 16:13:15 +0000 2025,0,muntahin makanan efektif banget buat nurunin berat badan abis perut tadinya penuh sma makanan air jdi lgsg kosong muntah jdi inget drakor gangnam beauty karakter cwe antagonisnya muntahin makanan jaga berat badannya terus kalau gasalah idol korea gt,B,1
Thu Jan 23 21:44:34 +0000 2025,0,lapar kalau makan takut mual terus muntah padahal gaada gejala anoreksia ato bulimia,B,1
Thu Jan 30 00:28:50 +0000 2025,0,pagi pagi muntahin makanan semalem gara gara aslam perut rasanya plong naik asamnya kuat puasa,B,1
Thu Jan 30 11:28:49 +0000 2025,5,fikir penulisan perlu deadline realistik contohnya perlu siapkan buku tambah montel botak asal stress je binge eating rambut gugur buhuhu,B,1
Thu Jan 30 13:59:58 +0000 2025,0,bagaimana sih caranya ngemil terus berat banget bree,B,1
Thu Jan 30 15:27:40 +0000 2025,1,selalu lapar jam segini sih pr banget ugh,B,1
Thu Jul 11 05:28:31 +0000 2024,0,well stresnya kali binge eating,B,1
Thu Jul 18 03:23:37 +0000 2024,0,dapet kabar mbah jawa meninggal alasan kuatnya berawal kepikiran gamau makan terus nyerang lambung [URL],B,1
Thu Jun 13 09:07:01 +0000 2024,0,menyadari bentuk depresi bukan orang ngurung diri kamar nangis terus gamau makan but ketawa terus happy terus duluanin perasaan orang binge eating bentuk depresi,B,1
Thu Jun 22 16:33:28 +0000 2023,0,macam bulimia bukan sakit ye muntah muntah camni,B,1
Thu Jun 25 02:51:39 +0000 2020,0,selalu merasa bersalah makan,B,1
Thu Jun 29 14:31:23 +0000 2023,0,sekarang gamau makan aromanya sedap gamau makan bahkan kepikiran mau muntah tiap kali makan makin kurus kalau makan banyak dikomentarin,B,1
Thu Mar 07 03:25:42 +0000 2024,14,fak rasa nak binge eating,B,1
Thu Mar 16 23:17:20 +0000 2023,0,bagaimana menghilangkan rasa bersalah makan mie goreng nasi jam pagiiii,B,1
Thu Mar 20 18:21:57 +0000 2025,0,nahan diri makan pedes hampir sebulan jaga pola makan muntah wtf is wrong with me,B,1
Thu Mar 21 10:25:33 +0000 2024,0,berhenti makan udangggg,B,1
Thu May 09 02:41:21 +0000 2024,14,nyesel ngesave nomer mixue deket rumah tiap hari jadi pgn makan eskrim terus,B,1
Thu May 16 16:42:05 +0000 2024,0,harihari mual perut kosong kalau mual kekenyangan kadang sadar kalau makanannya enak suka maksain makan terus sosoan perut kuli padahal sekuli dulu,B,1
Thu May 23 07:37:08 +0000 2024,2,binge eating nasi warteg nasi mentai indomie telor sosis for today s brunch stres banget lihat leaks,B,1
Thu May 27 21:23:38 +0000 2021,0,cara merasa bersalah makan,B,1
Thu Nov 07 13:11:04 +0000 2024,0,kalau kehidupan selanjutnya beneran berharap banget nyokap bokap ketemu berharap buat lahir berharap banget buat keluarga gaada jangan pernah capek banget nangis makan terus selalu kepikiran buat suicide tiap harinya,B,1
Thu Nov 14 10:46:40 +0000 2024,0,acane la nak kurus stress je rasa nak binge eating,B,1
Thu Nov 21 15:44:49 +0000 2024,2,bahkan binge eating anjg,B,1
Thu Nov 21 16:14:27 +0000 2024,0,kalau stress either binge eating makan sama sekali,B,1
Thu Nov 21 18:47:49 +0000 2024,1,binge eating cok kotu cooook,B,1
Thu Nov 23 12:06:40 +0000 2023,0,semoga penyakit skip makan berujung pusing terus nyesel sendiri cepet sembuh,B,1
Thu Oct 05 04:38:51 +0000 2023,0,benci banget kalau kerja begadang siangnya craving gula parah banget argh,B,1
Thu Oct 24 16:39:53 +0000 2024,1,perut rasanya lapar terus ngerasa bersalah makan,B,1
Thu Oct 31 10:21:27 +0000 2024,0,am i doing something a dumb today ky salah perut maunya muntahin makanan muluuu,B,1
Thu Oct 31 13:26:38 +0000 2024,0,pgn muntahin makanan banget rasanya,B,1
Thu Oct 31 16:42:23 +0000 2024,2,salah nih kalau abis makan manis jadi craving laperan parah,B,1
Thu Oct 31 17:26:02 +0000 2024,0,minggu gamakan diatas jam malem but malem craving parah akhirnya drpd bikin mie makan nasi untung ayam geprek,B,1
Thu Sep 05 10:53:08 +0000 2024,0,mood craving pms parah bgttt mana pup lancar gede banget nih perut,B,1
Thu Sep 12 06:09:12 +0000 2024,0,bila stop makan malam so next day tgh hari auto pecah peluh nak muntah then rasa nak demam,B,1
Thu Sep 28 15:23:45 +0000 2023,0,bagaimana nahan nafsu sih berhenti makan‍,B,1
Tue Aug 06 07:49:42 +0000 2024,0,hari binge eating atleast agustus huek,B,1
Tue Aug 06 19:05:26 +0000 2024,0,singkat padat binge eating,B,1
Tue Aug 08 03:54:04 +0000 2023,0,craving parah anjir,B,1
Tue Aug 13 13:09:58 +0000 2024,0,seharian mual hari langsung binge eating tandanya apa,B,1
Tue Dec 05 06:52:29 +0000 2023,1,pengen muntahin semua makanan habis makan selama tujuh hari belakang,B,1
Tue Dec 17 08:30:28 +0000 2024,0,njit hari binge eating,B,1
Tue Dec 20 05:49:13 +0000 2022,0,merasa bersalah makan nasi padang sebungkus,B,1
Tue Dec 24 03:55:06 +0000 2024,2,resolusi tahun makan lebih pelan binge eating tiap trigger food jangkauan konsisten menu workoutnya tahun konsisten weightlifting achieved sekarang perlu perbaiki caraku makan,B,1
Tue Dec 24 09:10:05 +0000 2024,1,resolusinya kan jadi sisa tahun mau binge eating mampus and went ape shit,B,1
Tue Dec 24 12:08:20 +0000 2024,0,baru merasa bersalah pengen diet makan hokben porsi,B,1
Tue Dec 31 01:20:26 +0000 2024,0,jejeasp overthinking makanan hari,B,1
Tue Dec 31 02:46:58 +0000 2024,0,mnding binge eating herb lemon chicken ekor bersosialisasi,B,1
Tue Dec 31 05:12:38 +0000 2024,14,kuat kepikiran terus pengen makan gacoan [URL],B,1
Tue Feb 04 08:16:41 +0000 2025,0,momomeowclub slow feeder custom minta linknya kak pengen lihat mana tau cocok hiko gampang muntah makan kecepetan sekarang jarang muntah makannya dijagain dicolek diingetin makan pelanpelan,None,0
Tue Feb 04 15:44:11 +0000 2025,0,jam segini selalu lapar dah,B,1
Tue Feb 11 09:49:41 +0000 2025,0,muak banget jadi picky eater ajg mau dipaksa makan muntah,B,1
Tue Feb 11 13:35:50 +0000 2025,0,lapar samsek dri pagi maunya ngemil terus,B,1
Tue Feb 11 19:51:02 +0000 2025,0,paling males tiap jam segini selalu lapar,B,1
Tue Feb 11 23:51:16 +0000 2025,0,sekarang entah tiba tiba makan makanan tertentu minuman manis terus makanan bertepung tiap kali minummakan suka nyesel khawatir padahal alergipenyakit apa apa apa garagara konten bu dokter jadi pengen banyakin real food,B,1
Tue Feb 18 11:02:19 +0000 2025,0,ngemil coklat terus njir disini citacita kurus hobi ngemil,B,1
Tue Feb 18 11:26:48 +0000 2020,0,merasa bersalah makan nasi padang,B,1
Tue Feb 18 13:09:19 +0000 2025,0,tahap makan coklat seabrek takut gendut takutnya stresssssss ajg,B,1
Tue Feb 18 14:50:29 +0000 2025,0,selalu lapar jam segini sih bngsstttt,B,1
Tue Feb 18 18:58:52 +0000 2025,1,asli kalau lapar selalu malem malem [URL],B,1
Tue Feb 21 15:04:38 +0000 2023,0,stop muntahin makanan,B,1
Tue Feb 25 04:55:23 +0000 2025,0,habis makan jadi pengen muntahin makanan perut,B,1
Tue Feb 25 10:17:20 +0000 2025,0,kebiasaan jir abis makan pengen muntah terus nyesel makan,B,1
Tue Feb 25 13:35:20 +0000 2025,0,target ramadhan turun kilogram ‍️‍️‍️ bro cukup binge eating,B,1
Tue Feb 25 14:57:53 +0000 2025,0,selalu lapar tengah malam,B,1
Tue Jan 07 13:16:58 +0000 2025,0,makan apa yah makan apa bawaannya mau muntah terus do my eating disorder kicking again,B,1
Tue Jan 07 13:48:36 +0000 2025,2,gwe kalau zaman sekolah program beginian dijulidin sama guru sering muntahin makanan gwe makan,B,1
Tue Jan 14 13:05:31 +0000 2025,0,cara muntahin makanan masuk perut bagaimana,B,1
Tue Jan 21 14:24:02 +0000 2025,1,bayangin lu abis binge eating week bner bkin gendut besok lu mau maksi mie instant lu inget janjian sama tmnlu sblm cabut ️,B,1
Tue Jan 21 14:48:27 +0000 2025,0,libur semester jarang makan ngemil terus,B,1
Tue Jan 21 15:57:55 +0000 2025,3,tw jijik dongo minum air galonku ku tinggal bulan kos lihat airnya bersih apa engga dalemnya serangga pantes rasa airnya manis bau semut i cant identify serangga apa skrng mau muntahin semua makanan ku,None,0
Tue Jan 21 18:40:58 +0000 2025,0,yh selalu lapar craving makanan malem malem pdhl makan malem,B,1
Tue Jan 23 11:42:19 +0000 2024,0,pikiran kosong penuh perut langsung ngerasa bersalah makan rasanya mual kalau keinget abis makan an kotor,B,1
Tue Jan 23 12:08:02 +0000 2024,0,orang kalau stress jadi nafsu makan kok malah pengen muntahin makanan ku makan,B,1
Tue Jul 09 06:51:51 +0000 2024,0,suer sensitif asam lambung memikirkan segala nya padahal penting usah baper segini nya muntahin makanan dimakan tuh allah dahlah jujur jgn senggol mode senggol dikit nanang ismail,B,1
Tue Jul 09 13:01:38 +0000 2024,1,hari makan banyak banget perut begah pol berasa pengen muntahin semua makanan inii,B,1
Tue Jul 09 17:05:10 +0000 2024,0,pengen deh kalau stress jadi makan lebih sikit jadi keliatan bener menderita malah binge eating bikin badan makin subur dikira makin happy hidupnya kaya pasutri baru,B,1
Tue Jul 11 23:58:13 +0000 2023,0,merasa bersalah makan ikan kakatua huhu,B,1
Tue Jul 16 03:49:24 +0000 2024,0,mati iya masuk bakal kumuntahin as long as menghina makanannya ngerepotin orang yauda ku mending makan drpd muntahin makanan,B,1
Tue Jul 16 04:13:31 +0000 2024,13901,eh padahal banyak loh dokter anak ngingetin dewasa muntahin makanan doyan bukan alergi berarti masalah sensorinya baiknya merasa khawatir kondisi,B,1
Tue Jul 16 04:49:30 +0000 2024,257,roesavia termasuk picky eater lebih milih makan samsek makanan emg doyan selalu pgn muntahin kl sengaja kemakan nasi kering lemak daging jeroan apa termasuk gangguan sensori yaa kl gini konsulnya siapa,B,1
Tue Jul 16 07:55:55 +0000 2024,1,picky eater kalau pilihan mending kalau muntahin makanan mah terkadang makanan suka kalau perut bersahabat muntah,B,1
Tue Jul 16 09:14:45 +0000 2024,0,selama th hidup sudi makan ikan beneran jijik kalau kemakan dikit auto muntahin semua makanan,B,1
Tue Jul 23 09:29:48 +0000 2024,0,pengen makan banyak perut nerima nya cuman dikit terus tiap abis makan batuk perut kenceng terus mau muntah terus hampir seminggu and one of my work friend said its eating disorder masa iya,B,1
Tue Jul 23 19:40:16 +0000 2024,0,hari makan telur rebus doang seharian hari binge eating goblok,B,1
Tue Jul 30 13:02:00 +0000 2024,0,abis makan terus nyesel siapa akuuu,B,1
Tue Jun 11 18:18:53 +0000 2019,0,merasa bersalah makan selarut,B,1
Tue Jun 13 16:26:20 +0000 2023,0,seumur jarang banget muntahin makanan bisanya habis makan daging ayce notabene suka banget makan daging muntah banyak banget,B,1
Tue Jun 14 16:52:46 +0000 2022,0,parah craving makananminuman manis terus kemarin,B,1
Tue Jun 20 18:02:42 +0000 2023,0,calahoams engga deh malem wjshshshs merasa bersalah makan,B,1
Tue Jun 29 12:13:13 +0000 2021,1,juucrabie kemungkinan maag kamu kambuh sering gt kalau telat makan tiba makan perasaan mual pengen muntah gabisa,B,1
Tue Mar 04 15:37:03 +0000 2025,0,pengen kurus banget pengen makan terus,B,1
Tue Mar 04 17:49:37 +0000 2025,1,takyah cakap pasal overthinking nih dah tahun hidup memang benda je makanan rasa nak muntah,B,1
Tue Mar 11 18:15:04 +0000 2025,162,ᯓ tips menjaga berat badan perbanyak konsumsi serat protein makanan tinggi serat protein membuat kenyang lebih lama mengurangi keinginan makan berlebihan,None,0
Tue Mar 12 07:51:36 +0000 2024,0,kalau nyicip makanan terus muntahin batal sih,B,1
Tue Mar 12 21:59:07 +0000 2024,0,subuh muntahin semua makanan sahur ku,B,1
Tue Mar 18 12:16:46 +0000 2025,2,thinking about it what i ve considered as binges is normal fucking meals like nooo last night i ate a sandwich bananas and cheese i am so fat ‍️ no hoe,B,1
Tue Mar 18 12:38:40 +0000 2025,0,my life currently stress binge eating gendut jelek stress binge eating stress eczema kambuh badan banyak bekas eczema jelek stress eczema cape banget dah uang abis jelek fak,B,1
Tue Mar 18 17:26:22 +0000 2025,0,jujur i envy people who can enjoy eating whatever yak i can eat but i don t enjoy it makananku habis kok but i feel stress doing it ‍↕️‍↕️‍↕️,B,1
Tue Mar 23 08:27:42 +0000 2021,27,berbeda orang anorexia badannya sangat kurus orang bulimia memiliki berat badan normal kadang lebih ciri khasnya rasa bersalah makan perilaku memuntahkan membatalkan makanan masuk,None,0
Tue Mar 26 02:23:27 +0000 2024,0,tiap habis makan langsung muntah bahkan minum air putih dimuntahkan anoreksia,B,1
Tue May 12 11:06:36 +0000 2020,0,apa ngerasa bersalah makan mie,B,1
Tue May 30 04:28:03 +0000 2023,0,nahan muntahin makanan abis makan tuh rasanya awikwok bgtt,B,1
Tue Nov 05 14:49:10 +0000 2024,2,binge eating alfredo tiramisu menuju gila,B,1
Tue Nov 12 12:48:39 +0000 2024,0,merasa bersalah makan pisang goreng biji,B,1
Tue Nov 12 13:18:18 +0000 2024,0,apa lebih enak abis makan ayam geprek terus muntah,B,1
Tue Nov 21 15:07:49 +0000 2023,0,berhenti makan,B,1
Tue Oct 03 06:22:55 +0000 2023,0,makan tempat jorok kalau baunya enak langsung ogah makan bener bener muntahin makanan padahal segak enaknya makanan makan makanan basi pernah makan asal tempatnya bersih gatau anjir,None,0
Tue Oct 08 11:31:36 +0000 2024,0,cane nak kurus stress je rasa nak binge eating,B,1
Tue Oct 10 15:18:04 +0000 2023,0,mba taylor pernah muntahin makanan baru makan makan bareng,B,1
Tue Oct 20 21:23:44 +0000 2020,0,parah craving jm segini,B,1
Tue Oct 22 15:10:43 +0000 2024,0,berhenti makan god help me,B,1
Tue Oct 22 15:50:41 +0000 2024,0,jujur bersyukur banget pernah muntahin makanan abis makan kalau diinget inget dulu sering banget abis makan muntahin keluar padahal porsinya normal ajaa mungkin kali timbangan dulu kilogram wkwkekek,B,1
Tue Oct 29 15:51:57 +0000 2024,0,stop kebiasaan muntahin makanan diri sendiri,B,1
Tue Oct 29 23:52:06 +0000 2024,0,pagi perut enak banget berasa mau muntahin makanan semalem,B,1
Tue Sep 03 12:17:04 +0000 2019,7,semalam craving cake harini teringin nak makan soto parah dh nih huhu,B,1
Tue Sep 10 15:24:24 +0000 2024,951,bxnnyybns for real a binge constitutes a loss of control when i binge im either eating while standing in the kitchen or making multiple trips back for more food,B,1
Tue Sep 10 15:43:02 +0000 2024,1,allah jadi pejuang body dismorphic amp bulimia ner enak banget anjing tiap abis makan ngerasa bersalah makan muntah makan muntah terus,B,1
Tue Sep 17 13:42:54 +0000 2024,0,capee gini terus siklusnya abis makan nyesel dimuntahin,B,1
Tue Sep 24 06:32:23 +0000 2024,3,beli oreo tandanya stress langsung binge eating gula to calm my fucking nerves,B,1
Tue Sep 24 12:51:09 +0000 2024,1,belajar pts paham pelajaran nilai bagus insyaallah kantung mata balik berat badan naik begadangbinge eating my face look like shit,B,1
Wed Apr 03 20:46:51 +0000 2024,0,hari berturut turut muntahin makanan selalu bjir kerongkongan sakit jdnya,B,1
Wed Apr 24 06:14:07 +0000 2024,0,smg dijauhkan dr binge eating,B,1
Wed Apr 24 16:41:22 +0000 2024,0,abis makan malem nyesel terus,B,1
Wed Aug 07 02:50:25 +0000 2024,0,sisi binge eating sisi arep mangan,B,1
Wed Aug 21 16:01:23 +0000 2024,0,anjg binge eating kontrol,B,1
Wed Aug 28 14:33:47 +0000 2024,0,ganti obat jdnya sengantuk se binge eating tetep tidur dg cukup sih,B,1
Wed Dec 06 01:15:01 +0000 2023,0,pagi tuh bangun mual terus muntahin semua makanan tuh ye,B,1
Wed Dec 12 07:44:40 +0000 2018,0,selalu ngerasa bersalah makan apa tanda tanda eating disorder,B,1
Wed Dec 18 10:43:55 +0000 2024,0,sedapnya apam balik kubah riapasarbalit kelak mok binge eating banyak banyak sampei muntah,B,1
Wed Feb 05 05:07:34 +0000 2025,3,allah pengen kurus bagaimana caranya ngurangin nafsu makan duarrr dikasih sakit muntaber jangan kan makan air masuk dimuntahin,B,1
Wed Feb 05 06:32:29 +0000 2025,0,najis banget cok pernah begini bedanya ktmu langsung voters posisinya pas makan bareng rasanya pgn muntahin makanan depan,None,0
Wed Feb 05 08:45:33 +0000 2025,0,pengen stop makan gula gabisaa jadi kurangin makan gula pelan pelan ajaa slowly but surely anjayy,B,1
Wed Feb 05 16:15:18 +0000 2025,0,selalu lapar jam segini,B,1
Wed Feb 05 17:23:40 +0000 2025,0,selalu lapar tengah malemm,B,1
Wed Feb 05 18:17:39 +0000 2025,0,selalu posisi lapar ngantuk,B,1
Wed Feb 12 07:57:12 +0000 2025,6,daritadi cuman nontonin kingdom terus ngemil terus bgtu [URL],B,1
Wed Feb 12 18:09:43 +0000 2025,0,selalu lapar naik atas kasur bersiapsiap merem tuh appetite pas makan,B,1
Wed Feb 19 01:20:54 +0000 2025,0,selalu ditakdirkan lapar terus,B,1
Wed Feb 19 08:32:34 +0000 2025,0,pacarku kayanya capek ngadepin perutku selalu lapar tau mau makan apa [URL],B,1
Wed Feb 19 09:35:28 +0000 2025,0,cut half asupan gula carbo baru beberapa hari craving gula parah jir,B,1
Wed Feb 19 14:47:35 +0000 2025,0,pengen berhenti makan nasi kondusif rasanya perutku kecanduan nasi ngehandle binge eating susah banget allah,B,1
Wed Feb 22 13:35:35 +0000 2023,0,barusan ak sama adek ak br melakukan sebuah kebodohan makan nugget ternyata dah basi abis muntahin makanan refleks nyanyi dumb ways to die lgsg ngakak berdua,None,0
Wed Feb 26 10:50:49 +0000 2025,0,berhenti makan cui,B,1
Wed Feb 26 14:29:12 +0000 2025,0,rasanya pengen muntahin semua makanan barusan makan,B,1
Wed Feb 26 15:02:18 +0000 2025,0,nendorollsup bener banget berhenti makan pls,B,1
Wed Feb 26 18:27:17 +0000 2025,1,kebiasaan banget masuk jam jam segini waktunya muntahin makanan,B,1
Wed Jan 01 08:08:50 +0000 2025,0,berhenti makan wkwkwkwk [URL],B,1
Wed Jan 01 13:39:06 +0000 2025,33,udg kerasa plong banget sekarang jadi lemes www soalnya abis muntahin makanan kayaknya memang keracunan deh,B,1
Wed Jan 08 02:19:22 +0000 2025,588,tiap stress binge eating manismanis nangis marah semua tau tau dikasi metformin sama dokter gulanya berantakan tau tau autoimun tau tau jalan tau tau nangis terus depresi pengen mati kelar deh,B,1
Wed Jan 08 08:05:42 +0000 2025,0,momen lu nahan nangis muntahin makanan dimakan selama dengerin keluh kesah bpk lu blm blng soal ukt,B,1
Wed Jan 08 09:13:06 +0000 2025,0,takut gendut tetep makan banyak anjingg benci bangett ngentotttt,B,1
Wed Jan 15 02:11:39 +0000 2025,0,ngemil molen terus lama ngemil choco pie ‍ bu vega makan terus deh hehe iyanih pak rangka naikin berat badan padahal memang doyan ngeganyem anaknya,B,1
Wed Jan 15 13:50:03 +0000 2025,0,jam segini selalu lapar,B,1
Wed Jan 15 15:24:58 +0000 2025,0,berhenti makan,B,1
Wed Jan 15 17:18:53 +0000 2025,0,tuh dah makan tiap jam segini selalu lapar njir,B,1
Wed Jan 22 00:07:10 +0000 2025,0,hi cara berhenti makan dimsum gmn berhenti makan dimsum,B,1
Wed Jan 22 10:09:52 +0000 2025,21,keuntungan punya mama jualan kuebisa ngemil terus yum [URL],B,1
Wed Jan 22 14:53:52 +0000 2025,0,malem malem selalu lapar sih [URL],B,1
Wed Jan 22 16:41:56 +0000 2025,0,sounds caper bngt but idc orang menerapkan toxic diet wkwkw muntahin makanan abis makan,B,1
Wed Jan 29 16:08:01 +0000 2025,0,akhir akhir selalu lapar tiap tengah malem,B,1
Wed Jan 29 21:01:02 +0000 2025,0,selalu lapar lapar selalu,B,1
Wed Jan 31 09:03:36 +0000 2024,0,muntahin makanan baru selesai dimakan is another level of pain,B,1
Wed Jul 03 12:27:46 +0000 2024,0,kacau banget dah masa abis makan berat muntah kayak anoreksia,B,1
Wed Jul 03 13:05:47 +0000 2024,3,rate tm kyak orang tipes tiap hari hoak hoek slalu muntahin makanan smpe iritasi tnggorokan every day badan remuq,B,1
Wed Jul 10 16:37:06 +0000 2024,0,hari definisi binge eating,B,1
Wed Jul 17 01:29:40 +0000 2024,0,baru pagi kepikiran terus siang makan gado,B,1
Wed Jul 17 09:10:36 +0000 2024,0,hot takenya classist banget aniwei jdi inget pas kkn terus tiap hari cuma minum air makan tempe telor temen maksa buat makan jeroan akhirnya muntahgara gaenak lihat wajah guilty temen akhirnya bilang kalau lgi bertapa jdi makannya dikit wkwkwk,O,1
Wed Jun 07 13:20:44 +0000 2023,0,pas makan trus denger orang flexing rasanya pengen muntahin tuh makanan,B,1
Wed Jun 19 16:07:27 +0000 2024,0,inilah penyebab binge eating bukan stres,B,1
Wed Jun 26 14:01:26 +0000 2024,2,kalau stress bawaannya pengen makan terus besoknya nyesel,B,1
Wed Mar 05 21:33:06 +0000 2025,0,bingung w orangnya gampang mualmuntah misal makan makanan baunya kurang sukaagak menyengat kelamaan ngunyah bosen sama rasa makanan w makan misal baru sahur pake sayur sop trus gatau bosen sama rasanya langsung mual kekenyangan c,B,1
Wed Mar 12 06:40:53 +0000 2025,1,binge eating when i don t have an appetite is crazy like that was that for bruh really,B,1
Wed Mar 12 13:05:11 +0000 2025,31,pengen kurus allah efek obat jadi makan terus,B,1
Wed Mar 13 02:14:56 +0000 2024,18,um adakah kalian pernah fase makan apapun ujung ujungnya bakal muntah jadi makanan masuk kalian muntahin terus menerus sender posisi sekarang makanan masuk selalu muntah hebat berani makan saking takut nya cont,B,1
Wed Mar 20 21:11:09 +0000 2024,0,satu harian belom minum air putih tadi minum air hangat segelas makan ml terus selesai makan segelas ml alhasil muntah nyesel banget baru selesai makan keluarin,B,1
Wed Mar 24 02:44:23 +0000 2021,0,stress banget stress eatingku kumat insecure sama berat badan ngontrol nafsu makan,B,1
Wed Mar 27 21:55:03 +0000 2024,0,baru beberapa menit adzan otak aneh betingkah nyuruh muntahin makanan,B,1
Wed May 15 11:00:51 +0000 2024,0,gila jam tidur berantakan jdi suka binge eating akhir tau ap sekola mikir dong masa ipa sama mtk ujiannya barengan maksud lu apa sengaja banget,B,1
Wed May 15 17:22:35 +0000 2024,0,merasa bersalah makan burger jam malam,B,1
Wed May 22 13:19:59 +0000 2024,1,akhir akhir selalu kesugesti mutah tiap makan tiba tiba pengin muntahin makanan,B,1
Wed May 22 15:59:06 +0000 2024,0,if seminggu bubrah garagara stress binge eating,B,1
Wed May 29 14:30:58 +0000 2024,0,dah macam bulimia nak kena paksa diri muntah sksksk,B,1
Wed Nov 06 13:08:12 +0000 2024,0,merasa bersalah makan seblak topping kangkung,B,1
Wed Nov 20 03:10:49 +0000 2024,0,oalah pantes binge eating selalu kemaren ternyata dapet,B,1
Wed Nov 20 17:38:26 +0000 2024,0,hi update abis binge eating melon setengah buah pepaya ¼ semangka ⅙,B,1
Wed Nov 25 12:50:44 +0000 2020,0,dapet coklat eh minta apa dikasih sama anak pastry lumayan banyak baru merasa bersalah makan enak taoi coklat,B,1
Wed Oct 11 12:27:07 +0000 2023,0,berhenti makan chocolate setujuuu susah sekali nee ‍ perlu hati kuat greeseljkt greethings,B,1
Wed Oct 23 16:41:17 +0000 2024,0,keknya pengen makan indomie malem stres banget rasanya perkara mikirin pc binge eating ajalah bodo,B,1
Wed Sep 02 11:49:49 +0000 2020,0,ngerasa bersalah makan kebanyakan is real,B,1
Wed Sep 11 05:40:20 +0000 2024,0,happilyuno berhenti makan,B,1
Fri Apr 07 04:49:33 +0000 2023,0,ingatkan diri dah complicated rupanya lagiiiii complicated payah dowwh klu orang gini nak mkn mana kena cek kalori dulula bla penattt,D,1
Fri Apr 12 14:49:31 +0000 2024,156,tampar pake katakata kalian diet nya disiplin rajin wo dong sama pamer progres kalian cape banget jadi obes jadi perlu tamparan maksimal banget mindset sendiri makasiiiii,O,1
Fri Apr 14 00:56:55 +0000 2023,0,benerr kmrin beli kaya vieneta gadimakan diet jadi masuk freezer mingguan pas craving for sweets lihat dikulkas males psti tinggi kalori pas cek nutrition fact anjir cm kcal lgsg gas cm stgh kalorinya snackbar,D,1
Fri Apr 21 16:21:15 +0000 2023,0,hitung kalori tumpeh tumpeh,D,1
Fri Apr 28 03:12:24 +0000 2023,0,bikin badan gini kerja keras banget sih bahkan buat lakik diet ketat disiplin waktu ngegym belom suplemen cuma cardio menit pake nunda selalu orz,D,1
Fri Apr 28 06:23:07 +0000 2023,11,diet guys akhir akhir hasrat buat nyemil tinggi banget bahkan surplus terus nyemill selalu jadi makan besar mulutku rasanya mau ngunyah terusss kalau diturutin rasanya gelisah banget tau cara ngatasinnya bagaimana self control cont,D,1
Fri Aug 04 13:13:11 +0000 2023,3,diet guys kalau abis makan minyak kaya ayam goreng minum manis sekali doang rsny nyesel banget kaya mau muntahin tkut eating disorder,B,1
Fri Aug 09 00:15:16 +0000 2024,0,sukaa sama semangat diet bismillah disiplin alhamdulillah th jadi menurutku sih biasa effort banget justru malah happy disiplin makan sehat olahraga micronutrien lambung terjaga sering nge cheat kok,None,0
Fri Aug 09 17:55:38 +0000 2024,0,beli tempe oreg telur ama kentang balado bawa pulang beli apa soal restrictive diet,D,1
Fri Aug 13 12:24:51 +0000 2021,0,unreasonably restrictive diet memang turunkan berat badan cepat tengok la masa nak maintain berat mencabar follow sop,D,1
Fri Aug 14 14:08:44 +0000 2020,33,nmpk x apa macros pemakanan diet kena carbs complex carbs is the best protein lean amp no bad fats ways to cook is important fats omega amp is needed in adequate ratio so jgn abaikn fakta macro nih pemakanan diet seimbang meh la rt amp follow for tips [URL],None,0
Fri Aug 23 05:58:58 +0000 2024,26,temen² kemarin aksi demo asik kan jadikan kegiatan lumrah sehat fisik amp akal bakar kalori️ nyanyi️ olahraga️ panas berjemur️ silaturahim️ jajan️ sesekali pukulan wkwk all in kalau jadi acara piknik amp membership klub olahraga mahal kan hehe,None,0
Fri Aug 23 13:29:27 +0000 2024,297,mei berat badan kilogram gula darah puasa mgdl agustus berat badan kilogram gula darah puasa mgdl langsing muka glowing clean eating skincare bonus utama sehat [URL],None,0
Fri Dec 04 08:13:29 +0000 2020,0,paling takut bila diet drpada makan nasi tpi rupanya kalori ambik nak gantikan nasi lgi tinggi large fries tnggi siak kalori,D,1
Fri Dec 06 06:59:16 +0000 2024,1,diet ketat pas solo,D,1
Fri Dec 06 15:02:39 +0000 2024,0,bikin meal plan tbtb jadi sedih,D,1
Fri Dec 06 23:17:10 +0000 2019,21,goin weeks on diet no carbs lgi nk improve more no edit hasil tk bergitu byk my rd month at the gym will never stop ‍️‍️gemok beraksi [URL],D,1
Fri Dec 13 12:08:00 +0000 2024,3,hmmm milla komen terima kasih makan sekarang posisinya sengaja banyak makan ujian mau diet olahraga banget jadi kepikiran kalau sekarang develop jadi bulimia nervosa pt bagaimana,D,1
Fri Dec 13 18:51:58 +0000 2024,0,rasanya tau punya hipotiroid mati matian diet pergi tempat gym pernah punya bulimia apa kosong banget anjir perjuangan lakuin selama bertahuntahun intinya gunanya badan kekurangan tiroid,D,1
Fri Dec 16 17:10:01 +0000 2022,8,oyi insecure pol temen ku cantik mulus sexy badannya bagus wajahnya bruntusan naik berat badan susah banget pede mau keluar jalan jadinya,D,1
Fri Dec 17 14:21:52 +0000 2021,0,hari ngegym angkat beban jam terus plg lapar banget wkwk terakhir makan jam ngemil apa ‍ lemes banget ngitung kalori hr sepertinya kal harianku dah terpenuhi diet,D,1
Fri Dec 20 15:01:06 +0000 2024,0,renjun diet ketat apa gimna cepet banget kurusnya,D,1
Fri Dec 23 04:16:14 +0000 2016,74,berkalori makronutrien karbohidrat gram kalori protein gr kal lemak gr kal pakai apps mudah mynutridiari [URL],D,1
Fri Dec 27 03:02:58 +0000 2024,9,sodik pake whey protein sebenernya pakai protein real food kaya tahu tempe ayam daging coba hitung rumusnya berat badan x contoh x x kalau terpenuhi otot bakalan berkembang kalori harian terpenuhi,D,1
Fri Dec 27 05:23:35 +0000 2024,0,lucyvicious diethingy sekarang turun berat badan normal ideal kilogram for a week kemarin turun drastis faktor academic stressed pas selesai urusan balik normal penurunannya if i dont reach this goal weight its totally okay for me,D,1
Fri Dec 27 06:31:27 +0000 2024,0,lusi kerja keras banget diet ketat semoga cpt sehat,D,1
Fri Dec 27 12:10:46 +0000 2024,6,wah talent paling ganteng masuk twitter nih jangan lupa cek tiktok jelajah kalori,None,0
Fri Dec 27 21:11:21 +0000 2024,0,akhir makan berasa cuman memenuhi kebutuhan kalori harian doang pls seseorang ajak wisata kuliner,D,1
Fri Dec 30 12:47:50 +0000 2022,0,apa doang tb nangis ajaah hormon nonbaby blues restrictive diet constant worry idk ‍️,D,1
Fri Feb 02 06:56:51 +0000 2024,0,kemarin ovt masakan buat bocah bikin nugget ayam pake telur bebek tinggi kalori trus bikin air kaldu pilek takut banget bocah mau kalau dah gitu biasanya w tantrum maksi alhamdulillah haphap pake menu nuggetnya goreng ‍,None,0
Fri Feb 05 16:58:50 +0000 2021,0,emng napa sih makanan berkalori tinggi lu makan yaudah tgl makan pengen martabak beli kalau emng lu punya duitnya brother lu mau cpt kurus cara takut sama kalori yaudah gini brother lu makan batin idup lingkungan toxic wkwkwkw,D,1
Fri Feb 07 02:24:26 +0000 2025,1,butuh pt unnes dm chat no bio harga ramah dikantong mahasiswa benefit menggunakan pt body cek indikator tubuh kontrol lemak kalori bmi program nutrisi harian pembekalan atasi cidera pembekalan teknik body weight training [URL],None,0
Fri Feb 07 03:31:21 +0000 2025,0,ketosis berlaku apabila badan kekurangan karbohidrat dijadikan sumber tenaga mula membakar lemak gantinya proses terjadi apabila pengambilan karbohidrat dikurangkan drastik diet keto berikut langkahlangkah bagaimana ketosis [URL],None,0
Fri Feb 07 03:41:05 +0000 2025,0,kmren ak ditanyain tmen grgr ngitung kalori harian nanya kamu diet disuruh pacarmu awalnya gkbs njawab cuma mmg bbrp faktor dri pacarku bbrp faktor emg mau sndiri sih,D,1
Fri Feb 07 04:03:33 +0000 2025,98,obesitas merupakan salah satu faktor risiko penyakit jantung seseorang dikatakan obesitas bila memiliki indeks massa tubuh ≥ karenanya memiliki berat badan berlebih cobalah melakukan defisit kalori mengurangi kkal diet harian,None,0
Fri Feb 07 04:07:49 +0000 2025,0,insecure sama berat badan selalu inget kalau berat badan tb sama kaya lisa blackpink,D,1
Fri Feb 07 05:44:04 +0000 2025,165,suka ngemil takut gendut yuk cobain cookies wrp rendah kalori walaupun rendah kalori cookiesnya tetep enak rasa manis pastinya tinggi serat cocok buat kalian diet suka cemilan manis [URL],D,1
Fri Feb 07 09:53:41 +0000 2025,1,iya kalau defisit kalori kurangin gula tpi kalau ana gapapa,D,1
Fri Feb 07 09:58:56 +0000 2025,2,kalau defisit kalori brrti kasih limit kalori per hari kalau kal normal gaa,D,1
Fri Feb 10 04:53:46 +0000 2023,1,diet kan turunan gula jadi belajar defkal lumayan sering pake dibetasol alternatif gula sachetnya dibilang kalori pas iseng cek tracker kalorinya gimanaa mohon penjelasannya terimakasiih,D,1
Fri Feb 10 08:06:24 +0000 2023,22,diethingy makanan bukan cuma bahan bakar kalori cek nutrisinya terutama nutrisi diproduksi tubuh asam amino esensial mineral vitamin telur daging sayur termasuk bernutrisi tinggi,None,0
Fri Feb 10 12:14:04 +0000 2023,0,perbedaan diet keto diet atkins mana mau kamu coba [URL],None,0
Fri Feb 10 14:09:21 +0000 2023,0,merasa bersalah makan pisang goreng tiramisu keju brp kalori tuh,B,1
Fri Feb 10 17:07:11 +0000 2023,0,ngecek label gizi belakang kemasan buat hitung kalori,D,1
Fri Feb 10 23:13:16 +0000 2023,0,beli gainer banyakin makan kebutuhan kalori tercukupi syukur barengi olahraga cek kebutuhan kalori harianmu berapa biasanya badan kurus metabolismenya cepat jadi butuh bnyak kalori,D,1
Fri Feb 14 03:24:11 +0000 2025,0,seminggu beneran belajar workout hitung kalori hahahahahhaa ancyur banget gapapa seminggu sisanya balik on track,D,1
Fri Feb 14 12:47:31 +0000 2025,0,anjay ngaruh banget defisit kalori langsung turun kilogram,D,1
Fri Feb 14 12:58:35 +0000 2025,0,takut gendut,D,1
Fri Feb 14 13:57:35 +0000 2025,26,kalori defisit membunuhku,D,1
Fri Feb 14 15:25:32 +0000 2025,0,hari pertama defisit kalori sama ngurangin konsumsi gula,D,1
Fri Feb 16 08:32:12 +0000 2024,0,yok bulan depan disiplin diet pas lebaran badan keliatan lebih kecil,D,1
Fri Feb 17 05:24:55 +0000 2023,0,biasa intermittent fasting ngitung jam sekarang sama makan jadi merasa terlalu membutuhkan ngerti bahaya sih jadi seenaknya skip makan,D,1
Fri Feb 17 06:51:19 +0000 2023,3,ibarat manekin toko cuma indah diperhatikan bukan dibawa pulang sempat deket bbrp orang bentukannya gini cuma tau lebih insecure dri mau makan mesti hitung kalori asal ketemu cermin tbtb flexing,D,1
Fri Feb 21 01:04:38 +0000 2025,0,siapa mo join challenge body goals sept bareng w n martin,D,1
Fri Feb 21 01:17:08 +0000 2025,0,gini deh hari kamu stop ngemil makan nasi xhari sayur banyak protein cukup minum air putih teh tawar kopi tawar kamu perlu hitung kalori yakin kamu kurusan,D,1
Fri Feb 21 01:30:18 +0000 2025,1,diet keto efektif menurunkan berat badan tetap risikonya pemeriksaan profil lipid keton penting memastikan tubuh tetap sehat selama diet langkah bijak sahabat pramita menjalani diet keto aman terarah dietketo lifestyle [URL],None,0
Fri Feb 21 02:50:28 +0000 2025,0,waktu wfh duluu kayaknya masa paling disiplin wo diet jam tidur heran fit banget waktu berat badan sesuai target jujur nih merasa badan oke banget sekarang pelan banget berusaha balikin masa bismillah konsisten,D,1
Fri Feb 21 03:04:31 +0000 2025,42,nimbang tadi pagi hasil defisit kalori selama bulan turun kilogram x seminggu push pull leg protein x berat badan rendahin lemak karbo suplemen whey isolate opsional semoga bermanfaat semangat [URL],D,1
Fri Feb 21 03:32:32 +0000 2025,1,pelaku kurus malas olahraga defisit kalori,D,1
Fri Feb 21 04:20:47 +0000 2025,3,mengetahui apa tdee amp bmiimt bahas prinsip dasar diet defisit kalori surplus kalori keduanya memiliki definisi bertolak belakang menjelaskan caranya menentukan kebutuhan kalori harian t h r e a,D,1
Fri Feb 21 04:32:01 +0000 2025,9,hai warga pergendutan duniawi mau share nambah semangat kalian diet awal januari mulai ngegym berat badan kilogram sekarang beratku turun jadi kilogram cuma defisit kalori aje tar bakal post berat tiap hari kyknya seru replyan start besok,D,1
Fri Feb 21 07:17:28 +0000 2025,0,gila akhir pgn ngemil terus kapan dietnya aduh,D,1
Fri Feb 21 07:19:22 +0000 2025,30,cara atasi stagnant weight tukar rutin cuba senaman baru hiit angkat berat kira kalori pastikan defisit kalori hari tambah protein makan lebih ayam telur jaga otot rehat cukup tidur jam bantu pulih bakar lemak,None,0
Fri Feb 21 10:55:36 +0000 2025,0,akhir balik jadi sweet tooth sekian tahun takut gendut,D,1
Fri Feb 21 16:06:16 +0000 2025,0,waktunya defisit kalori on track niiiiiih kebiasan bergadang susah hilangin semenjak skripsian haahhhh,D,1
Fri Feb 21 16:38:48 +0000 2025,0,anjir baru sadar hari full day noodles pagi indomie siang udon malem mie jawa bye defisit kalori,D,1
Fri Feb 21 19:26:19 +0000 2025,1,summer body goals turun kilogram nih,D,1
Fri Feb 22 13:35:00 +0000 2019,154,kali donor darah membantu membakar kalori,None,0
Fri Feb 23 10:28:11 +0000 2018,0,lah pingsan kalau diet wkwkw dulu sih kan pas li ur smp otw sma olahraga dikamar jam siangsore drop hadeh sekarang sih paling ngitung kalori makan sesuai kebutuhan soalnya sibuk magang kuliah [URL],D,1
Fri Feb 24 22:59:12 +0000 2017,0,ceritanya mulai ngitung kalori pagi makan pepaya baru jam pagi jumlah kalori harian terpenuhi balada,D,1
Fri Feb 28 06:38:07 +0000 2025,0,baik jadi jarang puasa dihitung intake kalori harian banyakan,D,1
Fri Feb 28 10:51:06 +0000 2025,0,ketakutanku nomor takut gendut,D,1
Fri Jan 03 09:25:10 +0000 2025,0,dulu cek gula kemasan sekarang ketambahan buat cek kalori,D,1
Fri Jan 03 11:06:58 +0000 2025,9,tahun akhirnya donasi rambut berhasil ️ prnya sekarang back to meal plan bulet powl [URL],None,0
Fri Jan 03 14:16:05 +0000 2025,0,orang kurusan disuruh makan banyak giliran gemukan disuruh diet berisik,D,1
Fri Jan 03 16:36:25 +0000 2025,1,berharap banget pas cb tae diet ketat sekurus wamil pengen banget lihat taehyung bigboy pls pls pls,None,0
Fri Jan 07 05:33:46 +0000 2022,5,uaf tips nurunin berat badan dong insecure banget gemuk gini selama corona,D,1
Fri Jan 10 03:00:16 +0000 2025,0,vitamincyp i see makan dikit sering lebih baik sehari cuma makan x buat kurus penting asupan kalori harian tercukupi kalau dikurangi minimal jgn naik misal kalori harian kamu jgn makan lebih hari,D,1
Fri Jan 10 03:15:42 +0000 2025,3,ika pakai method diet xiumin makan apa² janji malam selepas pukul malam stop makan,D,1
Fri Jan 10 06:30:01 +0000 2025,0,program makan bergizi gratis dikoordinasikan badan gizi nasional ditujukan anak sekolah jenjang paud hingga sma siswa mendapatkan satu kali makan gratis sesuai jadwal tujuan memenuhi sepertiga kebutuhan kalori harian anak,None,0
Fri Jan 15 04:19:52 +0000 2021,17,same ol me but kilogram lighter alhamdulillah intermittent fasting if since october no carbs diet amp determination iman mmg kena kuat nak nak teringin momotalo kudu wanjo sabar jap sikit tunggu k iraxlwm [URL],D,1
Fri Jan 17 04:26:05 +0000 2025,12,motif batik sultan tolak bala diambil positifnya mungkin sri sultan sedang diet ketat ntuk menghindari kolesterol berlebih diusia beliau lumayan menjaga kesehatan utama tetap cemungudh sri sultan sehat selalu jngn lupa olahraga [URL],None,0
Fri Jan 17 08:32:06 +0000 2025,5,defisit kalori kurangin snack jajan diluar cut gula susah berat badan stuck kilogram,D,1
Fri Jan 17 10:07:08 +0000 2025,0,susah payah defisit kalori jaga pola makan maen beban ditanyain kamu minum pil apa woy,None,0
Fri Jan 17 10:44:32 +0000 2025,0,bismillah mulai besok defisit kalori cobain seminggu kalau ketagihan sebulan malam terakhir makan bebek purnama off lama wkwkwkw,D,1
Fri Jan 17 15:20:15 +0000 2025,253,foodfess dulu pilih bawah stelah cek webnya boost ternyataa kalori gulanya tinggii banget smoothieee jadi gapilih dehhh jujur sedih stelah tau [URL],D,1
Fri Jan 17 15:21:51 +0000 2025,0,baru semingguan defisit kalori coba makan mie instan kalori hariannya terpenuhi nih makan bungkus mie susah ngabisin nya padahal biasanya bungkus tuh kurang nih gapapa berarti lambung ku jdi menciut kan,None,0
Fri Jan 19 12:04:52 +0000 2024,1,mindset disiplin diet memang payah nak so paham ja orang nih menangguh progress nak kurus mentaliti payah nak ambik masa,D,1
Fri Jan 19 13:50:04 +0000 2024,1,tanyarl nanya dong kalian pny smartwatch terus hitung kalori gmn apa pas makan kalori lgsg kehitung nambah pas olahraga keitung berkurang cuma pas olah kehitungnya niat beli buat hitung kalori masuk ragu ragu thxb,D,1
Fri Jan 24 05:15:08 +0000 2025,0,pikiran muter buat nentuin meal plan ‍,D,1
Fri Jan 24 09:51:14 +0000 2025,0,mulai skarang amp besok ak bilang bgini tiap ditanya knapa kamu makandikit kamu diet takut gendut iya ak diet takut gendut soalnya kalau berat badan makin nambah jadi banyk gamuat ak tida money buat beli baru naik kilogram ternyata sengaruh buat ak,D,1
Fri Jan 24 10:25:33 +0000 2025,11,diet berat badan tb gym sepekan x angkat beban treadmill kalau kalori harian buat fatloss cukup jujur sering ngerasa lapar,D,1
Fri Jan 24 12:24:51 +0000 2025,0,beli bdy kit si nwa nwa meal plan nya mi ayam,D,1
Fri Jan 24 13:45:56 +0000 2025,2,dada ayam dimasukin favoritnya noah either sebenernya muak terpaksa makan mengandung protein dimasukin meal plan,D,1
Fri Jan 26 04:28:36 +0000 2024,0,wingi diet no carbs no flour no sweet more protein more fiber berat badan stuck pas malah dilosne cemilan e ttp buah berat badan e malah mudun,D,1
Fri Jan 31 01:34:42 +0000 2025,0,kepobangetye tanya cek kalori bukan harga kwkw,None,0
Fri Jan 31 04:08:22 +0000 2025,3,gweh naik kilogram kilogram away from my body goals,D,1
Fri Jan 31 07:12:50 +0000 2025,0,disiplin diri diet memerlukan disiplin tinggi beberapa orang mungkin merasa kurang mampu menjaga disiplin berulang kali lebih memilih menunda menghadapi kegagalan diantisipasi,None,0
Fri Jan 31 08:20:29 +0000 2025,0,keknya mulai diet keto lgii jdi efektif,D,1
Fri Jan 31 08:30:51 +0000 2025,1,terjadi ybs diet keto,D,1
Fri Jan 31 13:44:30 +0000 2025,0,dah lama defisit kalori sekarang berat badan ku naik,D,1
Fri Jan 31 15:49:31 +0000 2025,1,makrusio quality dah usah mubazir kalori harian mending indomi ayam bawang sekalian,D,1
Fri Jan 31 19:03:34 +0000 2025,0,please berhasil defisit kalori ajarin please jangan masuk akal,D,1
Fri Jul 05 08:02:38 +0000 2024,33,banyak aplikasi meal plan hadir lengkap informasi kalori memudahkan kamu mengontrol nutrisi aktifkan paket xl akrab satu kuota sekeluarga atur meal plannya makin mudah bebas eksplor menu harian win win solution kan jadilebihbaik [URL],None,0
Fri Jul 09 15:14:58 +0000 2021,0,suami nyuruh diet karbo takut diabet katanya because i amis daging kamu know apaan dah amis daging artinya wkwk pokonya kata orang sunda kalau luka lama sembuh nya malah jadi nambah parah gitu deh lihat jam segini malah bikin ginian bodo estetik [URL],None,0
Fri Jul 14 14:17:32 +0000 2023,1,diet jam segini hadiahin diriku mam enak seharian sakit perut banget mens day offside kalori hari alesannya besok mulai disiplin bakar lemak,D,1
Fri Jul 16 11:53:53 +0000 2021,0,pernah ngalamin bener takut buat makan ngandung lemakkalori tinggi bener emosi labil makan minyak dikit bencanarasanya enak hiks kalau orng terdekat malah nyepelein apa rasakan rasanyatuh,D,1
Fri Jul 19 03:26:06 +0000 2024,0,halo mau jual adek spek oke dijadiin ahli gizi personal buat bikinin exercise meal plan cuman beset dikit bekas jatoh motor sama omongannya kadang terlalu jujur [URL],None,0
Fri Jul 19 09:50:51 +0000 2024,2,insecure pake banget soalnya berat badan makin naik pipi makin tebel,D,1
Fri Jul 19 09:54:13 +0000 2024,7,sebuah ulasan studi tahun mengungkapkan aktivitas fisik pagi hari berolahraga menjadi senjata rahasia memacu pembakaran kalori tubuh sepanjang hari⁣ ⁣ pertanyaannya apa jenis olahraga pagi memacu pembakaran kalori cek sini [URL],None,0
Fri Jul 19 12:27:18 +0000 2024,0,anjrit konser wayv cocok diet keto if mau nabung pahala sunnah puasa senin kamis puasa daud puasa muteh wkwkwk cocok pol,None,0
Fri Jul 21 15:23:28 +0000 2023,7,the reality is nampak helok on screen memang kena disiplin diet,None,0
Fri Jul 23 02:41:15 +0000 2021,0,selalu insecure waktu inget berat badan ngaca jadi insecure soalnya lebih berat badan yap betul dosa,D,1
Fri Jul 28 14:37:43 +0000 2023,8,diet mau tanya deh selama defisit kalori sebenernya bebas makan apa asal diangka dibutuhkan kan pengen banget makan ramyeon hitung kalorinya kalori kuhitung satu pack nya terus makan makanan gapapa cont,D,1
Fri Jul 28 15:39:26 +0000 2023,1,the older i get the more i choose dada over paha and also selalu cek kadar gula kalori makanan minuman adulting is getting real,D,1
Fri Jun 07 06:51:07 +0000 2019,0,ikanatassa imanlagi wih bner kak ika tracking kalori is the best thing kalau mau nurunin nambah berat badan jatuhnya flxible diet restrictive food selama badannya sehat tahun jalan pernah paling kurus naikin skrng mau turunin diserai olhrga otot,D,1
Fri Jun 09 06:47:06 +0000 2023,1,harga barangan keto diet mmg bermain main ye gais beberapa final resepi sedap dah brownies keto nih but texture wise puas hati cuba,D,1
Fri Jun 10 15:32:11 +0000 2022,0,hari makan menu ngerasa bersalah banget seharian cuma makan ayam lamongan seneng lapar terus tadi jam lapar banget kriuk kriuk perutnya akhirnya pesen geprek mending makan teratur menunya diganti gmn diet [URL],D,1
Fri Jun 14 12:43:23 +0000 2024,0,susah payah jaga pola makan amp olahraga pas stress malah binge eating lol,B,1
Fri Jun 19 08:45:13 +0000 2020,0,hari nih no carbs in my diet buat rasa mcm lemah gila so rasa kene add carbs diet tpi amount sikit,D,1
Fri Jun 24 06:33:00 +0000 2022,0,abis makan wajib banget ngopi akutuuuu makanya selang seling ama kopi kalorinya tinggi takut kalori harian diabisin ama kopi creamer wkwkwk,D,1
Fri Mar 07 10:56:57 +0000 2025,2,hah kalori harian nyentuh normal,D,1
Fri Mar 08 13:01:09 +0000 2024,0,ngeluh badannya melebar makan kebanyakan kalori tpi gamau gerak gamau olahraga gamau bakar kalori hmmm yagimana yaaaaa,D,1
Fri Mar 14 00:52:16 +0000 2025,10,ngegym gampang susah jaga pola makan,D,1
Fri Mar 14 01:22:13 +0000 2025,41,tanyakanrl jaga pola makan kamu belajar ngatur stres waktu sesak mikir kena asma pas dokter ternyata stres dr situ perlahan belajar buat stres mendingan kadang suka kambuh sih,None,0
Fri Mar 14 06:03:28 +0000 2025,19,nayarenoir kebayang kalau anak ceweknya pengen jadi model agensi modeling paling bagus bakalan dipanggil dicariin guru modeling terbaik dikasi baju keluaran terbaru dipasangin bodyguard sana sini pola makanny diperhatiin bkn buat diet tau anakny ttp sllu makan enak,None,0
Fri Mar 14 12:12:02 +0000 2025,11,wujud makanan kalori amp gram protein sebelahnya kalori amp gram protein perkiraan [URL],None,0
Fri Mar 14 22:17:07 +0000 2025,0,sehari diet day madu tj murni kurma pagi air jeruk anget goreng tempe goreng sayur kangkung bening sosis bakso malam kolang kaling buah naga muesli kurma susu uht full cream bakso bihun putih kangkung rebus [URL],None,0
Fri Mar 15 02:31:31 +0000 2024,0,celestialevee oiya coba pake food tracking app buat ngukur asupan nutrisi hariannya jadi lama badan auto ngafalin protein intake hariannya cukup akhirnya urusan diet workout badan autopilot buat maintain bmi,D,1
Fri Mar 15 04:19:50 +0000 2024,1,jumlah kalori terkandung kurma makan kurma bikin gemuk cek faktanya sini idntimeshealth cekfaktaidntimes [URL] [URL],None,0
Fri Mar 15 15:39:41 +0000 2024,1,wah dicoba buat konsult profnya thanks infonya beberapa dokter beberapa negara sih perubahan signifikan amp dibarengin sama disiplin pola diet,None,0
Fri Mar 17 03:44:41 +0000 2023,0,percaya sama cantik putih percaya sama cantik kuruslangsing orang dietnya berhasil keliatan beda banget before afternya bahkan ngerasain sendiri lebih banyak insecurenya dibanding dulu,D,1
Fri Mar 17 09:27:50 +0000 2023,0,diet gampang asli susah banget konsisten ditambah tekanan keluarga jadi makin stress terus makan pelarian jadi naik maaf merasa terganggu,D,1
Fri Mar 18 10:11:55 +0000 2022,157,tubirfess laah mah gampang kecil hidup sama pembantu relate laah sama rakyat kecil sekarang prpbaby makan diet no minyak no msg no carbs no salt laaaaaah kitakita bagaimana,None,0
Fri Mar 21 15:22:29 +0000 2025,0,tahan jajan pdhl diet hemat kalau jajan jadi tantrum sendiri hawa nafsu jajanku sangat menggelora pengen kurus trus harusnya dah mulai ngrem pengeluaran hawa jajan tiap,D,1
Fri Mar 21 22:06:21 +0000 2025,0,aman darimana bjir cabe mahal malah disuruh kurangi makan pedas ngomongi pangan aman jelas meja makan aman lah bazeng argghh,None,0
Fri Mar 22 06:08:24 +0000 2024,0,ternyata kamu bikin es buah rendah kalori lho banyak alternatif bahan kamu gunakan menekan kalori terkandung dalamnya cek tipsnya idntimesinfografis berikut [URL] [URL],None,0
Fri Mar 24 05:13:24 +0000 2023,0,nanabynn diethingy kak mau tanya bingung cara ngitung jam if kalau sahur makan pas buka puasa makan bagaimana ngitung jamnya jam puasa sama jam makan perbandingannya berapa paham kak,D,1
Fri Mar 24 12:17:49 +0000 2023,1,diet abis makan jenang dodol gram banya banya pas cek fs kalori nyesel si cuma hari keanya banya makan makanan manis soalnya sahur pake overnight oatmeal buahnya banyak terus tadi pas buka makan buah hari total cont,D,1
Fri Mar 26 12:55:50 +0000 2021,0,selalu mmg macam nih been doing great in following up with my restrictive diet bila sekali datang urges and craving terus lupa diri and we re back again to square one ‍️,D,1
Fri May 02 14:55:46 +0000 2014,0,tahu kaya kalsium rendah kalori membuat tahu pilihan tepat menambah tinggi badan takut gemuk,D,1
Fri May 03 06:15:38 +0000 2024,0,olahraga mah bakar kalori bukan bakar memori hahahahaha,D,1
Fri May 06 07:27:08 +0000 2022,0,kalau makan nasi gorengan selama sebulan diganti oatmeal apa punya badan langsing wony diet lebih ekstrem [URL],D,1
Fri May 10 12:07:32 +0000 2024,1,meal plan day week day libur y tgl merah mendoan the previous batch was so guudd jadi bikin [URL],None,0
Fri May 12 06:52:23 +0000 2023,0,niatnya mau disiplin diet eh tiba maksi rapat hari rawon mungkin kontrol diri kalau rawon,D,1
Fri May 17 02:30:00 +0000 2024,20,kasihan monyet thailand mati obesitas sering diberi junkfood sebelumnya seekor monyet berjenis makaka thailand bernama godzilla tersebut sempat menjalani diet ketat viral detikcom [URL],None,0
Fri May 17 02:56:53 +0000 2024,1,mindiet sering banget baca reply beberapa orang cukup takut kalau makanan tinggi kalori padahal semua makanan tinggi kalori berbahaya loh bahas sekilas yuk,None,0
Fri May 17 03:58:48 +0000 2019,0,kamu menghindari makan kacang tinggi kalori takut jerawatan iya [URL],None,0
Fri May 17 15:25:09 +0000 2024,0,terapkan gaya hidup sehat begini cara hitung kalori harian dikonsumsi [URL],None,0
Fri May 24 01:22:19 +0000 2024,0,orang kelebihan berat badan kan makan normal porsi besar diet cara makan porsi orang normal x sehari hitung kalori diet,D,1
Fri May 24 03:32:03 +0000 2024,0,tiba² rajin olahraga mau bakar kalori apa bakar memori,D,1
Fri May 24 08:01:39 +0000 2024,0,siapa sini peminat air sirap limau mementingkan kesihatan mengelakkan pengambilan gula kalori tinggi risau kenaikan paras gula darah pengambilan kalori berlebihan minuman manis takut meningkatkan risiko masalah kesihatan [URL],None,0
Fri May 24 22:55:00 +0000 2024,30,drevachaniago apaandah diet keto bagus kalau tahu caranya dilakukan terus menerus pengawasan ahli tindakan medis lainnya memberi manfaat resikonya pahami risk amp benefit tindakan medis,D,1
Fri Nov 01 02:28:34 +0000 2024,0,berdasarkan hasil studi terbaru diet keto membantu mengembalikan siklus menstruasi perempuan teratur [URL] humaniora adadikompas,D,1
Fri Nov 03 00:23:57 +0000 2023,0,nih bahaya if menjadikanmu strict asupan apapun masuk tubuh cuma metode buat mengatur jadwal menjaga nafsu makan disiplin diet super strict gini risikonya tinggi konsekuensinya,D,1
Fri Nov 05 08:12:38 +0000 2021,11,febryankw newsplatter beratnya naik pengaruh bbrp mostly dietnya terlalu restrictive jadi enjoy ngejalaninnya jadinya stop diet balas dendam gt berat naik kekontrol [URL],D,1
Fri Nov 05 09:29:17 +0000 2021,0,jam jam dulu selalu craving parah sering gagal diet jam segitu,D,1
Fri Nov 05 12:13:36 +0000 2021,11,kelakar tgk ig explore muncul orang nih mmg kaki gym yada yada jaga kalori intake bagai kemudian beli makanan kalori tinggi kata mengidam makan nya ciput je sbb takut amek kalori lebih jadi apa motif kau beli awal kekadang kesian golongan nih,D,1
Fri Nov 08 00:21:07 +0000 2024,3,diet keto keto tuh kak seto orang diet keto rambutnya bakal kaya kak seto [URL],D,1
Fri Nov 08 02:30:05 +0000 2024,15,i rasa diet terbaik diet happy rasa berat nak buat also sesuai badan i sangat sangat marah orang pertikaikan buat if buat la keto eh diet nih bagus kena buat diet nih,D,1
Fri Nov 08 11:39:33 +0000 2024,0,benci banget hormonal meluap luap pengen makan terus sebel banget diet ku gagal selalu hormonal bikin binge eating,D,1
Fri Nov 08 12:28:50 +0000 2024,2,nasib paldoku gmn mana bungkus belom dateng si mas ajakin makan maooo katanya kalorinya gedee trus pas cek kalori sndiri takut banget mau makan lgsg naik bonus usogi bebek latepost banget pdhl lama [URL],D,1
Fri Nov 08 13:08:56 +0000 2024,36,lihat terus lihat opini orang x saksi mata jangankan saksi mata berperang melawan gizi buruk wabah massal timur jauh sana tengah malam hitung kebutuhan kalori anak complicated sekali orang modal buku terserahlah,None,0
Fri Nov 08 18:06:32 +0000 2024,1,padahal siang makan dikit banget eh malem malah ditutup seporsi mie bangladesh jumbo gapapa dah melenihi kalori harian sih harusnya,D,1
Fri Nov 10 03:52:43 +0000 2023,237,ketoprak diet total kalori bumbu kacangnya pake bubuk kacang terus tahunya dipanggang selamat early lunch semuanya [URL],D,1
Fri Nov 10 06:14:54 +0000 2017,4,siapa nih suka makan alpukat takut gendut tenaaang leminz alpukat memang mengandung kalori cukup tinggi baik tubuhmu loh [URL],None,0
Fri Nov 10 23:47:24 +0000 2023,33,diet sedih bet ngegym bulan timbangan stuck disitu pola makan g bener progressnya cuma makin kuat sama idk kalau lihat cermin booty makin gede dikit kalian gmn cara disiplin atur pola makan sender sering beli makan cont,D,1
Fri Nov 15 03:53:53 +0000 2024,1,pernah diet keto stop gula dn membatasi asupan karbo dibawah dn buahan kandungan gula sedikit semua orang cocok keto cocok bulan lingkar pinggang mengecil dn badan ringan meskipun turun banyak clana muat jadi muat,D,1
Fri Nov 15 04:20:54 +0000 2024,0,recook masakan nonton the backpacker chef s i named it ️kentang ahn bo hyun️ enak banget ternyata padahal cuma pake salt gula doang sayangnya kurang diet friendly digoreng kulitnya crispy guilty banget si makannya wkwk [URL],D,1
Fri Nov 15 04:59:36 +0000 2024,0,hampir bulan pelan pelan ngurangi konsumsi gula stop makan nasi,D,1
Fri Nov 15 11:02:23 +0000 2024,0,besok nebus surplus kalori hari jalan pagi target kamu deh bulimia nervosa,B,1
Fri Nov 17 09:36:22 +0000 2023,2,tanyarl diet ngurangin makanan manis hari pengen banget ngiler mau makan manis kata kalian mending makan apa engga takut ntr abis makan manis nyesel,D,1
Fri Nov 17 11:00:29 +0000 2023,0,nak kurus semestinya hari makan salmon bersenam naik penimbang order healthy foods kedai berlapar bersauna minum air lemon just perlu jaga disiplin konsistensi pemakanan diet amp senaman rules,D,1
Fri Nov 17 15:04:11 +0000 2023,1,two days dah mkn trlbih calorie i enjoyed my cheat days soo much dah refresh smula fikirann sbb semua craving dah satisfied esok back on track disiplin jaga diet,D,1
Fri Nov 20 12:35:20 +0000 2020,3,makan diatas jam malam takut sekarang kamu gaperlu risau khawatir soal makan malam jumlah calorie besar paket geprek bensu low calorie solusi makan sehat kamu rasa takut ngitung kalori hilang geprekbensu lowcalorie opp [URL],None,0
Fri Nov 22 02:53:58 +0000 2024,3,ide akalan siapa sih bilang kalau mau makan sehat tuh total makan tepung clean eating katanya pdhl asal eating in moderation makan mah makan gapapa capek banget lihat twit lewat selalu ngeri lama jadi eating disorder deh ‍️‍️‍️,D,1
Fri Nov 22 04:00:00 +0000 2024,7,rina nose menjalani diet intermittent fasting mana makan pukul siang hingga malam menarik pantangan makanan lho penting disiplin jam makannya ️ gtgt [URL] dietsehat intermittentfasting ⁣ [URL],None,0
Fri Nov 25 00:50:25 +0000 2022,58,ti ti pan diet mau defkal asupan kalori perhari bener brp mau kilogram btw tinggi bimbing takut salah defkal [URL],D,1
Fri Nov 25 04:09:09 +0000 2022,4,diet sirtfood berhasil menurunkan berat badan penyanyi adele pernah rutin melakukan pola diet menggabungkan defisit kalori makanan tinggi sirtuin simak deretan fakta diet sirtfood disini [URL],None,0
Fri Nov 29 12:52:33 +0000 2024,0,pas kosan dulu tantangannya menuhin kebutuhan kalori harianprotein rumah tantangannya defisit kalori,D,1
Fri Oct 04 15:30:23 +0000 2024,1,diet je kena menu omputih pastu semua benda bland and boring gila hahaha ilmi mmg takleh diet camtu dulu binge eating teruk amp takkan sustain jaga portion is always the way to go i cannot tinggal ayam gepuk amp nasi kandaqqqqq,D,1
Fri Oct 04 18:28:05 +0000 2024,4,habis lihat jurnal diet mba turun puluhan kilo beberapa bulan wowlah makan ttp disiplin nasi lauk sayur buah x sehari totally stop tepung i mean kalau mau masa makan bakso siomay pempek dimsum pangsit,D,1
Fri Oct 07 10:20:48 +0000 2022,0,bila kau dah terlalu lama kurus amp tengah gain weight and muscle bila harini skip lunch tiba² rasa insecure berat badan turun makan,D,1
Fri Oct 09 02:01:58 +0000 2020,0,tipsdietsyahira nak tanya dark choc brand apa sesuai sbb mcm takut kalori tinggi hahahah,D,1
Fri Oct 16 11:48:38 +0000 2020,47,vegan donats by pepita n sons a tiny coffeeshop in bali enaknya kira diet low carbs gagal total delivered to our home by jastip bali service punya frozen truck balijktbdg catet no wa cici nya [URL],None,0
Fri Oct 18 00:37:33 +0000 2024,0,kena tingkatkan kesedaran berkenaan kesihatan pentingnya keseimbangan diet harian there is no shortcut in having a balance diet and healthy lifestyle semua kena disiplin bukan setakat telan supplement supplement bukan penyelesaian masalah berat,None,0
Fri Oct 18 14:50:00 +0000 2019,846,gelisah galau selama jam membakar kalori sama menulis duduk sebuah meja,D,1
Fri Oct 25 06:02:50 +0000 2024,0,orangnya diet keto,D,1
Fri Oct 25 07:56:46 +0000 2024,0,cek paket kalori box flimnoodle box flimbar harga rp dapatkan shopee sekarang [URL] [URL],None,0
Fri Oct 25 13:46:05 +0000 2024,0,yarrafebryann lilyjkt mah pola makannya kudu dibenerin kalau kata dokter tirta kalau keseringan kumat gitu perutnya kudu sering diisi makanan porsi kecil kalau stres tiap ngopi sugesti sih orang diet kepikiran makanan terus,D,1
Fri Oct 28 01:53:25 +0000 2022,90,diet mau tanya dong ubi gini itungannya karbo kan kalian karbonya pake ubi gini tuh makannya dicampur sama lauk amp sayur dimakan sendiri takut rasanya jadi aneh kalau dimakan campur lauk sama sayur gitu [URL],D,1
Fri Oct 30 02:00:55 +0000 2020,0,lol pegi mampus nobody wants to live a shitty short life with stringent diet ak fhm lah golongan doktor restrictive gila pasal makanan tips diet nih satu and only satu je moderation ak xnak sentuh psl kebersihan and halal haram sbb bnde common sense,D,1
Fri Sep 01 11:30:59 +0000 2023,0,olahraga alasannya bakar kalori pdhl pengen bakar memori ckckkck canda deng bener si,D,1
Fri Sep 02 15:12:14 +0000 2022,0,diethingy halo disini pernah ngerasain sama engga perasaan mual makan makanan apapun makanannya sebulan selalu mual makan entah makanan cair ataupun padat,D,1
Fri Sep 06 14:51:28 +0000 2024,0,sekarang apaapa chatgpt bahkan curhat hitung kalori minta buatkan meal plan i love ai,D,1
Fri Sep 06 14:57:10 +0000 2024,2,pertama pastinya makan prinsip utama menaikan berat badan sulprus kalori jadi kalian perlu cek dulu kebutuhan kalori harian cek [URL] dapet info kebutuhan kalori harian kisaran berat badan ideal [URL],None,0
Fri Sep 07 05:36:58 +0000 2018,0,nak amik karbo takut gemuk thread sebenarnya bukan semua karbohidrat jahat amp menggemukkan karbo elakkan sejenis karbo biasa refined gula tinggi kandungan gula kalori [URL],None,0
Fri Sep 08 01:47:22 +0000 2023,0,olahraga bakar kalori olahraga bakar memori,D,1
Fri Sep 08 21:42:31 +0000 2023,0,olahraga alasan nya bakar kalori padahal bakar memori wkkwwkwk makasi buat diri ku pagi dah kamu,D,1
Fri Sep 14 03:13:06 +0000 2012,0,sempat sarapan takut telat kantor sekolah bingung pilih sarapan menunya tinggi kalori takut gemuk,D,1
Fri Sep 15 13:11:41 +0000 2023,0,beli buku qosidah burdah punggung ringworm bersisik istilah psoriasis september malam jumat check punggungku terkejut kulitku normal berbulan bulan disiplin diet parah dilanjut ikhtiar qosidah burdah sakit psoriasis hilang,None,0
Fri Sep 20 12:54:10 +0000 2024,0,gamau diet bulimia,D,1
Fri Sep 24 09:37:57 +0000 2021,0,diet karbo kak takut diabet,D,1
Fri Sep 27 13:22:33 +0000 2024,0,enga mau belajar takaran kalori makanan terus ngatain makanan takut kalorinya tinggi kok orang,D,1
Mon Apr 01 17:48:22 +0000 2024,0,setuju sama prinsip kamu orang good looking cuma pas langsing doang jadi kamu langsing good looking kamu cantik kalau pas gendut loh cari cewek lebih cantik kamu kalau kamu mau diet,None,0
Mon Apr 04 01:45:21 +0000 2022,0,makin insecure sama berat badan terusterusan turun jam tangan kelonggaran,D,1
Mon Apr 06 12:33:49 +0000 2020,0,minggu wfh makan apa full meal cemilan karbo selalu masuk minggu mulai diet takut banget pas masuk kantor celana sama baju malah kesempitan,D,1
Mon Apr 08 07:57:42 +0000 2024,0,bakal stress diet selama covidstress nya level takut bakal nangis kalau makan makanan sehat tinggi lemak gula sodium and kalori setakut naik berat badan,D,1
Mon Apr 15 13:04:19 +0000 2024,22,diet peresok hari hari diet semoga terus konsisten amp disiplin olahraga pernah skip rest day hari defkal aman ditambah walpaper lucu makin semangat hee kalian diet brp blntahun dijadiin lifestyle paling enak siii [URL],None,0
Mon Apr 24 06:11:33 +0000 2023,0,fix balik jkt disiplin diet,D,1
Mon Apr 26 11:31:28 +0000 2021,7,prinsipnya menu buka puasa memberikan asupan glukosa menutup defisit kalori sepanjang hari superfood ideal buat menu buka puasa [URL],None,0
Mon Aug 02 03:14:40 +0000 2021,4,diet defisit kalori banyak dipilih turunin berat badan menjalaninya kenali dulu aturan diet defisit kalori plus pilihan menunya penasaran [URL],None,0
Mon Aug 07 13:50:57 +0000 2023,1,dah diet lose weight must be something wrong with your diet janganlah stick to one way je also rentikanlah diet salad no carbs nih semua orang jadi tau,D,1
Mon Aug 07 17:53:47 +0000 2023,0,olahraga kok bakar kalori bakar memori lah wkwkwk,D,1
Mon Aug 14 07:38:05 +0000 2023,1,diet kalian bertahan berapa lama hitung kalori me bulan berhasil hehe,D,1
Mon Aug 19 10:53:58 +0000 2024,0,olahraga bakar kalori dikit jajannya otakotak bakar bumbu kacang minta ditambah mah ngefek dong,D,1
Mon Aug 19 22:32:24 +0000 2019,0,entah lihat makanan selalu takut kalorinya tinggi satu bungkus mie kalori krupuk persatuannya kalori satu porsi nasi kalori ternyata [URL],D,1
Mon Aug 22 12:42:04 +0000 2022,29,guys beneran jadi takut makan karbo pas diet [URL],D,1
Mon Aug 27 12:38:52 +0000 2018,0,ramai orang takut nak makan pisang time diet katenye pisang kalori tinggimanisnnt turun berat hmmmm pisang nih banyak khasiatnye memang terbaik makan diet sihat [URL],D,1
Mon Dec 02 14:27:19 +0000 2024,11,anjing hari makan k budget makan sehari cmn k cok malem gmn budget hari pake diet besok hukuman diri sendiri disiplin soal uang,D,1
Mon Dec 02 14:59:15 +0000 2019,0,today s diet is fine i skipped breakfast broccoli shrimp tempura and tofu for lunch no rice no carbs everything good all is fine until pm mas pesen ayam goreng berkah setengah ekor nasinya nasi uduk minumnya teh botol es,D,1
Mon Dec 02 18:55:33 +0000 2024,0,bulking takut gendut bagaimana sih elahh,D,1
Mon Dec 04 09:44:54 +0000 2023,1,keto diet atkin diet mcm sama je tgokkkk makan protein je no carbs,D,1
Mon Dec 04 12:37:01 +0000 2023,59,gula stevia memang rendah kalori coba cek dampak badan pernah pake selama minggu buat pengganti gula kopi efekny gigi sensitif indra perasa manis lidah jadi aneh jangan keseringan gaes,None,0
Mon Dec 05 05:53:20 +0000 2022,6,rek tutor naikin berat badan dong cowo tinggi cm berat badan kilogram insecure poll,D,1
Mon Dec 09 05:33:34 +0000 2024,0,abis eneg bikin meal plan hour dietary recall kunjung benar,D,1
Mon Dec 09 11:25:08 +0000 2024,14,spill meal planfood prep seminggusebulan punya threadnya thankiesss [URL],D,1
Mon Dec 09 11:42:24 +0000 2024,0,minggu nih punya disiplin diet padahal last week sgt berhemah nih esok confirm hancurrrrrr,D,1
Mon Dec 09 17:45:08 +0000 2024,0,makan hari berantakan alias mulai kelewat batas kalori harian fan makan processed food terus alhasil mulai muncul jerawat sengaruh ituuu pola makan,D,1
Mon Dec 16 16:30:10 +0000 2024,0,lebih susah menuhin kebutuhan kalori harian kebutuhan protein,D,1
Mon Dec 23 01:33:13 +0000 2024,0,yuk beneran diet ketat selektif makanan bukan makan porsi super dikit no tepung gula minyak,D,1
Mon Dec 25 00:44:16 +0000 2023,0,memang susah buat konsisten dn disiplin selama diet defcalwork out kalau haid pas nyeri bawaanny tidooor terus berlanjut selesai haid wkwkwk,D,1
Mon Dec 28 14:21:54 +0000 2020,0,jangan diet teruk sangat diet sepatutnya sustainable maksudnya amalan bertahan lama pengamal cepat give up diet ciri diet korang cepat give up ialah the one terlalu restrictive,None,0
Mon Dec 30 00:52:47 +0000 2024,0,nak kurus cepat diet keto makan tinggi lemak sihat avokado minyak zaitun protein sederhana ayam ikan telur sayur rendah karbo brokoli bayam elak gula nasi roti amp pasta minum l air sehari rt amp follow tips kurus,None,0
Mon Dec 30 08:19:33 +0000 2024,148,for those tengah diet buat intermittent fasting amp keto diet craving minum hot choc try bulletproof choc drink nih air coklat nih keto friendly amp takde caffein rasa manis lemak je amp chocolate rich rasa manis gula pengganti milo lebih sihat [URL],None,0
Mon Dec 30 12:29:19 +0000 2024,0,ide kreatif diet ketat,None,0
Mon Dec 30 16:07:26 +0000 2024,13,rafzanfazren hope i can be like kamu susah nk diet balik nih sbb nafsu makan makin kuat lagi² craving benda manis but im gonna make it sure i and consistent bersungguh² for this diet my goal weight is kilogram from kilogram doa kn ye,D,1
Mon Feb 03 04:53:29 +0000 2025,5,bjir beneran puasa bulan februari anjrit dipikir pikir ngapain kocak mines banyak defisit bukan defisit kalori beneran yeu qris bikin qrisis moneter [URL],D,1
Mon Feb 03 12:08:46 +0000 2025,121,diet tpi pengen ngemil cemilin ciki non msg tinggi protein serat terus kalorinya rendah rasanya enak bgtttt [URL],None,0
Mon Feb 03 14:16:29 +0000 2025,15,keluarin uang buat diet jaga makanan membership gym bayar pilates defisit kalori paling awal sangat sarankan pola hidup sehat percaya lah tuh pernah botox filler pola hidup sehat semuanya keliatan sama sekali [URL],D,1
Mon Feb 03 14:24:14 +0000 2025,1,tlonk like ella plank minggu body goals,None,0
Mon Feb 03 22:17:49 +0000 2025,0,kayaknya balik ngekost mau bikin weekly meal plan deh,D,1
Mon Feb 10 03:02:34 +0000 2025,0,kuatkan diri disiplin diet lapor sia,D,1
Mon Feb 10 03:18:58 +0000 2025,1,kalau defisit kalori jgn buru latah ttp diitung kalorinya sdm chia seed kalori tambah susu buah granola it s easy to make this into kalori,None,0
Mon Feb 10 03:59:15 +0000 2025,0,jnfoxrj defkal itung kalori harian misal kalori harian dikurangin jadi makan cukup kalori dibarengin sama intermittent fasting kalau blm defkal if pake metode jam makan jam puasa jam makan jam puasa,None,0
Mon Feb 10 10:46:05 +0000 2025,0,kok sih orang meal plan heran,D,1
Mon Feb 10 12:56:51 +0000 2025,0,diet keto prak [URL],D,1
Mon Feb 10 13:05:19 +0000 2025,388,star rekomendasiin lagu berisik apapun sebutannya buat didengerin olahraga bikin semangat buat bakar kalori ️ [URL],None,0
Mon Feb 10 13:08:16 +0000 2025,1,h makan gorengan berhasil membuat body goals [URL],D,1
Mon Feb 10 14:06:18 +0000 2025,0,beneran jadi punya energi extra pas gym jadi nafsu makan malah sekarang bingung asupan kalori harian terpenuhi gamau makan samsek,D,1
Mon Feb 10 14:41:18 +0000 2025,0,kalau hari makan ketoprak disebut diet keto,D,1
Mon Feb 13 02:04:56 +0000 2023,1,gmn caranya ubah calories soalnya ak cek bmr tdee ak kl mau kurangin kalori kan ttp mmenuhi bmr diet [URL],D,1
Mon Feb 13 02:24:42 +0000 2023,4,aquarius kesehatan berusahalah lebih disiplin menjalankan schedule diet kamu susun penyakit lama kumat,None,0
Mon Feb 13 10:35:20 +0000 2023,1,diet semangkok baksomie berapa kalori soalnya cek aplikasi sama web beda banget apk akurat sih makasih banyak,D,1
Mon Feb 15 02:25:39 +0000 2021,523,txtdrstorywa yawloh gendut banget si tergolong obesitas saranin diet pake baygon deh bakal nafsu makan bakal cod sama malaikat maut,D,1
Mon Feb 15 12:30:38 +0000 2021,0,diet kalori pisang molen mini tuh berapa takut tinggi banget kalorinya puasa sih hari,D,1
Mon Feb 17 01:36:41 +0000 2025,0,hai sobat sehat obesitas penumpukan lemak berlebuhan akibat ketidakseimbangan asupan energi energi digunakan waktu lama cegah obesitas olahraga teratur diet sehat yuk mulai hidup sehat sekarang [URL],None,0
Mon Feb 17 07:36:21 +0000 2025,4,dah ngatur meal plan perhari semoga konsisten,D,1
Mon Feb 17 13:12:53 +0000 2025,866,ohyxgkuy hai kak sebelumnya kamu paham dulu bagaimana tubuh manusia bekerja perut buncit lemak lemak → cadangan energi → cadangan energi dipake tubuh kondisi defisit kalori defisit kalori → kalori masuk lebih kecil kalori keluar,None,0
Mon Feb 17 13:48:39 +0000 2025,0,defisit kalori banyak banget godaannyaaa,D,1
Mon Feb 17 14:15:47 +0000 2025,0,seolahraga olahraganya kalori harian tercukupi mah percuma,D,1
Mon Feb 17 14:24:24 +0000 2025,2,usahakan defisit kalori terus dirumah banyak makanan banyak cemilan,D,1
Mon Feb 17 14:33:42 +0000 2025,5,betul kempis perut join program nih yes fokus pemakanan peserta mealplan berlaku kalori defisit tekan link bio details [URL],None,0
Mon Feb 20 04:39:38 +0000 2023,0,suka olahraga amp tau hard nya bakar kalori gula memang ngerii,D,1
Mon Feb 24 02:08:07 +0000 2025,2,tips jangan takut makan sahur amp berbuka beberapa orang berani menerima saran skip sahur berpikir makin sedikit makan makin cepat lemak berkurang padahal keliru risiko massa otot berkurang jauh lebih tinggi kamu mangkas kalori ekstrim,None,0
Mon Feb 24 02:52:22 +0000 2025,0,mamaku buka cokelat terus baru inget diet akhirnya dipaksa makan,D,1
Mon Feb 24 06:24:40 +0000 2025,1,duh susah nafas lihatnya g waktu bang laksanakan diet ketat,D,1
Mon Feb 24 09:31:20 +0000 2025,0,disuruh makan banyak katanya gemuk orang pengennya diet,D,1
Mon Feb 24 10:15:09 +0000 2025,463,usahain body goals walaupun olahraga rumah plusss jaga makanan sekarang makin sehat [URL],D,1
Mon Feb 24 12:45:41 +0000 2025,1,this is food innovation for fasting bukan tahan lapar aje dr soo vinci siap buat beauty jugak patutlah cantik muda bergaya,None,0
Mon Jan 01 11:25:29 +0000 2024,709,usahakan berat badan ideal tahun diet tb cm berat badan kilogram l pinggul cm l pinggang cm l dada cm l lengan cm l leher cm sender balik tiga bulan lagii doain konsisten yaa makasiihh,D,1
Mon Jan 02 01:30:27 +0000 2023,0,diet mulai hari ketat disiplin yuk yuk,D,1
Mon Jan 02 04:21:18 +0000 2017,137,pagi kal tengah hari k malam k total kal kalori terlalu rendah amp diet seimbang no carbs amp lack vits selamat [URL],D,1
Mon Jan 04 08:55:46 +0000 2021,3,orang diet takut nasi is real jangan takut nasi gais nasi sumber karbo bagus kegunaan tenaga makan nasi bila diet bukan ganti roti bihun kalorinya lebih tinggi nutrien kurang sbb melalui proses so nasi is better,None,0
Mon Jan 06 00:24:53 +0000 2025,1,kalau dapet disiplin diet hari h bakal rajin wo bakal jaga jam tidur,D,1
Mon Jan 06 04:17:26 +0000 2025,0,start diet omad carnivore hari nih semoga disiplin,D,1
Mon Jan 06 05:21:32 +0000 2025,23518,mau nilai gizi kasar makanan dibawah fyi seporsi makan layak seenggaknya kalori protein gr this one pisang gr nasi gr telur dadar g tahu tumis sdmgr susu coklat ml kkal g protein bagus [URL],None,0
Mon Jan 06 05:33:10 +0000 2025,11,mau diet keto apa artinya makan ketoprak terus,D,1
Mon Jan 06 07:56:56 +0000 2025,37,quesadilla sangat cocok semua orang sedang mencoba diet keto siapa sangat suka keju quesadillas diet lowcarb [URL],None,0
Mon Jan 06 11:09:09 +0000 2025,1,padahal kalau diseriusin keren lho bikin meal plan disesuaikan local produce sesuai musim,None,0
Mon Jan 06 14:32:06 +0000 2025,1,mulai meal plan nyeleneh sedikit sarapannya telor dadar sayur sama ubi ungu ubi ungu ternyata manis banget rada cocok sama telor dadar akhirnya makan ubinya belakangan sayurnya lebih banyak [URL],D,1
Mon Jan 06 15:39:21 +0000 2025,1,walaupun pake ahli gizi semuanya sama buktinya pas diulas layak ahli gizi mana ngasih ide buat masukin nugget meal plan sehat jadi tujuannya makan siang ngasih makan anak memang murni tujuan gizi seimbang,D,1
Mon Jan 06 15:40:44 +0000 2025,0,not that kind of political person beneran menuju indonesia cemas anjeng mulai info ppn dibatalin simpang siur banyak makan sang grtis amount caloriesnya memenuhi minimum jumlah kalori harian sekarang sty dipecat gws dah garuda dadaku,None,0
Mon Jan 08 15:21:52 +0000 2024,0,br sempet buka foto gopro paragliding diet lebih disiplin wkwkwkwkwkw,D,1
Mon Jan 09 17:24:35 +0000 2023,1,yuk diet bener chen kalau disiplin terus kapan mau lihat hasilnya,D,1
Mon Jan 13 00:09:33 +0000 2025,0,masak bungkus mie instan pakai telur persetan kalori harian mood berantakan jadi mau makan semau,D,1
Mon Jan 13 12:01:47 +0000 2025,0,abis berantem ama pacar skit kepala kumat ditlf diem diem tau setep abis makan kalau gda makanan ak bliin mandi tidur terus jgn lupa list ak meal plan kamu minggu apa bahan abis apa bliin semua duh si softspoken,D,1
Mon Jan 13 13:21:05 +0000 2025,0,emak kok terlalu baik orang pas acara ngasihnya telur sama ayam mending buat buat menuhin kalori harian g,None,0
Mon Jan 13 14:45:44 +0000 2025,8,arbiarsow benar orang lebih milih bertaruh dg produk inovasi minuman serbuk baru katanya padahal jelas sehat aman defisit kalori amp olahraga murah mau instan,None,0
Mon Jan 13 15:52:58 +0000 2025,0,bagaimana lapar takut gendut makan beng beng kali,D,1
Mon Jan 13 17:22:32 +0000 2025,0,arsuff bakal buncit kak kalau tau batasan kalori harian,D,1
Mon Jan 13 20:14:36 +0000 2025,0,nenekku soalnya nenek tiap hari masak selalu enak kalau rumah nenek auto disuruh makan banyak gabisa diet,None,0
Mon Jan 15 12:23:09 +0000 2024,4,himarch ohmybeautybank sesuaikan sama kebutuhan kalori protein harianku cek kebutuhan kalori harian [URL] protein ambil gr×berat badan,None,0
Mon Jan 16 04:58:46 +0000 2023,0,ahli gizi ingatkan makan tinggi kalori makan secukupnya berat naik [URL],D,1
Mon Jan 18 04:29:37 +0000 2021,0,ngeliat timbangan semakin takut gitu loh makan minum kalori tinggi,D,1
Mon Jan 20 03:37:26 +0000 2025,36,jom fahamkan kalori kalori unit tenaga makanan badan perlukan berfungsi turun berat kalori masuk lt kalori keluar calorie deficit kilogram lemak kirakira kalori pemakanan seimbang penting defisit terlalu,None,0
Mon Jan 20 03:49:42 +0000 2025,0,pengen defisit kalori lagii,D,1
Mon Jan 20 10:01:21 +0000 2025,0,defisit kalori day mencoba puasa wkwkwkw energinya lumayan terkuras abis detik mau buka pagi ikut kelas mat pilates naik turun tangga x hape ketinggalan meeting pabrik sekarang badan kayak balon toko cat,D,1
Mon Jan 20 10:19:26 +0000 2025,0,yuuu mulai hari defisit kalori kilogram bulan november sekarang naik kilogram disiplin sih,D,1
Mon Jan 20 10:24:46 +0000 2025,0,makan apa yaa mlm nyukupin kalori harian hari malas sekali memasak,D,1
Mon Jan 20 11:07:00 +0000 2025,2,viral wanita lombok berhasil turunkan berat badan lebih kilogram berkat diet jalan kaki motivasinya berawal bullying sempat obesitas angka kilogram [URL],None,0
Mon Jan 20 12:09:51 +0000 2025,0,ㅤ ㅤ halo kak fahri diet ketat soalnya rencana mau debut nih kak mohon bantuan doanya porsi makan dibelakang manager ㅤ ㅤ,D,1
Mon Jan 20 13:12:11 +0000 2025,0,ih pengen bikin emi buat nunggu war krs kalori harian ak masi nich cuz ak puasa kok maget,D,1
Mon Jan 20 13:35:47 +0000 2025,40,sayang jangan lupa makan malam buat tenaga kamu habis olahraga kasur buat bakar kalori,D,1
Mon Jan 20 16:57:19 +0000 2025,1,beb pengen diet gatau mulai darimana saranku dulu beb cek tdeecalculatordotnet terus tracking kebutuhan kalori harian install apk fatsecret catet apapun kalian makan [URL],None,0
Mon Jan 20 18:02:35 +0000 2025,2,beneran kangen badan segini allah lancarkan diet ku gendut kurus banget badan kecil pipi tetep berisi ideal banget [URL],D,1
Mon Jan 20 22:22:48 +0000 2025,10,mau body goals olagraganya konsisten,D,1
Mon Jan 22 03:58:32 +0000 2024,8,diet guys mau tanya januari mulai diet kok bbku ngestuck terus ngitung kalori olahraga jalan kaki jam tiap hari makan sayuran hijau kok makasih banyak,D,1
Mon Jan 22 07:47:00 +0000 2024,1,mulai sabtu lalu carol memutuskan stop pakai smartwatch amp sportwatch daily driver dibatasi olahraga tidur my obsession about health metrics has become unhealthy jalan kaki rekam strava dikit cek bakar berapa kalori,D,1
Mon Jan 22 10:18:17 +0000 2024,1,habis kau ingat negara asia maju dorang disiplin kuat diet pemakanan seimbang bukan sematamata training bola tgk analisis video je off season lah faham nih tgh major tournament kot rasa major lah,None,0
Mon Jan 23 06:14:09 +0000 2023,4,kunci terpenting baik konsisten amp disiplin apapun keinginan mau kamu gapai termasuk diet dapatkan badan impian progress nya lambat suatu tetap lanjutkan apa kamu mulai yaa [URL],None,0
Mon Jan 25 17:12:16 +0000 2021,0,tw ed desember lalu berat badanku cuma kilogram sekarang mulai naik pelanpelan walaupun takut aneh tiap lihat makanan tinggi kalori sendernya keren banget mau nyoba makan,D,1
Mon Jan 27 02:19:41 +0000 2025,124,mengirimkan hati wain sangat bekerja keras melakukan diet ketat comeback kali terlihat cantik depan xbliss perhatikan berikan banyak cinta xodiac wain comeback kali xodiac 소디엑 웨인 [URL],None,0
Mon Jan 27 02:59:47 +0000 2025,0,abis makan bakmi kwetiau cuma sdm disaat sedang diet ketat,D,1
Mon Jan 27 05:22:53 +0000 2025,15,suka orang gendut obes nyadar gendut please olaraga defisit kalori segendut,D,1
Mon Jan 27 07:20:16 +0000 2025,2,ugmfess gais kalian kalau ngitung kalori makanan pake aplikasi apaa mencoba hidup sehat tumbang skripsian,D,1
Mon Jan 27 10:27:03 +0000 2025,0,baru tau kalau telur kukus makanan orang diet pantes kalau keliatan sodara pas ak mam telur kukus suka cengcengin diet harihari kalau lapar males ngunyah ak bikin telur kukus lahhh enak nyommy [URL],D,1
Mon Jan 27 11:08:24 +0000 2025,0,gusy defisit kalori sih beli mixue matcha pengen,D,1
Mon Jan 27 12:44:46 +0000 2025,1,sering lihat orang fatty fatty ngehina orang kurus terus berstatement body positivity lah love yourself lah heyy gurll kalau lu gaada usaha buat olahraga defisit kalori bukan love yourself alias sehat kamu ngerawat diri kamu sendiri,D,1
Mon Jan 27 17:27:30 +0000 2025,0,yeah thats why tahun lalu selalu membiasakan apapun makanannya tetep minum air putih dulu baru ginjal kalau hilang satu wassalam deh biayanya sangat besar buat hd jaga pola makan penting,D,1
Mon Jan 28 04:47:39 +0000 2019,0,no carbs no gula makan ape gueeehhh,D,1
Mon Jan 29 03:36:19 +0000 2024,597,diet menu mam pagi kalori auto kenyang enak bangett seuprit ayam karage menambah rasa menjadi lezat [URL],D,1
Mon Jan 29 09:07:30 +0000 2024,1,diet kakakk defisit kalori cara ngitung makan berapa kalorinya gemana kak kurangin karbo banyakin sayur sama protein tiap porsi makan masi takut kalau ditotal kalorinya ternyata maintenance,D,1
Mon Jan 31 13:12:07 +0000 2022,1,diet tb cm goal weight kalian berapa,D,1
Mon Jul 03 11:05:55 +0000 2023,7,fuh terbaiklah hun haqeem bukan senang nak turun banyak sebulan je disiplin kena mantap nak diet nih tau mstar mstar [URL],None,0
Mon Jul 08 02:47:55 +0000 2024,453,rasanya insecure banget sih punya stretch mark tuh proses nurunin berat badan mana hilangnya instan jadi kudu lebih sabar and trust the process untungnya nemuin produk [URL],D,1
Mon Jul 08 07:31:55 +0000 2024,19,sedikit busy hari nih mengedit video buat meal plan and prepare for tomorrow nak pergi groceries shopping maleh nak drive boyfen mana boyfen,None,0
Mon Jul 08 11:16:01 +0000 2024,0,lo mendingan latian bikin batasan latian speak up kalau orang nyebelin tinggal ngomong omonganmu nyebelin bikin tersinggung jgn gitu mau naikin berat badan surplus kalori cek tdee internet track kalori pake apk fat secret angkat beban gym,None,0
Mon Jul 13 13:11:57 +0000 2020,8,ih sama banget diet craving mie instant damagenya parah ngerasa bersalah pas makan jadi biasa lemonilo to the rescue,None,0
Mon Jul 15 08:27:55 +0000 2024,0,wkwk pernah nemu modelan gini few years ago termasuk overweight ±kg enak banget asli ngerasa berat banget then heartbreak hit me mulai diet sekarang kilogram dibilang katanya jele kl kurus cakepan dulu montok pdhl emg berat badan ideal segini,D,1
Mon Jul 15 09:25:36 +0000 2019,1,visi membuat minuman dinikmati hari perasaan bersalah takut kalori berlebihan lihat beberapa menu kopi tren sebenernya sangat tinggi kalori kata elisa lifestyle [URL],None,0
Mon Jul 15 10:29:45 +0000 2024,0,kemarin ngoceh cuttingnurunin berat badan perlu takut makan karbo n mungkin latihan x seminggu nih atletnya langsung kalau cutting memang mesti ngurangin karbo seminimal mungkin [URL],None,0
Mon Jul 15 12:14:52 +0000 2024,65,diet si diet nyantai strict makannya clean eating malah stuck mindset jdnya bersuusah berat badan turun apa simply salah hitung kalori,D,1
Mon Jul 15 12:18:45 +0000 2024,0,diethingy salah hitung kalori mungkin salah lainnya diet nyantai makan gorengan gitu turun kilogram kok,D,1
Mon Jul 15 13:15:32 +0000 2024,1,niat ingsun bkin meal plan seminggu food prep dimulai minggu depan weekend lebih produktif,D,1
Mon Jul 15 15:43:49 +0000 2024,13,onyourshy banget workout cek kalori jogging jalan semua coba itung manual pas ngelangkah akurat,D,1
Mon Jul 15 16:11:44 +0000 2024,0,buat diet keto or lazy keto lebih loose tambah pulak if insyaallah makan sikit rasa full da amp yup telur rasa kenyang search fb group pmls program makan lemak sendiri byk sharing amp tunjuk ajar sifu,D,1
Mon Jul 15 18:30:00 +0000 2019,232,dieting is the number one risk factor for developing an eating disorder [URL],D,1
Mon Jul 19 22:54:59 +0000 2021,0,banyak orang mengeluhkan persoalan berat badan merasa insecure berat badan memang menjadi keresahan seseorang merasa berlebihan maupun merasa kurang [URL],D,1
Mon Jul 22 04:36:57 +0000 2024,65,olaraga nga pernah pake jam pinter jadi nga pernah cek berapa milyat juta kalori ilang just hadir capek letoy doms meninggoy tidur super nyenyak itung step kadang males nyalain strava jalan nyampe tujuan beres santai atlet bukan hihii,None,0
Mon Jul 24 12:35:00 +0000 2023,0,akhirnyaa masa insecure berat badan melebihi batas tentuin omogan orang mulutnya mulut dajjall,D,1
Mon Jul 24 13:00:33 +0000 2023,1,manfaat granola pengganti sarapan cocok sedang diet tahan lapar ber jam cemilan sehat menjaga kesehatan usus link [URL] [URL],None,0
Mon Jul 24 16:11:41 +0000 2023,5,diet [URL] lupa tambahin dulu beberapa kali memang muntahin makanan abis makan ngerasa bersalah banget abis makan ngaruh akhir soalnya muntahin makanannya cont,D,1
Mon Jul 24 18:54:06 +0000 2023,0,mulai hitung kalori lega ternyata kalori popcorn xxi segede reasonable cuma yh salt intake perlu diperhatikan but overall perlu ditakuti ak makan sewajarnya,D,1
Mon Jul 25 10:33:08 +0000 2022,0,takut nak anak minum minuman coklat manis melampau makin trauma mengenangkan gigi anak rosak gula tinggi jangan risau sawanah koko menggunakan gula nano rendah kadar kalori nya [URL],None,0
Mon Jul 31 11:16:51 +0000 2023,0,pernah sih ngerasain mau makan selalu cek kalori nya berapaaa google,D,1
Mon Jul 31 13:12:20 +0000 2023,12,keto rendah lemak jenuh ikan tempe memang hasilnya lebih bagus diet tinggi lemak jenuh daging merah mengontrol ldl,D,1
Mon Jun 03 06:28:10 +0000 2024,3,diet hallo gais bikin penelitian binge eating disorder nihh butuh banget informan buat memperkaya penelitianku adakah berkenan jadi informanku benefitnya konsultasi psikolog ahli gizi yaa,None,0
Mon Jun 05 13:23:46 +0000 2023,0,heran insecure sama berat badan pas kasitau berat badan brp kaget hah masasih berat badan kamu segitu keliatan soalnya yakan klen kaget palagi,D,1
Mon Jun 17 20:11:57 +0000 2024,1,cape tiap makan tiap minum ngitung kalori mana pengen martabak jam segini,D,1
Mon Jun 19 11:13:35 +0000 2023,0,dulu sorang staff nih datang once a week stationed kat sini buat sales kali datang mesti komen apa semua orang makan lepastu semua orang suruh diet siap cerita anak disiplin diet kurus je semua makan nasi,D,1
Mon Jun 19 12:02:37 +0000 2023,0,diethingy makan nderrr kalau kamu muntahin gitu jadi kebiasaan baik hasilnya dibagi kalau takut kalori nya terlalu tinggi,D,1
Mon Jun 20 13:35:42 +0000 2022,0,tips diet ku meski makan banyak kenyang tetap kurus perlu takut gendut makan banyakin lauknya karbo dikit energi dikejar susu uht pisang [URL],D,1
Mon Jun 24 08:47:08 +0000 2024,1,almost sebulan a bit progress okay lah takda lemak memang lama hilang diet disiplin,D,1
Mon Mar 03 06:30:00 +0000 2025,0,iya sih memang pengen kurus diet,D,1
Mon Mar 03 21:59:58 +0000 2025,0,takut gendut,D,1
Mon Mar 04 02:19:27 +0000 2024,10,kilogram gt kilogram bulan exercise ringan less carbo less gula more protein diet dulu alesannya waktu sibuk operasi terus ternyata memang akunya malas gerak disiplin [URL],D,1
Mon Mar 10 01:44:46 +0000 2025,1,ah untunglah bukan penyakit diharapkan cuma dikasih tau kalau jaga pola makan baiqlah tetap jajan bubur selama bulan puasa,D,1
Mon Mar 10 07:55:26 +0000 2025,3,seminggu lebih sakit makan gajelas asupan kalori nutrisi harian tercukupi i consumed less than of daily calories needed terus abis hilang hiling bandung bersama pacar tiba sembuh sekarang badan meronta alias kelaperan banget,D,1
Mon Mar 11 01:45:07 +0000 2024,1,diet sender salah satu orang kalau dateng bulan craving gabisa ditahan sama bloating parah naiknya kgan kalian bagaimana hv any tips craving kontrol,D,1
Mon Mar 11 12:42:37 +0000 2024,0,goal selama bulan puasa diet lose weight kalau ampe plisss [URL],D,1
Mon Mar 14 15:46:32 +0000 2022,2,kl disenggol topik masalah berat badan jujur jadi sensitif bangett kaya kepikiran insecure takut doi brubah pikiran sih niat buat berubah kan semua instant adakah punya pengalaman serupa kalian kl disenggol mslah berat badan lebih cont,D,1
Mon Mar 17 04:35:41 +0000 2025,0,eunoialsa kamu surplus kalori misal kalori harian kamu kamu makan kkal banyakin makan protein,D,1
Mon Mar 17 06:43:40 +0000 2025,3,intinya jangan terlalu fokus satu lupa kuliah organisasi penting kesehatan hubungan sosial diabaikan jaga pola makan istirahat cukup tetap sempatkan waktu buat orangorang terdekat ramadhan tetap sehat seru,None,0
Mon Mar 17 09:40:36 +0000 2025,0,puasa kemarin rasanya pas siang males ngapangapain sluggish buat konsentrasi susah padahal jaga asupan nutrisi makanan menghindari makanan bikin gula crash mengurangi gorengan banyakin sayur buah ngaruh,D,1
Mon Mar 17 15:09:52 +0000 2025,2,kimcgyu jaga pola makan ka,None,0
Mon Mar 17 16:24:17 +0000 2025,1,aslinya suka makan tengah malem bgini kalori sama protein harian belom tercukupi mana kalau waktu sahur kebangun gtw anjir terlalu kebo apa bgmn suara alarm kedengeran samsek,D,1
Mon Mar 21 03:25:30 +0000 2022,0,punya nyokap obsesi diet rasanya ‍‍ orang kalau pergi tuh dibilanginnya ati jalan kalau w no carbs no gula no fructose don t eat too much yayayayay gendut ah,O,1
Mon Mar 21 04:55:03 +0000 2016,2,takut makan spaghetti tinggi kalori cobain resep makanan diet yuk spaghetti marinara yummy [URL] asksusan,None,0
Mon Mar 25 01:14:11 +0000 2024,1,cari modelan gini kali yak dapet meal plan gratis,None,0
Mon Mar 29 03:23:42 +0000 2021,0,dulu fav sangat bancuh teh o panas cicah sekut hupseng lebih keping bila tau jumlah kalori tinggi terus jadi takut nak makan bertahun asalnya ambik keping ja jadi ketagih nak tambah,D,1
Mon May 06 13:32:57 +0000 2024,1,thick set banyak otot banyak lemak susah banget disiplin diet protein combine hiit amp cardio mulai konsisten tetap kan diet perannya lebih banyak,D,1
Mon May 08 04:43:42 +0000 2023,3231,makan pernah ngitung kalori prinsipnya sayurserat separo piring karbo piring laukprotein sisanya makan x sehari jarang minum manis underrated minum cc air putih setengah jam makan orang penyakit jantungginjal [URL],D,1
Mon May 08 14:04:05 +0000 2023,78,raya diet memang laut kena start disiplin balik [URL],D,1
Mon May 09 14:42:17 +0000 2022,439,nope kalori lemak tercakup kalori total kalori energi totalnya kkal kkal antaranya berasal dr lemak sisanya kkal berasal dr karbo amp protein,D,1
Mon May 13 09:51:01 +0000 2024,0,besok i mau mulai hitung kalori soalnya pas lebaran makan semrawut banget,D,1
Mon May 13 12:30:51 +0000 2024,2,diet sejauh lancar mulai mengurangi nasi sekarang malam hari stop makan berat jam malam alhamdulillah semoga konsisten,D,1
Mon May 13 12:52:51 +0000 2024,0,ngakunya niat olahraga buat bakar kalori padahal bakar memori kan,D,1
Mon May 18 05:46:20 +0000 2015,0,naik kilogram jelang pernikahan chelsea olivia malah dilarang diet terlalu kurus katanya kan [URL],None,0
Mon May 20 10:50:33 +0000 2024,0,usa melakukan kamu benci turunin berat badan suka karbo jangan diet keto mau dikatain kambing jangan diet vegan suka lari jalan kaki perlu ikutan trend ikutin kamu suka,None,0
Mon May 20 14:35:11 +0000 2013,0,amboila nih makan dah roti canai kalori tinggi takut boroi cehh belagak,D,1
Mon May 27 06:13:53 +0000 2024,0,telur menjadi makanan favorit banyak orang murah meriah telur memiliki kandungan kalori relatif sedikit [URL],None,0
Mon May 27 07:31:08 +0000 2024,0,bot hitung kalori harian,None,0
Mon May 27 08:24:05 +0000 2024,0,camilan rendah kalori aman diet cek yuk apa [URL],None,0
Mon May 27 08:24:28 +0000 2024,0,detikfood camilan rendah kalori aman diet cek yuk apa [URL],None,0
Mon May 27 13:55:31 +0000 2024,9,keto diet rusak jualan suplemen oknum non medis keto jangka panjang menormalisasi kolesterol biarkan tinggi mampu mengubah jadi hormon steroid padahal kolesterol tersebut buat haid normal jk mampu ubah tubuh tau caranya,D,1
Mon May 29 10:31:41 +0000 2023,124,guys minta judge makanan diet ku dong soalnya trust issue makan maintenance btw kalian pas kebanyakan liatnya kebanyakam pas cek kalori cuma tiga ratusan tia [URL],D,1
Mon May 30 12:23:38 +0000 2022,0,wow sedih banget lihat mf diet dietan nyiksa terus restrictive eating terus kalau cheating langsung ngehukum diri pake olahraga apa kesiksa,D,1
Mon Nov 01 12:34:26 +0000 2021,0,diet kalau mencapai weight goal brarti fokusnya weightloss dulu apa gmn kak,D,1
Mon Nov 02 14:01:48 +0000 2020,0,pesen makan malam pake grabfood menunggu cukup lama datang lauknya g nasi begini kalau bocah tambeng disuruh diet ampe grabid turun tangan menyediakan manu no carbs thanks grabid,D,1
Mon Nov 04 01:50:58 +0000 2024,7,people should stop normalize comment orang terlalu kurus nih i dh usaha naikkan berat badan but tk naik i rasa insecure betul yee so perlu cakap kat i kurus sangat lawa i dah tahu and i kurus bukan sbb i diet memang payah nk naik berat,D,1
Mon Nov 04 07:59:30 +0000 2024,5,terima kasih ucapkan pria pria berpaspor kuat topless body kotak kotak jalan jalan santai sepanjang ubud raya very inspiring brb puasa if jam diet keto,D,1
Mon Nov 04 08:05:33 +0000 2024,4,bahassoalfess lbi bidang biologi disuruh hitung banyak kalori beberapa jenis makanan jadi alasan kemarin tka sangat kecil dimunculkan soal² nya aplikasikan beberapa subtes salah satunya lbi pm,D,1
Mon Nov 04 15:43:58 +0000 2024,0,komunitas tertutup pythagoras memimpin kelompok pengikut hidup komunitas rahasia menjalani kehidupan sangat disiplin aturan ketat diet rutinitas bahkan pandangan dunia,D,1
Mon Nov 09 03:30:43 +0000 2015,68,nak hilang berat badan ketahui kalori sehari see link eat lesser calory than your body need [URL],None,0
Mon Nov 11 01:43:48 +0000 2024,11,makan pagi tengahari malam supper snacks in between penting pemecahan makanan amp kalori bagus kali meal time kamu makan banyak buat perut sentiasa rasa kenyang the problem with us self control,D,1
Mon Nov 11 04:33:08 +0000 2024,0,gaada bilang hitung kalori seseru,D,1
Mon Nov 11 05:18:08 +0000 2024,0,nadeera nafi bahan terlarang nak kurus bhhiburan penyanyi amal senaman diet seimbang ambil masa tiga bulan dapatkan berat badan ideal [URL],None,0
Mon Nov 11 07:30:08 +0000 2024,4,rek seminggu lebih rutin jogging defisit kalori kok malah jadi ndredeg apa pengaruh menuhin kalori harian sama anxiety,D,1
Mon Nov 11 11:58:55 +0000 2024,2,tips bulking cepet dong ges sehari dah makan kali menunya dada ayam terus kalori harian selalu bawah target ngejarnya pake apa to,D,1
Mon Nov 11 14:26:40 +0000 2024,0,guys disini pernah diet if jadi hari mulai diet if jam start jam jam mlm buat makan selebihnya off ngitung kalori si pake app fatsecret terus niatnya buat olahraganya sore abis pulker kalau kayak gini bener kan berlebihan dietnya tia,D,1
Mon Nov 13 13:22:13 +0000 2023,75,sorry sobat diet makin jenuh sama pertanyaan workout le sserafim worth ngaruh girls please cobain dulu hasil mengikuti disiplin konsistenmu kok coba veteran drop pengalaman kalian,D,1
Mon Nov 13 14:22:54 +0000 2023,0,konsep kecutkan lemak berkesan kalori defisit berlaku portion pemakanan betul disiplin diet konsisten kelaut senaman bebanan kali seminggu bantu shaping tingkatkan stamina rt amp follow lebih byk tips sihat,D,1
Mon Nov 18 08:46:20 +0000 2013,4,jalani diet ala iu lee jang woo kuat tahan lapar [URL],None,0
Mon Nov 18 13:56:44 +0000 2024,377,pengeluaran gweh bulan gym rb promo mantap dada ayam rb vitamin rb suplemen jt tetek bengek meal plan rb skincare rb promo tiktok dangdut ayu ting ting raisa agnes monica khodijah namaku [URL],None,0
Mon Nov 21 11:30:01 +0000 2022,0,semua orang cocok nerapin diet low karbo bikin mudah lapar jadinya food cravings enggakenggak makan karbo bakal bikin gendut kamu paham batasan tepat sesuai kebutuhan kalori harianmu intinya jangan takut sama karbo [URL],D,1
Mon Nov 23 08:57:45 +0000 2020,2,evie naksir cake nya takut gemukpasti tinggi kalori tuh,D,1
Mon Nov 25 10:33:19 +0000 2024,1,buset hari gym anjgggg badan takut gendut,D,1
Mon Oct 02 00:18:55 +0000 2023,1,jadi pacarku gratis konsultasi gizi dikasih tau apaapa soal makanan diitungin kalori makanannya dibantuin cek jurnaljurnal internasional diajakin kuliner kemanapun diajakin gramedia date dibolehin icip produk dibantu tau skincare cocok dirapiin smuamuanya,D,1
Mon Oct 02 12:21:46 +0000 2023,0,insecure sama berat badan eh pas naik ayunan ambruk anj,D,1
Mon Oct 07 10:53:03 +0000 2024,0,allah craving mcm tgh disiplin gila nih nak diet,D,1
Mon Oct 07 19:58:41 +0000 2019,1264,eating disorder is a disorder not a diet not a lifestyle not an aesthetic not a phase but a disorder,None,0
Mon Oct 14 12:42:23 +0000 2024,0,baru olahraga bakar kalori malah dikasi eskrim,D,1
Mon Oct 19 05:02:05 +0000 2015,0,so ngemil makanan tinggi kalori segera beralih chocolate fitbar kamu tetap ngemil takut gemuk deh,None,1
Mon Oct 21 05:57:29 +0000 2024,1,syifal tanyakanrl ngitung kalorinya jam makan dipecah jadi banyak jadi makannya berkali kali ukurannya kecil kecil perut lapar makan kenyang,D,1
Mon Oct 21 08:21:30 +0000 2024,0,mau coba bikin meal plan per minggu berantakan bagaimana mulainya,D,1
Mon Oct 21 08:58:54 +0000 2024,773,nah buat ngecek berapa banyak kalori dibakar jenis aktivitas fisik kamu cek compendium of physical activity nih websitnya [URL],None,0
Mon Oct 21 12:51:41 +0000 2024,0,semakin kritis kalori intake mau menghabiskan jatah kalori harian makananminuman tinggi gula ataupun tinggi lemak kebanyakan generasi orang tua sepertinya teredukasi baik perhitungan nilai gizi,D,1
Mon Oct 28 09:08:58 +0000 2024,2,nak praktis balik no gluten no gula diet kelemumur makin teruk search kat yt ramai komen memang kena tinggalkan refined carbs and gula,D,1
Mon Oct 28 10:43:17 +0000 2024,0,menyesal membeli permen banyak w berhenti makan habis program diet gula w serasa siasia,D,1
Mon Oct 28 18:21:42 +0000 2024,0,perutku lapar banget krucuk banter banget anjirrrrrrr im on my strict diet jadi stop makan malam doain konsisten,D,1
Mon Oct 30 09:37:44 +0000 2023,25,cara start diet if pernah diet latih diri disiplin diet minggu then cheat day hari perlu extreme diet kurangkan dulu makananminuman manis makanan bergoreng berminyak mkn real foods bukan makanan proses,D,1
Mon Oct 30 14:38:40 +0000 2023,0,work jadi cs kai ideal mepet bminya kira bakal lolos proses diet gatau pas wawancara lumayan kurus apa jadi maju mundur mau daftar katanya kai bener ideal berat badan tbnya,D,1
Mon Oct 31 07:48:01 +0000 2022,1622,kamu tahu hari hari nangis insecure pasal diri sendiri and tengah turunkan berat badan gila gila kamu nak jugak point out pasal saiz kacau hidup kamu sekarang nih,None,0
Mon Sep 02 04:42:51 +0000 2024,67,percaya ngak sih kalau permainan catur profesional membakar lebih banyak kalori dibandingkan berlari selama satu jam percaya ngak coba cek deh [URL],None,0
Mon Sep 02 09:10:48 +0000 2024,0,minggu kapan muak makan kentang sekarang makan jamur sabtu masak jamur crispy disangka hari minggu nginep kampung masaknya tumis jamur nah gongnya hari masak tumis jamur disclaimer meal plan buat seminggu dr kampung,D,1
Mon Sep 02 17:21:29 +0000 2024,2,ngeracunin cushion diet meal plan sekarang orang keracunan buat beli dyson airwrap my influence era is coming,None,0
Mon Sep 04 10:53:23 +0000 2023,0,olahraga bakar kalori bakar memori bestie️,D,1
Mon Sep 06 04:46:42 +0000 2010,0,mau makan takut gemuk kalori tinggi gunakan positrim rasa coklat kopi kesehatan tubuh,D,1
Mon Sep 11 08:43:08 +0000 2023,0,memang menolak paham gapapa gendut penting sehat gendut memang sehat lo semua bakal ngerti bagaimana usaha berat berat badan turun mencoba segala macam diet disiplin makan atur pola makan hormon berantakan stress macamy,D,1
Mon Sep 14 09:06:13 +0000 2020,229,hanifjamals paling kurang kalori capai kalori,D,1
Mon Sep 18 02:56:39 +0000 2023,2,yuyur baru sebulanan nyobain intermittent diajak suami surprisingly turun kilogram blm full disiplin diet makan enak banyak privilej buat busui,D,1
Mon Sep 19 05:19:13 +0000 2022,0,lama ngerasain craving parah terakhir diet akhir tahun lalu,D,1
Mon Sep 25 06:08:00 +0000 2023,0,relate banget sama neo force diet hitung protein amp kalori dimintain lama lama beli porsi,D,1
Mon Sep 25 11:37:22 +0000 2023,22,cek imtbmi estimasi body fat set up body weight goal estimasi kalori dibutuhkan nih body weight planner [URL] [URL],None,0
Mon Sep 27 06:15:48 +0000 2021,2,no no no haha macam nih dah lunch break to avoid this make sure portion lunch cukup protein complex carbs fibre air kosong rt and follow tips diet hari [URL],D,1
Sat Apr 08 13:58:38 +0000 2023,10,kadang takut sendiri kalau semisal total menu sahurbuka banyakan karbo nya saranin menu high protein low budget dong diet makasih ️,D,1
Sat Apr 16 16:28:36 +0000 2022,1,insecure sama berat badan suka sama pipi,D,1
Sat Apr 22 05:58:35 +0000 2023,0,coba hitunghitung kalori hari yuk [URL] [URL],D,1
Sat Apr 22 07:15:03 +0000 2023,1,cek kandungan kalori makanan khas lebaran jangan kalap makan [URL],D,1
Sat Apr 22 17:30:01 +0000 2023,2,small things pacar sender lakuin sender ngerasa bersyukur banget punya hshs jadi tau sender insecure berat badan lakuin tanyarl [URL],D,1
Sat Apr 27 04:48:41 +0000 2024,3,apa sangat nak post cuma nak ingatkan perubahan mampan perlukan masa amp disiplin exercise won t cancel out bad diet jadi jom kekal aktif berkomuniti makan makanan sihat amp segar dapatkan tidur cukup hidup bahagia tahunkelima [URL],D,1
Sat Apr 30 23:42:54 +0000 2022,0,h lebaran beli timbangan insecure berat badan makin naik bulan puasa smoga jadi motivasi buat diet abis lebaran [URL],D,1
Sat Aug 05 02:00:31 +0000 2023,0,people gmn diet gausah olahraga me olahraga gausah pake diet lah mana mgkn sedikit lebih menikmati workout dibanding cut makan kelaperan selalu deh beneran abis lari makan tetep bsk pagi mules kelaperan dimsum dn pecel ayam padahal,D,1
Sat Aug 12 06:14:06 +0000 2023,116,diethingy diet mengatur pola makan bertujuan menjaga kesehatan tubuh coba hitung kalori kandungan makanan baik kesehatan tubuh,D,1
Sat Aug 19 04:56:34 +0000 2023,0,no carbs sarapan makan siang nyisain sedikit kalori sapa tau diajak laras keluar kan,D,1
Sat Aug 19 13:43:41 +0000 2023,0,tracking kalori kurangin gula makan real food n malam bini bikinin jasuke,D,1
Sat Aug 24 10:10:38 +0000 2024,0,kebutuhan kalori harian an mau cut kkal perhari,D,1
Sat Dec 02 04:30:02 +0000 2023,0,cara efektif belajar disiplin diet mempraktekkannya bakal banyak bolongnya diawalawal sisanya baca quote iki planning berubahpelanpelan sehatproduktifid,D,1
Sat Dec 02 13:41:33 +0000 2023,0,tahap insecure soal berat badan terus makin komen seenaknya makasih banget berani post ootd after like a year soalnya stress turun kilogram kurun waktu seminggu iya kok gendut dibanding dulu makasi for making me more insecure [URL],D,1
Sat Dec 03 12:48:31 +0000 2022,1,diet defisit kalori serem banget tawww segala makanan dihitung kalorinya dihitung tepungpencetus inflamasi takut sama lemak lemak tinggi kalori we need fats my fren we need them yuk berhenti hitung kalori mulai fokus nutrient density,D,1
Sat Dec 09 01:33:04 +0000 2023,14,semangat workout today diet hari kalian workout apa jangan menyerah jangan bosen tetap disiplin menjalani pola hidup sehat amp olahraga [URL],D,1
Sat Dec 16 06:16:08 +0000 2023,0,apa option kurus kt klinik dr slain saxenda disiplin diet exercise [URL],D,1
Sat Dec 21 02:52:17 +0000 2024,0,junkyu pipinya doang chubby badan nya kurus banget kakinya tambah diet ketat,None,0
Sat Dec 21 06:58:09 +0000 2024,0,berhasil menjalani diet ketat penampilan aurel hermansyah kini banjir pujian netizen makin langsing intip potret terbarunya kenakan dress hitam [URL],None,0
Sat Dec 28 00:44:57 +0000 2024,2,aneh akhirakhir sering cek dulu jumlah gula sama kalori per sajiannya tetep dibeli si kocak teh walaupun gede,D,1
Sat Dec 28 02:40:24 +0000 2013,0,sarapan shake loo kamu sarapan tinggi kalori takut lemak nimbun think again gaes [URL],None,0
Sat Dec 30 07:20:38 +0000 2023,978,of course tetap defisit kalori tahan lapar mood berantakan kerja kalau lapar my typical meal breakfast whey oat white egg omelet putih whole eggs plain yogurt snack pagi sore buah siang makan biasa warteg nasi stengah,D,1
Sat Dec 31 11:10:44 +0000 2022,0,harapan tahun lebih sukses lebih berkecukupan lebih baik langsing berhasil diet bahagia tetap jadi diri sendiri,D,1
Sat Feb 01 01:07:37 +0000 2025,201,balas caci maki kesuksesan body goals cantik elegant beratitude orang bilang gilaaa ko malah makin sukses sihh,None,0
Sat Feb 01 06:17:41 +0000 2025,0,bbongbongi indo malah diet keto [URL],D,1
Sat Feb 01 06:44:08 +0000 2025,4782,belanjaan amp meal plan minggu tiap weekend selalu pusing mikirin meal plan padahal tiap minggu menunya beda semua belanjaanku hari nyampe rb cape deh abis belanja amp wadahin ak senang sekarang mau masak dulu wkwkwk jam segini blm selesai masak [URL],D,1
Sat Feb 01 07:23:14 +0000 2025,0,bongbongiee diet ketat,None,0
Sat Feb 01 11:47:10 +0000 2025,0,memejamkanmata tirtacipeng benar cek kalori intake harian,D,1
Sat Feb 01 13:45:43 +0000 2025,0,bbongg diet keto [URL],D,1
Sat Feb 01 22:00:00 +0000 2025,0,vegan diet or keto diet,None,0
Sat Feb 08 02:01:19 +0000 2025,8,bener nd kalau merokok bikin tahan lapar soalny ad tante ku turun kilogram lebih blg sih diet kmren wktu jln berdua singgah merokok trus suruh jgn blg sp sp haha kaget trnyata rahasia nya turun moka cb takut bau mulut sama gigi kuningwdyt,D,1
Sat Feb 08 02:35:12 +0000 2025,1909,sender baru tau ternyata jalan kaki tuh ngebakar kalori k wah kerenn pantes orang korsel ama jepang langsing [URL],None,0
Sat Feb 08 03:45:32 +0000 2025,0,canabeans flamenca platter tastes so good rela jatah kalori harian abis cmn buat,D,1
Sat Feb 08 04:14:39 +0000 2025,0,cek snack buah strawberry kering freeze dried strawberry cemilan sehat strawberry kering cemilan snack diet rendah kalori dried freeze whole strawberry harga rp dapatkan shopee sekarang [URL] [URL],None,0
Sat Feb 08 04:54:57 +0000 2025,0,defisit kalori nder,D,1
Sat Feb 08 05:08:01 +0000 2025,3,sumpah perfect banget gym punya working space sangat nyaman kaya disini asli best banget lu kata ftl kemanggisan sambilan engap abis makan siang kerja dulu gym tetep produktif wujudkan body goals [URL],D,1
Sat Feb 08 05:12:10 +0000 2025,0,stop makan nasi taun sangat worth it turun kilogram kurang lebih,D,1
Sat Feb 08 09:18:51 +0000 2020,452,abis pikir kok mak tega nyuruh anaknya artis cilik sih diet no carbs terus sit up i mean she s just a kid mudahan maknya bercanda,D,1
Sat Feb 08 10:35:11 +0000 2020,0,to patient awak diet extreme sangat tau awak collapse to no carbs no gula diet dying,D,1
Sat Feb 08 13:33:47 +0000 2025,0,balik era hitung segala macem kalori protein rebus dada ayam tiap hari,D,1
Sat Feb 10 04:15:24 +0000 2024,0,abis makan besar be like wah besok olahraga keras nih bakar kalori [URL],D,1
Sat Feb 11 03:21:33 +0000 2023,0,keto diet recipesketoketofood [URL],None,0
Sat Feb 14 11:14:30 +0000 2015,0,awatifosmanudin akak makan tadi best satu je takut kalori tinggi malam nak makan nasi arab,D,1
Sat Feb 15 01:31:37 +0000 2025,0,emg terima kenyataan kayanya tinggal sama ortu gabisa defisit kalori sih melalui omongan omongan kok dimasakin dimakan,D,1
Sat Feb 15 05:15:25 +0000 2025,0,kayaknya stop makan nasi porsi,D,1
Sat Feb 15 05:54:14 +0000 2025,1,bayangin workout sehari gitu cuma cardio terus doms rest nya hari kalau pakai defisit kalori,D,1
Sat Feb 15 08:16:46 +0000 2025,0,baru buat lazy keto diet almost a week now berat before start diet kilogram pagi tadi timbang dah kilogram berat berubah kgkg since last year baru seminggu lazy keto plus brisk walk minggu dah kilogram hilang inch loss banyak lassgo kilogram raya,D,1
Sat Feb 15 11:53:23 +0000 2025,0,habis cek kebutuhan kalori sama bmi,D,1
Sat Feb 15 13:28:16 +0000 2025,1239,pistachiopie kakak obesitas diet cara engga obes coba luluran seminggu x pakai toner glicolic acid pakai bath gloves pakai teratur aha pakai hb marina biru gong ngratain warna kulit even bikini line,None,0
Sat Feb 15 23:25:46 +0000 2025,0,defisit kalori persiapan puasaeh semalem mimpi makan bolu sekotak,D,1
Sat Feb 18 09:44:07 +0000 2023,0,jadi cemilan terenak ahli gizi ingatkan jangan skip hitung kalori pas makan pisang goreng cemilanpisanggoreng adaapahariini [URL],None,0
Sat Feb 18 09:50:12 +0000 2023,2,pacarmarkjlee diethingy defkal jadi makan jumlah kalori sehari dibawah tdee diatas bmr kak buat cek kalori pake aplikasi fatsecret makannya makan masakan mama kok nasi dikurangin terus banyakin lauknya terus makannya x sehari,D,1
Sat Feb 22 00:50:33 +0000 2025,0,perdapuran berniat memperlakukan bulan puasa bulan biasa masak biasa usah nambah spesial bikin gorengan lah tambahan lauk lah biasa meal plan jadi bikin meal plan khusus ramadan,D,1
Sat Feb 22 01:01:51 +0000 2025,0,capecape olahraga jaga pola makan defisit kalori ngatur pola hidup sehat eh malah ditanya kamu sakit apa,D,1
Sat Feb 22 01:08:20 +0000 2025,0,lacerzt cuma banyakin makan sih cek kalori harian terus makan kalorinya lebih tinggi kalori harian kemaren sih gitu soalnya gendutan dulu baru dibentuk gym,D,1
Sat Feb 22 03:04:08 +0000 2025,7,demurycutesy perut rata bbrp kemungkinan makannya memang dikit mepet bmr bahkan bawah bmr sehat body fat rendah hasil defisit kalori angkat beban waktu take foto kalau take fotonya pagi abis berak yah langsing kalau sore baksonya nongol dikit,None,0
Sat Feb 22 03:43:11 +0000 2025,0,mauuuu makan takut gendut,D,1
Sat Feb 22 05:28:13 +0000 2025,1,nunu nih diet ketat mau mam takut,D,1
Sat Feb 22 07:06:38 +0000 2025,36,yakinin bakal berhasil diettolongaku termasuk obesitas yakinin bakal berhasil,D,1
Sat Feb 22 07:22:41 +0000 2025,187,diet keto manfaatnya banyak terutama pengen cepat turun berat badan [URL],None,0
Sat Feb 22 09:04:24 +0000 2025,0,efek panjang diet ngerasa bersalah kalau makan lebih dikitngemil ngerasa bersalah kalau workout sehari doang buat istirahat,D,1
Sat Feb 22 11:18:15 +0000 2025,0,ku suka belajar cemilan pengen diet pengen kurus nyemil semangat pengen kurus hufft lebih baik scroll,D,1
Sat Feb 22 12:38:51 +0000 2025,0,from to menuju body goals,D,1
Sat Feb 22 20:28:33 +0000 2025,1,penasaran deh polisi pernah phk massal sih bahkan maaf obesitas sekiranya cukup mampu buat menjalankan tugas polisi misalnya ngejar maling dikasih program diet,None,0
Sat Feb 24 00:51:24 +0000 2024,0,hmmmm menarik nih i tahun lepas plan nak diet cumanya kena disiplin and jauhkan diri letak susu la kot eh i memang minum in letak susu double the manis bunuh je la aq,D,1
Sat Jan 02 13:11:57 +0000 2021,0,kak ivon lo takut tinggi kalori,D,1
Sat Jan 04 00:23:00 +0000 2025,0,mau diet mau defisit kalori n workout,D,1
Sat Jan 04 10:42:34 +0000 2025,0,ohmyvnus ngecek cek kalori nya,D,1
Sat Jan 04 11:03:15 +0000 2025,0,temukan ml cuka apel organic apple cider vinegar keto diet detox pelangsing penurun berat badan seharga rp dapatkan sekarang shopee [URL],None,0
Sat Jan 04 14:00:55 +0000 2025,1,lapar takut gendut,D,1
Sat Jan 04 14:36:54 +0000 2025,6,idolnya bilang jangan diet ketat oknum fansnya nyindir body idolnya terus semua,None,0
Sat Jan 04 16:43:17 +0000 2025,0,ohmyvnus hahaha kl cek gula kalori,None,0
Sat Jan 11 09:05:08 +0000 2025,0,kick off program makan bergizi gratis berjalan cara hitung kebutuhan kalori harian anak sekolah [URL],None,0
Sat Jan 11 10:12:32 +0000 2025,0,mencoba diet ketat kemaren sempet turun kilogram bulan eh asam lambung naik,D,1
Sat Jan 11 13:15:00 +0000 2025,2,infold besok tambahin fitur buat diet dong hitung kalori buat makanan trus tambahin alarm dibangunin ayank,D,1
Sat Jan 11 15:31:04 +0000 2025,0,diet keto pola makan rendah karbohidrat tinggi lemak membantu menurunkan berat badan cepat pahami cara kerjanya risikonya mencoba [URL],None,0
Sat Jan 16 03:18:45 +0000 2021,0,sakit gerd bener ngajarin pola hidup sehat sekarang makan jadi berani berlemak susah dicerna lambung makan dikunyah bener jadi cepet kenyang olahraga teratur banyak gerak abis makan kaya orang diet bener sih jatohnya,D,1
Sat Jan 18 00:17:30 +0000 2025,0,makin kesini pertimbangan buat sembarang jajan hemat ngejaga kalori harian akhir² sering banget pengen jajannnn hufttt padahal taun kudu turun kilogram pelisss,D,1
Sat Jan 18 02:40:00 +0000 2025,3,diet keto metode diet rendah karbohidrat pengurangan asupan karbohidrat menggantinya lemak cara makanan dikonsumsi [URL],None,0
Sat Jan 18 02:43:44 +0000 2025,1,kalori berlebih nasi nasi putih tinggi kalori karbohidrat dimakan berlebihan digunakan energi tubuh menyimpan kalori lemak terutama perut batasi porsi nasi mencegah surplus kalori harian,None,0
Sat Jan 18 02:57:54 +0000 2025,0,makanan dietku kurleb hari dah turun kilogram jogging menit sarapan dimulai pkl makan siang makan nasi normal makan biasanya hitung kalori makan mlm pkl [URL],None,0
Sat Jan 18 05:51:50 +0000 2025,0,susah anjer diet keto,D,1
Sat Jan 18 06:52:25 +0000 2025,0,kalori intake harian tuh gmn si kenyang bejir,D,1
Sat Jan 18 07:45:28 +0000 2025,58,diet kukira musclenya bakal turun banyak bulan terakhir banyakan lari main dumbbell rumahnya disiplin eh ternyata sekarang balik gym rajin [URL],None,0
Sat Jan 18 10:13:12 +0000 2025,0,apalah baru turun sekilo padahal defisit kalori januari self reward gacoanudang keju sih wokawok,D,1
Sat Jan 18 12:53:24 +0000 2025,0,duhh lapar gamau makan takut makin gendut,D,1
Sat Jan 18 13:32:38 +0000 2025,18,definsi diet yoyo diet yoyo berat turun naik mendadak berulang biasanya berlaku bila diet terlalu ketat berat turun cepat mudah naik semula kitaran ganggu kesihatan jangka panjang fokus gaya hidup sihat bukan sekadar diet,None,0
Sat Jan 18 17:03:55 +0000 2025,0,body dysphoria and eating disorder isa real thing nanya kali pas rere bilang lu sekecil badan iya merasa diet orgil,O,1
Sat Jan 18 18:00:47 +0000 2025,2,butuh meal plan menghadapi living alone phase mulai besok beli crisbar tiap hari,D,1
Sat Jan 20 02:26:56 +0000 2024,0,punya la rasa serba salah mkn roti canai tadi then cek balik kalori keping weh nk nangiss hahahaha,D,1
Sat Jan 20 03:35:15 +0000 2024,5,diet spill aplikasi buat hitung kalori dong,None,0
Sat Jan 20 03:37:03 +0000 2024,1,diet titipan jadi obes tingkat nah defisit segala macem berat badan ku stuck situ situ turunnya cuma kilogram sedih banget jalan minggu sarannya olahraga trus kalori harian selalu hitung pake aplikasi,None,1
Sat Jan 22 17:47:42 +0000 2022,0,insecure wajah insecure kepinteran insecure ekonomi insecure tinggi badan insecure berat badan semua insecure heran,D,1
Sat Jan 25 01:50:53 +0000 2025,1,tai banget lah influenser masang highlight diet journey isinye liposuction suntik treatment muka tirus akhirnya kurus waktu bulan pake embel semua kalau disiplin konsisten naon,None,0
Sat Jan 25 05:38:46 +0000 2025,1,wow defisit kalori membuat banyak membaca sedikit bicara mencantumkan sumber menulis buku sejarah dunia disembunyikan terhindar radikalisme ethnic cleansing disponsori ethnostate paling kejam sejarah,None,0
Sat Jan 25 12:45:08 +0000 2025,2,sebenarnya si joongjoong pernah bulky dulu diet ketat buat event paris fashion week takut bajunya muat pas songkran tahun lalu sempet manyun bnyk bilang dunk sekarang lebih gede bilang body goals beda sekarang gede จุงอาเชน [URL],None,0
Sat Jan 25 12:52:43 +0000 2025,9,ternyata defisit kalori bagus bejir body ak anjayyy,D,1
Sat Jan 25 13:11:19 +0000 2025,0,hai kalian tips buat defisit kalori bertahap jadi engga terlalu extreme terus lama kelamaan berkembang gitu ty in advance temanteman,None,0
Sat Jan 25 13:43:48 +0000 2025,1,menjelang minggu diet keto semakin berenergi bergairah menyala terus hormonhormon ku,D,1
Sat Jan 25 14:26:32 +0000 2025,22,diet workout nya pake running dumbbell hari ngelakuin running dumbbell sehari sekali selama menit lumayan nguras keringat ngelakuin running dumbbell tiap hari defisit kalori efektif buat diet,D,1
Sat Jan 25 14:50:42 +0000 2025,1,lama olga makan banyak terus ngemil terus makan manis manis terus es terus fixxxxxx doa terkabul mau buat kilogram,B,1
Sat Jan 25 15:09:48 +0000 2025,1,perut bunyi gaje mau makan takut gendut mau hasil diet berbulan kmrn sia huhu,D,1
Sat Jan 27 01:36:04 +0000 2024,62,diet i realized olahraga bukan buat bakar kalori makanan extend tdee semakin aktif jatah kalorinya gede semakin gampang buat defkal,D,1
Sat Jan 30 14:41:58 +0000 2021,213,makan sikit je berat makin naik sbb apa breakfast skip mengunyah time keje kcal lunch kcal bergoreng mengunyah time keje kcal dinner skip mengunyah malam kcal ingat guys kudapan tinggi kalori tau rt amp follow tips kurus,None,0
Sat Jan 30 19:50:22 +0000 2016,0,salah alasan jadi ibu asi terwujudnya impian semua wanita mknnikmattinggikaloriberulangkali takut gendut sperti bi,None,0
Sat Jul 06 08:45:40 +0000 2024,43,diet kuliah kerja full time no olahraga selama nerapin if jam jam siang makan terus stop makan jam malam hasilnya waktu minggu berat badan turun kilogram pup mulai rutin ap brarti dh benar caraku nurunin berat badan guys,None,0
Sat Jul 08 11:58:09 +0000 2023,0,diet guys ngerasa kebanyakan makan manis apa kalian lakuin setelahnya terlalu ngerasa bersalah makan manis manis,D,1
Sat Jul 10 05:07:12 +0000 2021,0,diet guys tau kira kira kalori ayam geprek keprabon berapa soalnya mau takut tinggi kalori,D,1
Sat Jul 13 02:17:49 +0000 2024,0,pagi pagi dah buat meal plan seminggu kedepan,D,1
Sat Jul 13 02:21:18 +0000 2024,0,bntrptr ogitu pernah cek kalori sempet sekali sih keseringan pake maestro,None,0
Sat Jul 13 06:36:32 +0000 2024,3,mitos pulak kan dah letak jangan makan heavy lewat malam no ha no dah cakap omad omad nak makan banyak kali in small portion nak if nak buat keto diet ikut jelah masing masing asalkan still under calories intake terkawal,None,0
Sat Jul 20 05:12:42 +0000 2024,0,ohhh punya client tinggal jkt jawanya medok jadi kusimpulkan orang jawa pas konsul diet kak so far meal plan buat susah buat si ikutin engga kok mba aman seminggu kemarin jepang memang susah sih buat ngikut meal plannya,None,0
Sat Jul 24 08:02:58 +0000 2021,0,debm diet kok rendah karbo takut kolestrol yak,D,1
Sat Jul 25 01:28:32 +0000 2020,940,turun kilogram masa hari amalkan intermittent fasting if menumenu diet suku separuh apa if jam puasa malam tengah hari jam waktu makan tengah hari malam puasa makanan je air minum macam biasa [URL],None,0
Sat Jul 31 12:22:00 +0000 2021,0,moment langka jadi didokumentasikan i finally hit my weight goal wlpn cara sehat diet loh hahahhahah [URL],D,1
Sat Jun 03 07:38:38 +0000 2023,0,tadi berat lepas makan nasik lemakpagi ialah kilogram rasakan berat turun sikit semenjak diet makan wrap nih huhu i disiplin makan snack lepas lunchrahsia,D,1
Sat Jun 03 11:22:04 +0000 2023,4,ngerasa overthinking banget selalu ngerasa olahraga maksimal ngg makanan bener ngg jadi takut ngg kalau ngg kurus diet,D,1
Sat Jun 06 08:30:11 +0000 2020,1,makanan manis memang diciptakan dessert memuaskan lidah mesti jadi mimpi buruk takut kalori lemak tinggi caranya kamu memilih cerdas jenis dessertnya [URL],None,0
Sat Jun 08 05:48:49 +0000 2024,1,pernah nonton dokumenter sumo memang pegulat sumo sangat disiplin training usia anak² diet ketat sangat tinggi protein rendah lemak sup biasa konsumsi namanya chankonabe,None,0
Sat Jun 11 04:44:38 +0000 2022,0,jalan bulan begini selalu sarapan selalu makan malam disempetin tidur siang merasa insecure berat badan melonjak ternyata stabil efek ngelaju,D,1
Sat Jun 17 12:00:00 +0000 2023,47,tanyarl sebutkan tinggi badan berat badan kalian dong sender insecure sama diri sendiri,D,1
Sat Jun 18 01:56:14 +0000 2022,113,hey cuma mau bilang turun ±kg karbo konsumsi tiap hari selalu nasi putih jadi jangan takut makan nasi nasi putih ️ diet [URL],None,0
Sat Jun 20 09:25:55 +0000 2020,907,positif thinking timbangannya ngambek makan normal kok kalorihari cuma memang didominasi sama sayur,None,0
Sat Mar 01 07:07:56 +0000 2025,0,malah seneng liatin orang mukbang pas diet puasa wkwkwkwk puas gitu jadi gaakan pengen makan gangguan jiwa kan,D,1
Sat Mar 08 11:08:45 +0000 2025,0,takut eating disorder dah takut makan jujur puasa bikin makan nasi kali biasanya sekali,B,1
Sat Mar 08 21:26:43 +0000 2025,33,gula berlebih bikin badan berat pikiran lelet sama penyakit numpuk manisnya cuma ilusi sakitnya nyata kurangin sekarang jangan tunggu diabetes bikin kamu takut makan apa,None,0
Sat Mar 09 08:06:10 +0000 2013,0,takut kalori tinggi lah bersenam petang nih bakar kalori,D,1
Sat Mar 09 16:28:58 +0000 2024,0,cek yummysalmond amondeu korean roasted camilan almond sehat rendah kalori ibu hamil menyusui almond panggang rendah kalori harga rp dapatkan shopee sekarang [URL] [URL],None,0
Sat Mar 10 03:28:24 +0000 2018,0,gabisa makan nasi takut karbo numpuk tenang wrp green tea diet tea diminum [URL],None,0
Sat Mar 12 04:30:37 +0000 2022,2,guys kalau diet karbo maksimal makan mie instan brapa kali sebulan binggggung bm mie instan takut merasa bersalah,D,1
Sat Mar 15 01:13:27 +0000 2025,2,valiisaa makanya menjaga pola makan,None,0
Sat Mar 15 14:14:04 +0000 2025,10,sore baru takziah teman sebangku semasa sma meninggal kanker otak salah satu penyebabnya sering bahkan hampir makan fast food miemiean temanteman mohon jaga pola makan sehat hidup sehat sakit,None,0
Sat Mar 15 17:02:01 +0000 2025,0,alasan sekarang sahur pernah makan nasi bukan jaga pola makan lebih mager browww siap siap lawuhe,None,0
Sat Mar 15 18:11:23 +0000 2025,1,pengen diet pengen kurus beliin treadmill dulu dong ahahahha,D,1
Sat Mar 16 05:08:26 +0000 2024,0,kalian tuh diet takut banget sama karbo makanan tuh seimbang karbo is not bad,D,1
Sat Mar 16 12:19:00 +0000 2024,5,mulai coba intermitten fasting amp keto diet hasilnya lumayan banget gerd jarang kambuh amp berat badan terjaga walaupun minim olah raga dulu ketat banget keto diet makan karbo seminggu sekali sakawww sekarang kali mager masak sumpah ngaruh bgtt,D,1
Sat Mar 22 07:13:26 +0000 2025,0,nah tiap rilis statement nyiram bensin api cabe mahal disuruh kurangi makan pedas daging ayam telur mahal disuruh ganti dg bekicot proteinnya dulu zulhas malah suruh rakyat tanam cabe,None,0
Sat Mar 30 10:18:42 +0000 2019,0,pengen diet gm kok takut apa balik ngurangin asupan karbo sama banyakin gerak,D,1
Sat Mar 30 10:32:13 +0000 2019,165,suhailaezulia mostly kena cut gula je lebihkan sayur small portion of carbs amp moderate amount of protein no need tetiba salmon and those fancy eat clean menu rasanya diet sihat mahal starbucks korean icecream semua nasi sayur protein kukus plain water would be enough,D,1
Sat Mar 30 12:25:08 +0000 2024,4,diet selama bulan puasa kalian stop makan malam jam berapa,None,0
Sat Mar 30 23:45:01 +0000 2024,890,spill berat badan terberat berat badan sekarang kalian dimulai dri sender berat badan terberat kilogram berat badan sekarang kilogram semoga terus konsisten diet,None,0
Sat May 01 10:12:54 +0000 2021,1,diet putri salju gini tinggi kalori nya trus kalau diet makan pengen cobain huhu takut [URL],None,0
Sat May 04 03:54:43 +0000 2019,0,imapasha track kalori macros terutama pas cutting pengalaman naik turunin berat badan tentunya punya program olhrga kalori maintenance badan tinggi n makan bnyak tnp takut gendut terkurus kilogram terberat kilogram skrng kilogram target [URL],None,0
Sat May 11 11:29:51 +0000 2024,0,urlittlechicken coba hitung kalori biasanya masukk coba ditambah banyakin protein sekalian olahragaa,None,0
Sat May 11 14:24:36 +0000 2024,2,oke sekarang buat meal plannya niih sobat dietqu beberapa langkah awal lakukan membuat meal plan coba [URL],None,0
Sat May 16 14:35:04 +0000 2020,0,jgn risau pasal kalori sgt biasanya kegemukkan berlaku sbb termakan makanan tinggi kalori rendah zat jadi perlu nak takut nak makan sepatutnya kena belajar cara makan betul perlu [URL],None,0
Sat May 16 16:16:49 +0000 2020,0,pengen badan balik tahun diet cut karbo cuma takut tipes,D,1
Sat May 21 14:50:37 +0000 2022,1,diet gula craving ku hari parah banget [URL],D,1
Sat May 22 17:00:06 +0000 2021,3,rek kalian sedang mengalami perubahan berat badan dr kurus gemuk insecure sih jadi insecure banget berat badan awalnya jadi kilogram bagaimana caranya ngerasa insecure,D,1
Sat May 23 03:25:19 +0000 2020,2,anyaselalubenar kurang energi kalori kurang makan menyangkut pikiranmu mikirin kapan kawin tekanan psikis keluarga sdg kesemutan kakimu suka tertekuk lama shg peredaran darah terhambat tidur kaki lurus normal tetap sehat kuat semangat,None,0
Sat May 25 11:20:34 +0000 2024,0,metode cara menurunkan berat badan menggabungkan diet keto puasa intermiten pengaturan asupan karbohidrat latihan hiit [URL],None,0
Sat Nov 02 14:32:19 +0000 2024,0,semua orang kuat minum kopi minumnya pas perut kosong fomo minum nescafe classic akhir² niat buat diet cuma pengen nyoba kebetulan suka minum kopi ternyata cocok lidahku,D,1
Sat Nov 04 02:27:10 +0000 2023,13,back to disiplin era kalau makan dihitung suka lupa semoga konsisten diet [URL],D,1
Sat Nov 09 03:48:30 +0000 2024,0,tau sepertinya ak hitung kalori terus deh hari makan aneh aneh,D,1
Sat Nov 09 09:55:46 +0000 2024,0,dihatikito diethingy gini loh misal kalori harian semder misalnya sender cut gulatepung segala metode dietnya katakan kalori in cuma lalu dicut kalori in smp an jangka waktu lama bahaya,None,0
Sat Nov 09 13:53:36 +0000 2024,0,sbeenernyaa lapar pen nasgor keinget sebanyak apa kalori nasi goreng ggr kmrn belajar hitung kalori‍,D,1
Sat Nov 12 13:30:47 +0000 2022,2,diet orang orang takut makanan berkalori tinggi padahal kan penuhi kebutuhan kalori harian soalnya sayur buah kudu makan banyak baru terpenuhi padahal termasuk cepet kenyangan,None,0
Sat Nov 13 13:41:15 +0000 2021,1,alhamdulillah harini iolls berjaya keto diet no carbs no gula now me time with my husband tv amp milk kefir [URL],D,1
Sat Nov 23 07:11:07 +0000 2024,0,makan warung bekasi eh nongkrong pakuwon bakar sisa kalori target harian keliling mall baru dibekasi,D,1
Sat Nov 25 10:51:56 +0000 2023,0,niat olahraga buat bakar kalori pas selesai malah lapar brutal,D,1
Sat Nov 26 03:21:44 +0000 2016,136,metabolisme awak tinggi nak naik berat bdn tambah kalori kira tdee awak kira kalori saran ambil kalori sehari [URL],None,0
Sat Nov 28 09:49:15 +0000 2020,1,jadi intinya kalian disiplin mengontrol intake kalori amp food tracking kayak diatas emg ribet awalnya lama kelamaan bakal terbiasa sendiri kok,None,0
Sat Oct 07 11:33:58 +0000 2023,21,pasien disiplin minum obat udca x mg selama bulan diet ketat rendah lemak batu kandung empedu mengecil ukuran mm menjadi mmygigastroid pbpegi infosehatfkui [URL],None,0
Sat Oct 12 15:52:11 +0000 2024,0,owh hitungan kasar hrsnya ad sisa kalori harian w buktikan bsk wkwkw,D,1
Sat Oct 15 03:44:12 +0000 2016,0,kau letak la maria ozawa ker sruh jual nasi lemak takkan makan sbb takut mkan nasi lemak tinggi kalori kahkahkah,None,0
Sat Oct 19 10:57:07 +0000 2024,0,kalori harian abis mulut tetep pengen ngemil help,D,1
Sat Oct 26 03:27:02 +0000 2024,1289,hari ultah mau berbagi kebahagiaan orang reply dg komen buah favoritmu pemenang dipilih acak malam hari tgl okt pilih hadiah papan gizi edisi terbaru buatanku ongkir tanggung meal plan diet sesi konsultasi gratis [URL],None,0
Sat Oct 28 02:18:32 +0000 2023,0,kalau kat sini dah cuba pelbagai cara diet restrictive suggest kali nih cuba go a bit flexible belajar kepentingan makro nutrien cara nak incorporate makanan jumpa kt luar sana diet stay kalori defisit caraturunberatbadan,None,0
Sat Oct 28 03:19:55 +0000 2023,4,opini w when it comes to selfcare sebenernya paling susah diterapin buat disiplin ngelakuinnya applicable skin carean diet ngegym olahraga kayaknya w bersyukur w in general suka rutinitas membosankan,None,0
Sat Sep 02 10:00:01 +0000 2023,1,deit nih pingin banget makan roti takut dietnya gagal eits tenang kamu kok tetap makan roti lezat meski sedang diet kamu konsumsi roti gandum utuh hingga roti rami rendah kalori tinggi serat [URL],None,0
Sat Sep 02 14:35:47 +0000 2023,358,kecil besar kalori kuih lapis kcal popia goreng kcal pisang goreng kcal butter kcal cekodok pisang kcal puff cream kcal rt amp follow tips kurus hari,None,0
Sat Sep 07 04:46:21 +0000 2024,4,diet hai temanteman baru dinyatkan pcos dokter obgynku lalu konsul dokter gizi penurunan berat badan entah knapa dokternya cuek balas chatnya lama akhirnya resepkan meal plan jelas mau tanyatanya waktunya,None,0
Sat Sep 09 13:56:31 +0000 2023,534,berat badan sender tb body sender sekarang pengen lebih langsing gamau ku ikutan mengecil kalau defkal olahraganya body weight trainingcardio ngaruh gym diet [URL],D,1
Sat Sep 11 13:06:36 +0000 2021,0,bilang gendut gemuk gembrot sekali block pukul seriusan deh berusaha insecure berat badan naik anjing,D,1
Sat Sep 14 02:10:05 +0000 2024,7,diet keto cara kerja diet keto mengurangi asupan karbohidrat tubuh lebih gram per hari tubuh kekurangan glukosa digunakan sumber utama penghasil energi alhasil tubuh memecah lemak protein [URL],None,0
Sat Sep 14 09:56:32 +0000 2024,1,halo mau cari bestie punya pengalaman olahraga diet the healthy one bukan extreme pengen saling sharing pengalaman kok bfrgfr doesnt matter im a girl btw enggak punya tw eating disorder mungkin⸻,None,0
Sat Sep 15 01:00:09 +0000 2012,0,sempat sarapan takut telat kantor sekolah bingung pilih sarapan menu nya tinggi kalori takut gemuk,None,0
Sat Sep 21 03:24:25 +0000 2024,0,kapan kurus ideal anjrotttt‍↔️,D,1
Sat Sep 24 16:29:54 +0000 2022,588,diet buat tanya tips nya defisit kalori makan kalorihari perhatikan nutrisi makanan makan goreng tumis memang mengurangi makanan olahan tepungan olahraga lihat wo yutub full body workout cont,None,0
Sat Sep 25 17:22:50 +0000 2021,1,buat baru belajar diet usahakan jgn terlalu restrictive diet bener semestinya sustainable jangka panjang menyatu gaya hidup kalian alasan belajar hitung kalori penting kalian kirakira jumlah kalori makan cont,None,0
Sat Sep 28 13:51:44 +0000 2024,0,baru tau diet ed selama suka muncul tl tuh eating disorder elemination diet pgn jalanin,None,0
Sat Sep 30 06:25:07 +0000 2023,1,memang menjadi la diet nampak kesan penurunan berat badan before this dekat kilogram now dah kilogram punya disiplin diet memang ketat selama bulan,D,1
Sat Sep 30 07:17:08 +0000 2023,0,ternyata disiplin makan kurang mau reverse dietcari maintenance excusenya gapapalah masuk kalorinya abis gadicatet berujung bablas,D,1
Sat Sep 30 10:51:55 +0000 2023,0,halah segala diet jaman baheula nyatanya gitu mulai diet keto diet ngerowot orang jawa diet tukang sulap cahyadi akhirnya hilang ditelan bumi diet ibarat motivacot datang pergi,None,0
Sat Sep 30 13:20:32 +0000 2023,11,diet abis olahraga biasanya suka ngantuk padahal tidur jam biasanya olahraganya pagi sih keadaan perut kosong gitu gaa,D,1
Sun Apr 07 15:13:36 +0000 2024,58,bener dah pulang rumah segala disiplin diri diet kusimpan dulu wkwk makan apa disajikan sekarang baru kelar makan bakso nyemilin pakis kompensasinya kudu tingkatkan intensitas olahraga haha,D,1
Sun Apr 11 16:39:38 +0000 2021,0,review hari intermittent fasting pola jam makan jam puasa ngitung asupan kalori alias porsi makan kumaha aing turun kilogram stuck disini wkwk perut jarang banget perih tb muntah pdhl tingkat stress konstan paling penting,D,1
Sun Apr 16 07:47:29 +0000 2023,0,erosuke diethingy thank kamu for the info kak mau nanya kalau semisal app buat cek kalori gitu mana coba fat secret kadang beberapa makanan tercantum sanakalorinya bedabeda jadi bingung sendiri,None,0
Sun Apr 21 10:27:07 +0000 2024,16,diethingy disiplin diet seumur hidup loh jgn artikan diet makan dikit selalu diet pola makan pola makan dijaga seumur hidup olahraganya disiplin,None,0
Sun Apr 23 01:02:14 +0000 2023,0,sprite kalori alias karbo nya tinggi jadi minum maksimal gelas per hari diminum tiap hari tinggi gula takut diabetes keturunan diabet soalnya this is the rule i made for myself,None,0
Sun Aug 04 13:09:51 +0000 2024,0,lihat timbangan stres berat badan over niat diet mulai besok besoknya makan jorjoran nyesel besoknya makan jorjoran dah gitu terus siklusnya,D,1
Sun Aug 06 11:03:10 +0000 2023,0,notif disuruh gerak pas cek memang kalori terbakar cuma segini detect kalori tidur sih kan tidur bakar kalori alesan [URL],D,1
Sun Aug 08 13:58:55 +0000 2021,32300,jangan lupa rutin puasa man teman jam asupan kalori lt kal dimakan pas buka rutinin x seminggu badan segeran imun dikuatkan selsel rusak dihancurkan otak jadi lebih tajam hati lebih tenang long story short hidup jadi lebih seimbang ‍️‍️,None,0
Sun Aug 14 02:14:01 +0000 2022,0,marinagamba dorg nih kebanyakan bebudak buat cico iftp terlalu restrictive sgt tukar g light diet,D,1
Sun Aug 16 14:51:20 +0000 2020,0,mangkuk bunga kobis vs mangkuk nasi jangan takut makan karbo ye kena pandai pilih karbo jadikan fuel petrol padan contoh bunga kubis vs nasi putih both karbo good [URL],None,0
Sun Aug 20 01:25:02 +0000 2023,0,rumus hitung kalori diet ala harvard medical school [URL],None,0
Sun Aug 20 06:16:04 +0000 2023,0,namjoon aakk dr kmrn sedih berat badan nambah padahal makan sebanyak stiap makan selalu cek kalori ggl dlu jshsjs namjoon makasih️ [URL],D,1
Sun Aug 20 14:39:38 +0000 2023,2,cape diet lamalama kalau masalah kaya makin cape gitu rasanya effort banget buat hitung kalori disaat mood,D,1
Sun Aug 20 17:10:10 +0000 2023,0,mau coba diet keto [URL],D,1
Sun Aug 27 00:12:20 +0000 2023,104,diethingy makan besar beneran besar padetin protein sayurnya defisit kalori jangan berlebihan minus tdee cukup jangan takut ngemil pilih lebih rendah kalori tinggi volume sayur buah jangan stok cemilan menggoda rumah,None,0
Sun Aug 27 02:43:34 +0000 2023,0,dikira stuck terlalu disiplin mikir mau diet break dulu eh taunya masi turun september digas deh [URL],D,1
Sun Dec 01 01:49:49 +0000 2019,0,banyak banget thread diet mana terakhir diet bulan lalu no carbs makan nasi samsek mingguan trus perut sakit kaya mau mati dicek ternyata maag parah kurus enggak tersiksa iya,D,1
Sun Dec 01 02:50:00 +0000 2024,3,sekali menggendut rasanya susah sekali mempertahankan berat badan ideal baru kurus sebentar diet ketat ngemil sedikit tibatiba gendut [URL],D,1
Sun Dec 01 10:31:13 +0000 2019,0,mendapatkan protes semua orang lampung perihal berat badan sekarang katanya terlalu kurus pdhl bukan ngoyo diet makan sayursayuran lauk masihbdi goreng nasi merah olahraga sesekali mandi nge plank doang sangat enjoy menjalaninya,O,1
Sun Dec 03 01:20:30 +0000 2023,100,rekomendasi who konsumsi gula tambahan free gula max kebutuhan kalori harian gram sendok teh½ sendok makan perhari asumsi kebutuhan kalori rerata kkalhari [URL] mau hitung sendiri [URL],None,0
Sun Dec 03 06:10:00 +0000 2023,2,jangan ngeremehin diri sendiri ah mah langsing mau diet apapun gagal hidup sehat dimulai ngubah mindset jadi lebih positif kalau coba lebih disiplin berhasil deh kalau orang kok,None,0
Sun Dec 08 05:23:54 +0000 2024,0,serem nyatet kalori harian makan dikit kaget anjir tibake kalori e sak mene,D,1
Sun Dec 08 11:18:49 +0000 2024,0,sumpah mulai besok banget diet ketat,D,1
Sun Dec 08 17:08:07 +0000 2024,0,napsu makan banget si please takut gendut,D,1
Sun Dec 09 14:41:32 +0000 2018,0,firdamerdeka ayssaputra idmci makan clean food ocd olahraga rutin tracking jumlah kalori,None,0
Sun Dec 10 03:23:10 +0000 2023,3,sebelumnya sender tuh disiplin banget sama diet sender sender dietnya menyiksa bangun tidur olahraga sarapan ngemil lunch ngemil dinner akhirakhir sender berantakan banget makan nya males olahraga sarapan proper tuh malah dipake ngemil cont,D,1
Sun Dec 12 15:24:46 +0000 2021,3,diet hi guys mau share sini byk suka takut makan akupun gt dulu awal diet smp rasanya olahraga sia kl abis makan tinggi kalori balikin niat mau sehat bukan nyiksa diri diet jangka panjang berhasil kl cont,None,0
Sun Dec 15 05:25:52 +0000 2024,0,blm bikin meal plan,None,0
Sun Dec 15 11:19:36 +0000 2024,0,fakkk lapar kalori harian ️,D,1
Sun Dec 17 12:46:18 +0000 2023,8,diet huaaaa baru sadar pipi lebih tembem pdhl kmaren kmaren tirus gr gr blnan makan manis mlu soalnya craving makanan manis high carbs minuman manis gtau sekarang susah kontrol diri sndiri pdhl dlu doain sender disiplin kaya dlu,B,1
Sun Dec 17 16:55:34 +0000 2023,0,kayak omonganku tembelek sekali bilangnya iya diet perut dah jemblung ujungnya kok luwe yaa malem tahu tek kalau gitu mie nyemek nasi bakar selesai maem guilty banget taik sekali omongan soal diet,D,1
Sun Dec 22 12:26:42 +0000 2024,1,akhir binge eating surplus minum kalori and blablahbla naik kilogram tadinya sekarang cuma seminggu an,B,1
Sun Dec 24 09:17:19 +0000 2023,0,fase bukan takut gendut ato takut berat badan naik mau makan goreng ato kalori nya tinggi sekarang takut efek depan nya bikin badan gaenak,None,0
Sun Dec 24 15:31:41 +0000 2023,2145,ryusae au sae orang penuh percaya diri fisiknya mungkin terlihat cuek sangat menjaga badannya semua diet dijalankan disiplin olahraga pernah skip berat badan dijaga cw stretch marks stretchmarks body image [URL],None,0
Sun Dec 29 03:07:18 +0000 2024,0,yuk cepet sembuh yuk sedih lihat diet keras kurus banget gitu cuma gara² mulut haters bilang kamu berisi cinta kamu apa adanya lebih banyak kalau dah sembuh jangan diet ketat,None,0
Sun Dec 29 09:37:37 +0000 2024,1,please pernah konsul diet halodoc nanya apa bakal dikasih meal plan gitu,None,0
Sun Dec 29 14:40:56 +0000 2024,0,pengen makan takut gendut,D,1
Sun Dec 29 16:08:34 +0000 2024,0,baru ngeh ternyata sengaja mempraktikkan intermittent fasting stop makan jam malam baru makan besok paginya jam pagi lah hasilnya memang mayan turun kilogram an sebulanan,D,1
Sun Dec 29 16:27:37 +0000 2024,0,pinter meal plan ternyata ngrepotin,D,1
Sun Dec 29 21:22:35 +0000 2024,1,cek beras analog shirataki konyaku rice diet keto debm gram harga rp dapatkan shopee sekarang [URL] [URL],None,0
Sun Feb 02 01:43:57 +0000 2025,1,kan hobinya mang pacaran sama dapet wkwk pengen sama kurus jadian sama gemuk terus disuruh diet katanya sehat pengen sama gemuk terus jadian sama kurus terus disuruh makan banyak dalih gemoy badan average to low,None,0
Sun Feb 02 03:33:23 +0000 2025,0,tbtb pgn cireng dela pas mau ngechat inget kalau defisit kalori ngurangin gorengan amp gula [URL],D,1
Sun Feb 02 08:32:01 +0000 2025,0,detoks tubuh selalu diet ketat spesifik sedikit perubahan gaya hidup seharihari membantu membuang racun tubuh [URL],None,0
Sun Feb 02 10:46:40 +0000 2025,1,cewe filipin lewat selalu liatin soalnya cantik body goals turun kiloan jadi kaya gini wkwkwkwkkwk [URL],D,1
Sun Feb 02 11:12:42 +0000 2025,6,diet keto opo sing keto pangan [URL],D,1
Sun Feb 02 13:49:19 +0000 2025,1,lihat status orang makan pisang goreng mendadak pengin pisang goreng kuredam keinginanku heh lo overweight defisit kalori jangan nambah mana malam,D,1
Sun Feb 02 14:14:45 +0000 2025,0,coba defisit kalori defisit nutrisi jadinya naik turun cocoknya memang if mau lebih cepet sebenernya pait pait pait amit wes cukup mumet stress turun kilogram bulan pait paitt,D,1
Sun Feb 02 14:16:39 +0000 2025,2,mulai besok mau defisit kalori,D,1
Sun Feb 02 15:22:56 +0000 2025,11,rasa dah berat sangat badan nih insecure,D,1
Sun Feb 05 13:34:03 +0000 2023,1,insecure sama tinggi badan kok insecure sama berat badan,D,1
Sun Feb 09 01:22:12 +0000 2025,1,follow akun masak mau coba meal plan boncos sini,None,0
Sun Feb 09 03:12:52 +0000 2025,0,mengawali niat target body goals ala rachelcia daftar membership gym wkwk aminbodyrachelcia,None,0
Sun Feb 09 03:30:55 +0000 2025,0,cheatday wow lembar roti tawar n makaroni stelah skian lama knyang banget jir siapa sangka wqwq ttp tracking melebihi kalori harian,D,1
Sun Feb 09 04:47:57 +0000 2025,1,omg seruu sekali trimakasii ide meal plan nya,None,0
Sun Feb 09 06:23:26 +0000 2025,1,sih nembak mantan pakai pesan hai apa kabar hasilnya selalu sesuai harapan mengurangi gula minyak tepung memang bagus buat defisit kalori olahraga wo progresnya lebih lambat plus ototnya kemaintain jadi,None,0
Sun Feb 09 08:46:41 +0000 2025,3,paling sulit proses bulking ternyata konsisten surplus kalori harian benerbener dipaksa banget perkara makan,None,0
Sun Feb 09 12:26:55 +0000 2025,0,pengen makan takut gendut bbj gede wk,D,1
Sun Feb 09 12:41:43 +0000 2025,0,arbiarsow waktu awal weightloss pernah nih kemakan marketing diet coba jadi hari paling menyiksa perjalanan dietku pas biasa hitung kalori lebih mindful soal makan barulah nyadar yaiyalah tersiksa lha wong sehari kalori masuk nyampe kok,D,1
Sun Feb 09 12:49:40 +0000 2025,17,meal plan buat kredit mobil sama rumah panjang seninrabu promagokkyjellymogu kamisjumat antasida okkyjellymogu sabtuminggu mylantaokkyjellymogu,None,0
Sun Feb 09 14:24:34 +0000 2025,19,akhirnya punya alasan diet dilarang sama yejun wkkw disuruh makan enak selalu its okay istri baik nurut perintah suami gaskan promo merugame udon berdua k [URL],None,0
Sun Feb 09 15:49:34 +0000 2025,0,nak diet nih paling susah part disiplin je taik tul,D,1
Sun Feb 09 21:03:28 +0000 2020,0,jir banget padhal anak masa pertumbuhan gabisa seenaknya diet no carbs lari sit up gizinya terpenuhi kasian jir,None,0
Sun Feb 12 10:14:48 +0000 2023,0,habis cek kebutuhan kalori harian google trus hasilnya kira kira bener yaa kalau mau diet cutting segitu sedikit banget sih kalori hariannya memang pendek sih mungkin pengaruh sama kebutuhan kalori [URL],None,0
Sun Feb 12 12:24:55 +0000 2023,0,diethingy coba cek kalori makanan makanan,D,1
Sun Feb 16 03:22:41 +0000 2025,15218,gemuk gangguan hormon akibat insulin berlebihan amp rintangan insulin bukan sekadar kalori masuk vs keluar bukan cuma kurang bersenam makan berlebihan cara turun berat bukan berlapar bersenam berjamjam membaiki metabolisma badan,None,0
Sun Feb 16 08:47:20 +0000 2025,9,cepet ramadan laahh salah satunya defisit kalori makin buncit,D,1
Sun Feb 16 09:15:28 +0000 2025,5,body goals goal goal [URL],D,1
Sun Feb 16 09:43:56 +0000 2025,0,kalori harian terpenuhi bloated is kampret sekali persima,D,1
Sun Feb 16 10:43:17 +0000 2025,0,makanan mau dikemanain gilaaa defisit kalori makanannya bener berkalori semua ngak mungkin makan stress astagaaa soalnya sayang banget jadi mubazir,D,1
Sun Feb 16 11:01:37 +0000 2025,0,masa diet alias ngurangin makanan otak w kepikiran shin ramyun buat in yeop terus apa bsk w makan siang,D,1
Sun Feb 16 11:09:08 +0000 2025,0,wtf terakhir hitung angka hitung kalori harian,D,1
Sun Feb 16 12:36:22 +0000 2025,0,jennie blackpink sadar diri tinggi tinggi tpi minimal body goals lah yaa jennie deh pls,D,1
Sun Feb 16 13:00:50 +0000 2025,0,jangan dimarahin pleaseee han jisung tuh disayang mah disuruh diet ketat giliran reveal badannya sendiri malah dimarahin,None,0
Sun Feb 16 13:14:04 +0000 2025,0,mudeng diet bantuin dong mau defisit kalori nah kalau defisit an dikurang cukup kurangin kalori memenuhi [URL],D,1
Sun Feb 16 13:15:21 +0000 2025,4,alzal pisang lebih banyak potasiumnya magnesium plus pisang manis diet keto jadi prefer alpukat,D,1
Sun Feb 16 13:29:41 +0000 2025,2,presiden lu kaya bocil obesitas kalau disuruh diet malah tantrum anying tiap denger mulut ngoceh rasanya pengen gampar mulut,None,0
Sun Feb 16 14:25:09 +0000 2025,47,nafsu ngemil ku tinggi rasanya pengen ngemil terusss manis manis terus ingat kalau presiden kalian si ndut wapres kalian fufufafa terus negara makin hancur nafsu ngemil ku langsung menurun mungkin cara coba buat mau diet [URL],D,1
Sun Feb 16 16:02:11 +0000 2025,0,salah satu cara nak kawal nafsu bulan puasa nih buat meal planning for buka and sahur stick with it no matter what tahun nih nak follow je meal plan taknak ikut nafsu lapar,D,1
Sun Feb 16 19:38:58 +0000 2025,1,bayangin jam segini blm selesai gaweaan pengen body goals,D,1
Sun Feb 19 03:05:32 +0000 2023,35,shedelweiss diethingy mjb hitung kalori harian masuk brapa pemula pake aplilasi fatsecret nder enak langsung muncul kalori makanan makan tau batesnnya brapa,None,0
Sun Feb 19 03:07:18 +0000 2023,1,diethingy btw cara hitung kalori intake nya bagaimana nder web aplikasinya hitung manual,None,0
Sun Feb 19 06:27:25 +0000 2023,0,diet gaes klian kepikiran g sih kalau diet keto sama kya motor arus dc️,None,0
Sun Feb 19 12:37:26 +0000 2023,1081,diet pengen banget makan gacan rencana besok mau langsung makan disana eh pas cek kalori langsung labil besok kesana apa engga [URL],D,1
Sun Feb 19 12:55:07 +0000 2023,0,keto diet pending ngl,D,1
Sun Feb 21 09:01:14 +0000 2021,61,adakah pisang menyebabkan kegemukan sedang diet mungkin takut nak makan pisang kerana merasakan kandungan kalori tinggi jadi apa fakta betul,None,0
Sun Feb 23 04:52:13 +0000 2025,4,staybase mau oot stay tahun ngeliat perubahan suka kesel sma orang bilang bahkan stay bilang kalau felix operasi rahang padahal cuma olahraga diet pipi chubbynya ilang kidsroom smpe blg pernah diet ketat banget,None,0
Sun Feb 23 12:10:43 +0000 2025,3,body goals banget semakin termotivasi punya badan sebagus ziyi [URL],None,0
Sun Feb 23 12:25:06 +0000 2025,2,nurunin berat badan melulu soal diet ketat olahraga berjamjam ⏱️ kadang kebiasaan kecil pagi hari bikin perubahan besar misalnya mulai hari segelas air putih bantu mengontrol nafsu makan [URL],D,1
Sun Feb 23 12:34:51 +0000 2025,0,anjing laah iri banget sama cowok ganteng tiktok kurus ideal,D,1
Sun Feb 23 13:23:00 +0000 2025,3,suka banget denger curhatan orang keluhan sulit naikkin berat badan saking sukanya insecure sendiri,D,1
Sun Feb 23 16:43:45 +0000 2025,0,kaino cek total kalori nya gasih ngeliat kaya ngeliat diri sendiri [URL],None,0
Sun Feb 23 16:52:30 +0000 2025,2,diethingy ngaruh badanmu berada kondisi defisit kalori kamu rutin jalan tempat badanmu defisit kalori bbmu turun,None,0
Sun Feb 23 19:48:43 +0000 2025,219,jangan diet berat kamu kuat makan sepuasnya,D,1
Sun Jan 01 07:25:47 +0000 2023,0,yuk abis mulai olahraga sama diet kalap banget tahun baruan makan terus,D,1
Sun Jan 01 13:10:12 +0000 2017,5,soto daging kamu berfikir tinggi kalori perlu takut resep soto kalori klik link [URL],None,0
Sun Jan 02 09:36:11 +0000 2022,1,diet weight training pake dumbells sebaiknya berapa kali seminggu tiap hari apa dicombine cardio goal pengen kurangin fat mass buncit thanks,None,0
Sun Jan 02 15:35:37 +0000 2022,0,sumpah baru nimbang jadi insecure sama berat badan,D,1
Sun Jan 05 05:45:19 +0000 2025,15,sebenarnya mls banget ngegym makan x sehari protein gaboleh skip padahal bukan atlet ikutan kompetisi gt seniat kan hidup biasa makan gaperlu hitung kalori ttp dilakuin‍️,D,1
Sun Jan 05 09:18:14 +0000 2025,3,wah mantab latest evidence ttg dedietan sejauh mmg kalau ditanyain apa kudu if apa kalori defisit selalu jawab w super simplification sejauh beda banget cocok badan amp mental mana if makin bikin mental pembalasan makan,D,1
Sun Jan 05 11:37:55 +0000 2025,0,sama ternyata if lumayan sekalian pembatasan kalori sih lebih disiplin diri kl makan waktunya sblm tidur perut kosong makanan baru masuk so far so gewd suka banget if,D,1
Sun Jan 05 15:29:03 +0000 2025,0,aduh kebayang kalau hidup jable pernah semenyedihkan diselingkuhin berarti deep down emg kepikiran b mungkin keliatan oke beberapa tindakan tuh trauma response diet ketat how he manages his emotion [URL],None,0
Sun Jan 07 09:06:08 +0000 2024,0,guys caranya kepikiran terus kalori bagaimana sender ngerti kalau usah mikirin kalori penting batas defcal makronutrient terpenuhi in action sender suka nyesel kalau makan padahal batas defcal diet,D,1
Sun Jan 08 07:31:12 +0000 2023,1,diet guys mau cerita sedikit pernah berhasil diet sekarang berat badan naik pola makan pola waktu kerja buat susah ngatur jam olahraga makan jadi amburadul kalian penting sih ngitung kalorie kasih tips cont,D,1
Sun Jan 09 05:35:06 +0000 2022,84,mayahiga coke zero gt regular coke gt diet coke,None,0
Sun Jan 12 09:56:07 +0000 2025,0,menutup realisasi meal plan pekan bubur gurih sayur godog labu siam amp buncis ati ayam goreng ️ sayur godog nya pake cabe sama sekali [URL],None,0
Sun Jan 12 12:06:16 +0000 2025,0,diet keto memang jalan ninjaku,D,1
Sun Jan 12 13:02:37 +0000 2025,98,turun berat semestinya turun lemak berat turun hilang air otot lemak kekal fokus kalori defisit senaman gabungan amp tidur cukup turun lemak badan lebih fit pakaian longgar tenaga stabil,None,0
Sun Jan 12 14:20:20 +0000 2025,0,skrng kalau makan banyak tuh perut langsung penuh begah nyaman banget terbiasa makan dikit² pas diet emg skrng tetep mode diet sih defisit kalori,D,1
Sun Jan 19 08:35:53 +0000 2025,3,garagara diacara disuruh makan banyak katanya kurang gemoy besoknya langsung surplus kalori emg iya sih bulan turun kilogram kilogram akibat stress verbal harassment in workplace,O,1
Sun Jan 19 09:54:12 +0000 2025,0,terakhir cheat day alias makan enak besok mulai diet ketat olahraga semoga konsisten,D,1
Sun Jan 19 09:59:07 +0000 2025,0,plizz paham tutor mbr kalori harian kalau guaa makan kalori per hari amn kn yaa stres brokk cut gula tpi blum kalau tepung berat badan idela cmn lemak paha betis perut lumaya banyak better wo apa jalan santai,D,1
Sun Jan 19 13:18:28 +0000 2025,0,perlu diet abis beli tshirt nyangka banget pas dateng ternyata crop top sialan untungnya pas dibadanku ngepas banget terlalu hawtie wkk perlu kurusan lebih bagus semangat diet diriku susah banget buat disiplin olahraga jaga makan tuh,D,1
Sun Jan 19 14:32:51 +0000 2025,0,diet keto diet makan ketoprak,None,0
Sun Jan 19 16:50:08 +0000 2025,4,jog mo nanya berusaha u defisit kalori diimbangi olahraga olahraga hari jeda cuman jalan sama wo dirumah saran olahraga berat badan kilogram sama waktu olahraga efektif bagaimana sih,D,1
Sun Jan 19 17:00:18 +0000 2025,79,guys perut terlalu buncit coba olahraga apa soalnya katanya perut nambah buncit pertama defisit kalori tambah olahraga apa terimaa kasihhh,D,1
Sun Jan 21 02:19:04 +0000 2024,1,diet punya visible abs suka ngemil list deh disiplin apa kalian lakuin buat pertahanin absnya jadi inspirasi buat,D,1
Sun Jan 21 05:39:39 +0000 2024,1,short cut klau disiplin jaga diet n nutrisi dah bljr n amal okay la nih klau bedah semata mmg gemuk balik trust me,D,1
Sun Jan 21 12:12:50 +0000 2024,27,extreme sangat kalori ang cukup jadi badan jadi larat pergi buat medical cek up tgk apa kena diet jaga makan elak processed food and gula makan lebihkan protein buat kalori deficit [URL],None,0
Sun Jan 21 12:21:54 +0000 2024,0,yeol mama ku diet keto loh kamu mau join bareng rumah,D,1
Sun Jan 26 02:00:01 +0000 2025,34,buat hidupmu jadi lebih sehat weekly meal plan tepat pastikan menu harianmu mengandung cukup protein sayur amp buah tubuh lebih bugar siap hadapi hari ️ jadilebihbaik [URL],None,0
Sun Jan 26 02:21:35 +0000 2025,0,hari tepat bulan diet tadi abis olahraga nimbang alhamdulillah turun ku usahakan konsisten diet ku walaupun capek banget kalau mau makan timbang dulu semangat va,D,1
Sun Jan 26 07:38:50 +0000 2025,3,wtf iseng cek asam urat ternyata hasilnya mgdl padahal cowo maksimal mgdl pantesan kaki tiba pincang sebelah kan selama makannya sehatsehat loh anjir diet ketat kok bisabisanya nilainya segitu,None,0
Sun Jan 26 13:39:04 +0000 2025,0,entahlah nih pernah insecure berat badan sendiri sekarang sumpah insecure gilaaa dah gemukkk baju apa semua dah pakaiii,D,1
Sun Jan 26 13:57:55 +0000 2025,0,baru kali merasakan worry sama berat badan i know blg akutu masi tergolong kurusidealaman kok pribadi merasa kurang nyaman terus terang bingung angka berat badan ku akhir naik puncak gunung,D,1
Sun Jan 26 21:57:50 +0000 2025,0,ngeliat foto jadi pengen kurus mau diet tidur pagi terus gapernah olahraga,D,1
Sun Jan 28 08:05:07 +0000 2024,8,twtjogging january buat high volume low intensity which means santai tercungap punya jog high milage pmakanan ubah terjadi weight loss if running goal is for weight loss do it easy but for longer distancetime if combine sekali diet effective,None,0
Sun Jan 28 09:48:55 +0000 2024,87,misalnya studi cek pengaruh makan snack kalori baik karbohidrat protein lemak pagi malam hari hasilnya makan snack malam hari ternyata sedikit ngurangin pembakaran lemak naikin kolesterol berat badannya tetep naik,None,0
Sun Jan 31 06:14:37 +0000 2021,0,aewin mantep nih jadi kalau makan coklat takut kalori tinggi,D,1
Sun Jan 31 11:28:05 +0000 2021,1,cara ngitung def kal fatsecret bagaimana sih diitung per bahan misal tumis kangkung diitung minyak bawang nya gt segala soalnya keknya makan banyak kalorinya segitu blm hari pdhl jam segini makasii diet,D,1
Sun Jul 03 14:54:42 +0000 2022,0,fase insecure berat badan u u,D,1
Sun Jul 07 03:29:49 +0000 2024,0,cek gulanya jumlah kalori per sajian frens prinsipnya gluten free ttp bikin gendut,D,1
Sun Jul 09 01:13:20 +0000 2023,3,bagaimana sih caranya disiplin makan niat diet tetep kalau nasi uduk gorengan dilahap pengen makan sehat,D,1
Sun Jul 14 11:09:38 +0000 2024,2,salah satu fitur menarik groopy cek berapa banyak kalori berhasil bakar hari yuk pilih groopy teman hidup sehat [URL],None,0
Sun Jul 21 01:37:44 +0000 2024,0,mix amp match menu diet keto omad murah blm nemu pas berujung banyak kebuang ngerasa cocok rasanya,D,1
Sun Jul 23 11:58:15 +0000 2023,0,kalau tiap mau makan cek kalori apa stress palalu,D,1
Sun Jul 30 00:03:52 +0000 2023,0,cek kalori dlu kalau beneran diet,D,1
Sun Jul 30 07:49:00 +0000 2023,1,siapa nih niatnya mau diet bawaannya malah lapar muluuu parents coba bikin stok energy ball inii super nyenyangin lho buat camilan tinggi kalori buat anak atas tahun buibu cek resepnya [URL] [URL],None,0
Sun Jul 30 09:34:09 +0000 2023,0,beneran nihdiet keto lebih efektif olahragadirumah olahragasore olahragadirumahaja olahragadirumahsaja indonesia sehat sport gym fitness bajuolahraga hidupsehat workoutlife workoutroutines workouteveryday badminton senam dirumahaja [URL],None,0
Sun Jun 04 11:00:01 +0000 2023,0,kebutuhan kalori harian berguna menjalankan fungsi utama tubuh melakukan aktivitas seharihari hitung berapa kebutuhan kalori ulasan bawah hellosehat kebutuhankalori [URL],None,0
Sun Jun 23 13:31:19 +0000 2024,357,ikut yoga challenge days skg hari alhamdulillah kata orang kok kurusan seneng banget sama percaya soalnya kok berat cuma turun sekilo padahal diet makan sayur byk rata sehari kalori byk ngecit nya maap [URL],D,1
Sun Jun 26 16:00:28 +0000 2022,0,sama sekali selalu selalu ngerasa insecure sama berat badan bentuk badan insecure sama wajah selalu nanya kediri sendiri tiap lihat orang cantik badannya bagus kok gitu gitu,D,1
Sun Jun 30 01:35:36 +0000 2024,3,archievement awal tahun beneran tercapai banget konsisten olahraga mau gmn kondisinya jadi sekalian belajar time managemen disiplin menggunakan wkt awal niatnya diet malah pengen sekalian bentuk badan piye berubah goalsnya seiring berjalannya wkt [URL],D,1
Sun Jun 30 03:54:03 +0000 2024,0,minggu pagi olahraga bakar kalori pulang olahraga mampir beli sarapan yah apalah kalori ku td terbakar keisi kayanya lebih banyak sama sarapan,D,1
Sun Mar 02 01:24:13 +0000 2025,49,berat badan sender an lengan paha semder gede bgttt kalau pengen kurus an bakal gelambir huhuu diet,D,1
Sun Mar 02 02:52:37 +0000 2025,0,cchloecls mjb nder mending defisit kalori kamu makan gula tepung lainya cuman ngurangin intake kalori harian,D,1
Sun Mar 02 04:12:03 +0000 2025,1,eneg hrus menuhin kalori harian banyak,D,1
Sun Mar 02 04:39:08 +0000 2025,4,temen temen disini ngegym salah kalau diet olahraga gym lebih banyak main cardio treatmill sepeda baru latihan otot sedikit pengen cutting kurus dulu jujur lebih enak lari treatmill lari dijalan,D,1
Sun Mar 02 11:21:46 +0000 2025,0,saran ubah mindset diet guys sender tiap abis makan walaupun ditakar sesuai kalori harian tiap abis makan kaya bersalah jadinya pengen gerakolga tipis padahal sender ideal kebayang terus gendut,D,1
Sun Mar 03 22:03:08 +0000 2024,3,intan mengalami obesitas berat badan kilogram berkat disiplin diet olahraga berat badannya berhasil turun kilogram [URL],D,1
Sun Mar 07 10:52:26 +0000 2021,1,intinya sih diet ekstrim restrictive padahal indikasi medis bagus mau dibahas sisi manapun komposisi tubuh kesehatan fisik psikologis sustainability sisi positifnya silahkan komen mungkin terlewat open discuss kok,D,1
Sun Mar 09 16:58:34 +0000 2025,0,sih orang² stop nanyain berat badan plisss pede banget kalau ditanyain gitu keliqtan banget kalau berat badan naik pdhl memang mau nyapai berat badan ideal kalau keliatan lebih gemukan mau diet deh fakk berat badan ideal keliatan kurus gak papa penting sehattt,D,1
Sun Mar 10 04:13:03 +0000 2024,0,ngecheck meal plan bulan puasa [URL],None,0
Sun Mar 12 03:50:51 +0000 2023,0,diet yo tinggi an berat cmn kilogram kdang turun kilogram trtanam otakku kalau kecil jelek aneh mau tnya kalau kt emng susah surplus kalori mnding wo atw jngan takut tmbh kecil haha,D,1
Sun Mar 12 09:15:52 +0000 2023,204,diet spill versi if sehari jam makan jam sore biasanya makan nasi x porsi dikit soalnya biasanya makan sekali kenyang jenis makanan ngk ngitung sama sekali apa pengen makan ngk minum manis jus cont [URL],D,1
Sun Mar 13 08:11:00 +0000 2022,2,diet haid hari kedua craving manis manis tbtb dikirimin chizu redvelvet makanan sama cowoku hihihi nyesel makan dongg kan tinggal back on track hihi satisfied yesyes semangattt dont be too hard on yourselflt,None,0
Sun Mar 15 14:50:00 +0000 2020,402,berayun ayunan selama satu jam membakar kalori kalori,D,1
Sun Mar 15 19:25:14 +0000 2020,13,fess mau nanya kalau diet beneran makan nasi sihaku diet makan nasi sekali makan gram kali sehari jadi total sehari gr gitu mau coba diet beneran no karbonasi takut meninggal [URL],D,1
Sun Mar 16 05:25:33 +0000 2025,1,euy daily reminder jaga pola makan temanteman sehat mahal jangan terdiagnosa parah baru sadar,D,1
Sun Mar 16 15:50:32 +0000 2025,1,yourrrrboo jelas sih gorengan kalori kalori harian kalau puyeng duluan,D,1
Sun Mar 17 15:08:02 +0000 2024,1,punya temen diet karbo takut nasi pancong lumer dimakan,D,1
Sun Mar 20 11:10:40 +0000 2022,1,diet menghitung kalori aplikasi fatsecret merasa sangat bersalah bangar garagara makan dikit sana ternyata karbonya banyak banget jadi takut makan karbokarboan,D,1
Sun Mar 20 13:53:06 +0000 2022,0,allah insecure berat badan,D,1
Sun Mar 21 14:57:30 +0000 2021,4,hari off defcal ngitung kalori sama sekali makan apa jam berapa jujur hasilnya bikin seneng banget kaya refreshing gitu jadi makin semangat buat diet jadi intinya dont be so hard on yourself penging konsisten diet back on cont,D,1
Sun Mar 24 04:41:46 +0000 2024,36,diet gais perhitungan defkal kalori hitung tiap kemasan tuh mana si energi total energi lemak mana help makasiii [URL],D,1
Sun Mar 24 14:20:49 +0000 2024,0,wah bener bener gaada bikin insecure berat badan,D,1
Sun Mar 31 14:00:14 +0000 2024,3,dhns kak setau dihitung dulu angka kebutuhan gizinya kemenkes nilai akg masyarakat indonesia kalori hari kamu cek permenkes no th disitu lampiran kebutuhan gizi pertanyaan lebih bagus kalau,None,0
Sun Mar 31 15:49:11 +0000 2024,0,benerbener insecure berat badan naik bgttt kayaknya sebulan mau ketemu orang banyak dulu deh konseran kl,D,1
Sun Mar 31 17:40:28 +0000 2024,0,apa kata open catering diet keto yak masak banyak,D,1
Sun May 05 17:50:52 +0000 2019,1,esok dah puasa start laa strict diet no carbs no gula for a month moga istiqamah ye dearself,D,1
Sun May 06 02:09:51 +0000 2012,0,lapar takut gemuk makan tinggi serat kalori sana gandum mahal yaudah tambang tuh kunyah,D,1
Sun May 12 00:12:22 +0000 2024,1,byuldalbit diethingy [URL] saraninn cek kalori harian kamu sini sayanggg lalu mau itung kalori harian pakai apk lifesum fav akuu premium lengkap kok list makanan nya,None,0
Sun May 12 00:31:04 +0000 2024,0,cek beras porang porice beras diet rendah kalori amp baik diabetes wellfarm shirataki konjac rice harga rp dapatkan shopee sekarang [URL] [URL],None,0
Sun May 12 01:41:22 +0000 2024,8,diet disini pernah sedang ngalamin binge eating disorder sharing cerita kalian pengen bikin penelitian soalnya,None,0
Sun May 19 02:00:04 +0000 2024,1,olahraga sejam bakar kalori terus sarapannya mie instan goreng kalori ⠀ untung,D,1
Sun May 19 04:54:37 +0000 2024,110,huhu insecure parah kalau lihat badan sekarang minggu lalu berat badan ku mencapai kilogram sekarang tau mungkin naik berat badannya pengen konsisten diet susah banget harusnya gampang kan susah [URL],D,1
Sun May 23 12:54:09 +0000 2021,3,jauh goals sebenernya semoga terus berprogress yaa yuk yukk sd selalu insecure sama berat badan [URL],D,1
Sun May 26 16:27:11 +0000 2024,0,konsisten diet nga ngopi dihari weekend engga deng kalau ngantuk ngopi nyoba berenti ngerokok dana bpjs backup cukai roko tetep ngeroko deh nga sarapan makan dimulai jam or jam malam stop makan target kilogram,D,1
Sun May 30 13:36:09 +0000 2021,0,️ insecure gendutan stress mikirin berat badan pengen nangis,D,1
Sun Nov 01 13:08:45 +0000 2020,6,sebagian orang suka jajan pas keluar bareng temennya bukan hemat ato pegang duit pas makan kepikiran makanan kalorinya berapa yaa terus ngerasa berdosa pas dimakan,D,1
Sun Nov 03 06:19:30 +0000 2024,0,misal rentang pengeluaran bulanan buat makan diidentifikasi terdapat gr protein gt kalori perhitungan harian,D,1
Sun Nov 03 09:23:48 +0000 2024,0,tanyakanrl kan apps buat hitung kalori nder nah mending hitung kalori sesuaikan sama aktivitasmu amp target berat dikurangi seminggu turun kilogram ngitung kalori bukan fokus pantangan makanannya lebih santai ngukur progress nder,D,1
Sun Nov 03 09:37:12 +0000 2024,1,seminggu gym makan berantakan hitung kalori asal hap tengah malem makan kebab bener bener demotivasi,D,1
Sun Nov 05 10:57:50 +0000 2023,0,take out diet on and off bulan mei sekarang disiplin sabar mau defcal sama ngatur jam makan disiplin ngatur kuantitas makan doang ngaruh nafsu tanpe defcal berat badan turun lebih optimal wo rajin sbulan kilogram,D,1
Sun Nov 10 07:40:01 +0000 2024,0,ngopi manis rendah kalori cek sini dulu deh gtgt [URL],None,0
Sun Nov 10 10:04:52 +0000 2013,0,mau maem kue dr singaporetulisan kalori kecil banget keliatan meski uda pk kacamata takut kalorinya tinggijepret n kubesarkan hihi,D,1
Sun Nov 10 11:54:26 +0000 2024,3,klentingkuning kakakw lanjut ajaa saran hitung kalori ajaaa dulu salah dietnya makan nasi makan goreng goreng melulu,D,1
Sun Nov 10 12:10:53 +0000 2024,10,jadi pentingnya mencari tahu info jumlah kalori makanan sangat membantu tetep makan range kebutuhan kalori harian perut tetap rata prinsip baju bagus bukan masalah harga masalah pantas pantas badan jadi badan bagus,D,1
Sun Nov 10 16:47:17 +0000 2024,0,kaya nya stop makan nasi jamtek,D,1
Sun Nov 17 10:35:24 +0000 2024,0,butuh inspirasi meal plan minggu minutes digging cookpad amp socmed berujung masak,None,0
Sun Nov 19 02:57:53 +0000 2023,0,pas niat diet nafsu makan makinmakin terus habis makan nyesel ywdlah,D,1
Sun Nov 20 03:11:21 +0000 2022,7,pesona body goals ariel tatum kerap membuat iri netizen defisit kalori resep menjaga tubuhnya [URL],None,0
Sun Nov 21 10:23:12 +0000 2021,14,nak diet risau makan nasi sbb takut menambah makan haa jom try ganti nasi putih contoh kat gambar nih gais makanan mediumrendah glycemic index lebih better gantian karbo meal kenyang jee follow me for more tips diet [URL],None,0
Sun Nov 24 06:25:32 +0000 2024,12,hampir bulan makan hari selalu real food defkal if high protein and low carbs no liquid gula makan urutan ditambah gym x seminggu kerasa diet ketat makan ttp enak cheat day x seminggu cranky bikin lemes [URL],D,1
Sun Nov 24 14:26:35 +0000 2024,2,tiap hari minggu sekarang bikin weekly meal plan jadi bingung mikir sarapan apa lunch apa makan malam apa,None,0
Sun Nov 26 07:46:44 +0000 2023,0,mmg makan berat lepas kul mcm mana eh auto sakit perut esok nya mgkin dh disiplin kena diet kot lol,D,1
Sun Nov 26 11:02:21 +0000 2023,0,akhirnya curhat dr gizi minta saran merk susu tinggi kalori takut banget anak w make ngt,None,0
Sun Nov 26 13:01:04 +0000 2023,0,charliemput coba hitung kalori nya bang meskipun makan banyak kalau kalori terpenuhi susah terus dibantu sama olahraga amp susu gain mass tinggi kalori cepet,D,1
Sun Nov 28 03:12:01 +0000 2021,0,diet guys memang kalau sarapan kebanyakan karbo bikin ngantuk padahal tidur malem cukup skrng mau tidur takut gasehat,None,0
Sun Nov 29 14:33:26 +0000 2020,0,hampir tiap hari minum ltr diet no carbs kuncinya sabaaar kilogram semoga [URL],D,1
Sun Oct 08 21:01:33 +0000 2023,0,sabundetol kochengfs iyes betul pokoknya cari fatnya rendah kalau mau precise hitung kalori uma thread nyunyu simplenya pernah lihat kemasan happycat buat turunin berat badan takaran table kurangin up to dietin pei gara sempet cebok uma semoga,D,1
Sun Oct 15 08:05:42 +0000 2023,4,diet maaf kl sering nanyaa sbnrnya cara hitung batas kalori harian tuh gmn sihh misal tb berat badan kilogram target berat badan kilogram nah brp kalorinya makasi bnykkk,D,1
Sun Oct 15 13:30:10 +0000 2023,0,work perlu cw jadi sender insecure sender baru lulus kuliah penampilan kurang menarik berat badan sender ideal gendut kerja sih apa nol pengalaman maaf sebelumnya,D,1
Sun Oct 16 16:50:51 +0000 2022,0,lapar takut tinggi kalori makan jam segini,D,1
Sun Oct 20 13:23:01 +0000 2024,1,mau punya temen diet kalau rl bilang mau diet jawabannya ngapain diet kamu tuh ideal kurus blablabla‍‍‍‍️‍️‍️,O,1
Sun Oct 20 16:18:07 +0000 2024,0,mau coba konsultasi bulking dokter gizi halodoc takut menuhin kalori harian anak kos,D,1
Sun Oct 27 09:31:00 +0000 2024,3,berusahama diet tipis cara stop makan tengah malam plis,D,1
Sun Oct 27 14:52:13 +0000 2024,0,apa sih fungsinya si marcusrashford bapuk bru dipuji last match balik setelan pabrik orang diet keto ajir,None,0
Sun Oct 29 05:06:46 +0000 2023,7,collegemenfess mau ngekos makan berat cuma sekali waktu malem pagi siang cukup nyemil takut asupan kalori lebih tinggi kegiatan berakibat membuncitnya perut,D,1
Sun Sep 01 01:55:24 +0000 2013,0,nonton acara benu buloe presenternya takut mati muda banyak makan makanan tinggi kolesterol kalori lemak scary,None,0
Sun Sep 01 06:12:14 +0000 2024,0,gini loh tinggal hitung total kebutuhan kalori harian terus kurangi total kalori harian tuh berat badan turun combine sama olahraga seminggu x case closed kena scam beli program mahal banget,D,1
Sun Sep 01 09:32:53 +0000 2024,1,korang in process loose weight and diet nih nak mengunyah korang makan apa eah and how disiplin kurang kan manis,D,1
Sun Sep 01 14:59:54 +0000 2024,9,rasanya dah masuk bulan baru nih kot betul² disiplin azam nak kurus nih dah kena serious diet and exercise fr now,D,1
Sun Sep 08 01:11:40 +0000 2024,0,yaaa tbtb stop nasi,D,1
Sun Sep 08 02:23:17 +0000 2024,1094,sekalian mau ngasih edukasi banyakkkk salah paham banyak mikir keringetan berarti kalori banyak kebakar padahal kenyataannya gitu soalnya orang jadi mikir buat olahraga ngejar keringet padahal hubungannya,None,0
Sun Sep 08 20:35:00 +0000 2024,0,diethingy jgn tllu pusingin asal kamu makan bwh tdee amp move more kamu turun bbnya soalnya percuma if amp gerak mnt makannya diatas tdee turun btw kamu ud cek kalori harian kamu brp ad gambaran itung kalori detil banget kok,D,1
Sun Sep 12 05:53:38 +0000 2021,0,diet guys diet restrictive tuh kmrn turun stuck terus giliran hari makan junk food kok malah turun jadi,D,1
Sun Sep 15 11:53:45 +0000 2024,1,insecure nya berat badan sekarang,D,1
Sun Sep 25 11:38:26 +0000 2022,1,semua makanan hyperpalatable manis asin danatau berlemak jelas baik buat kesehatan cuma males ujungnya dipake buat promosi produk diet restrictive macam keto,None,0
Sun Sep 25 23:19:12 +0000 2022,0,adriandhy hrdbacot kakak sekalian konsumsi gula berlebih mau minuman kekinian tetep enak n seger mampir k gutday fermentary bsd city soda sehat alami hasil fermentasi bakteri baik no added gula gtu guilty free bangeet rendah kalori hehehe [URL],None,0
Thu Apr 04 09:18:00 +0000 2024,4,seorang wanita alami gangguan kesehatan usai didiagnosa obesitas pcos diet dirinya berhasil sembuh turun berat badan kilogram wihh [URL],None,0
Thu Apr 04 09:39:28 +0000 2024,0,bingung gini tiap mikirin mau makan apa cek kalori dulu bingung jadinya,D,1
Thu Apr 04 15:01:35 +0000 2024,0,fun fact olahraga bakar kalori detoks racun jadi jerawat muncul abis olahraga jerawat detoks hasilnya muka jadi glowink shining shimmering splendid,None,0
Thu Apr 13 15:15:51 +0000 2023,758,diet guys kaget banget cek nutrisi es krim cuma kalori ajaa mana besar banget btw kalori x serving ml eskrimnya beratnya memang segituu enakk [URL],None,0
Thu Apr 25 05:01:44 +0000 2024,31,sender bulan diet defkal awalnya makan hambar anti sama minyak gorengan makin sini makin fleksibel makan enak asal kalorinya defisit tpi pikiran sender makan enak jadi ngerasa bersalah yakinin sender kalau defkal ttep makan cont,D,1
Thu Aug 08 16:02:06 +0000 2024,0,berjanji disiplin diet mulai wo,D,1
Thu Aug 10 09:54:16 +0000 2023,0,rasanya dah mo mati kan main ringfit pas cek kalori terbakar cuma [URL],D,1
Thu Aug 17 16:43:54 +0000 2023,0,overthinking hari makan ayam x besok kudu olahraga bakar kalori,D,1
Thu Aug 26 09:40:08 +0000 2021,0,diet cara menghitung karbo dikonsumsi sehari bagaimana sih takut kalau kelebihan karbo bakalan naik berat badan jadi lemak nantinya,D,1
Thu Aug 29 13:31:54 +0000 2024,0,susah sangat nak disiplin consistent bila diet nih takkan lah nak kena patah hati dulu,D,1
Thu Aug 31 01:21:50 +0000 2023,1,yes takut sama kalori mie instan justru lebih takut sama natriumnya tinggi banget batas maksimal konsumsi garam per hari sesuai anjuran kemenkesri mg setara sendok teh [URL],None,0
Thu Dec 19 01:20:10 +0000 2024,0,ku jakarta wkt diet ketat justru sangat cukup rb sehari wkwkwk sehari telor siang malem tempe tahu,D,1
Thu Dec 19 05:24:07 +0000 2024,0,aneh banget pas disiplin diet berat turun dikit dikit pas ngecheat justru turun banyak heran,D,1
Thu Dec 19 06:20:23 +0000 2024,0,buat tau kebutuhan kalori harian pas defkal caranya gmn,D,1
Thu Dec 19 13:35:56 +0000 2024,0,banget oon nya abis makan langsung nimbang kan jadi ovt yu diet ketat,D,1
Thu Dec 19 13:55:45 +0000 2024,0,diet ketat tiada drama sehat menu praktis penuh nutrisi energi [URL],None,0
Thu Dec 26 01:49:37 +0000 2024,0,si insecure berat badan tuh [URL],D,1
Thu Dec 26 02:51:36 +0000 2024,2,jalan lari kecil tiap hari menit jam punya bos jadi calories freak jadi keikutan makan makanan diet diledekin kalau disiplin makannya [URL],D,1
Thu Dec 26 03:26:30 +0000 2024,0,hr nih last makan nasi hahahahah tahun depan pulak makan nrmn gile suh buat diet keto hahahahahahahah eh klu kurus nak kau lah azlinaazmuddin,D,1
Thu Dec 26 05:55:47 +0000 2024,0,nice kan buat diet cara lazy keto,D,1
Thu Dec 26 11:40:54 +0000 2024,0,mulai menghitung jumlah kalori harian kebanyakan ngemil kue bolu kemaren,D,1
Thu Dec 26 17:13:26 +0000 2024,0,insecure bertambah sejak berat badan naik kilogram perut melebar pipi melebar coba kontrol makanan semoga puasa turun berat badan goal ideal turun kilogram,D,1
Thu Dec 28 06:23:10 +0000 2023,1,i try buat balik diet cara lama i dulu berjaya turunkan kilogram x sehari nasi and overnight oat waktu petang then if siang esok tengok la laut disiplin macam dulu hahaha,D,1
Thu Dec 29 02:28:56 +0000 2016,0,nih takut nak makan nasi lemak tinggi kalori kata nyer seram bila badan naik [URL],D,1
Thu Feb 01 06:33:26 +0000 2024,0,healthy food kali menyambut diet keto hari pertama ku,D,1
Thu Feb 01 14:30:58 +0000 2024,0,cuba berdiet stop makan malam kau lupa kau gastrik limit perut kosong msa kau berjaga jam ja klu tdak mula la perut kau meragam geno nak pkai kebaya nih,D,1
Thu Feb 06 04:49:08 +0000 2025,0,ketosis berlaku apabila badan kekurangan karbohidrat dijadikan sumber tenaga mula membakar lemak gantinya proses terjadi apabila pengambilan karbohidrat dikurangkan drastik diet keto berikut langkahlangkah bagaimana ketosis,None,0
Thu Feb 06 07:41:43 +0000 2025,1,kena meal plan balik lately nih byk makan mengarut,D,1
Thu Feb 06 10:41:30 +0000 2025,0,defisit kalori fyp mukbang semua apaan dah,D,1
Thu Feb 06 11:51:38 +0000 2025,0,jangan keliru cara defisit kalori benar tubuh sehat diet sukses [URL],None,0
Thu Feb 06 12:34:01 +0000 2025,0,ibarat mau nyari orang lomba lari dipilih orang gemuk terus orang gemuk dipaksa diet ketat tetap ikut lomba,None,0
Thu Feb 06 13:54:52 +0000 2025,0,adjusting here and there mulai meal plan baru bikin perut adaptasi doms buat melata ku ulangi terus ku balik naik,D,1
Thu Feb 06 15:47:03 +0000 2025,0,yallah pgn gacoan banget lebih takut gendut,D,1
Thu Feb 06 16:50:09 +0000 2025,0,dh seminggu diet lebih jaga makan defisit kalori sih tpi pgn makan gacoan banget kalau besok makan gacoan gak papa kan,D,1
Thu Feb 06 17:04:10 +0000 2025,0,alhamdulillah gajian bulan kemarin tabung buat beli smartwatch i really need that buat track olahraga sama kalori harian to make it easier lah so tomorrow i ll try this smartwatch,D,1
Thu Feb 08 04:03:52 +0000 2024,241,ternyata kunci cepet turun berat badan defkal diiringi makanan bergizi bukan asal cut kalori doang kalori nasi sayur protein beda sama kalori snack gorengan diet,None,0
Thu Feb 08 09:55:23 +0000 2024,0,tirtacipeng gas dok lari minimal kamu sabtu minggu mandala krida pake sepatu murah ditambah disiplin diet badan enteng perut mengecil jarang sakit,D,1
Thu Feb 08 12:40:48 +0000 2024,0,hubby nak ruin my diet baru nak disiplin balik dah siap buat chia seed pudding punya la effort kan hubby sayang nak by orderkan blackball la suka bolak balikkan iman saye[URL] nih huhu,D,1
Thu Feb 09 10:22:31 +0000 2023,0,kena strong self control malam nih budak budak nak makan pizza pizza dah la kalori tinggi,D,1
Thu Feb 13 00:38:45 +0000 2025,10,kata mah manusia biasa diet jaga pola makan olahraga schedule padat butuh visual bagus buat pemotretan majalah idup disiplin dr segala sisi dipikir bagian dr usaha no pain no gain salah satunya industri nya memang kejem,None,0
Thu Feb 13 07:09:59 +0000 2025,173,badannya kurus perut buncit pengen diet [URL],None,0
Thu Feb 13 07:51:37 +0000 2025,0,cape banget menuhin kalori harian,D,1
Thu Feb 13 10:18:39 +0000 2025,2,semoga bener defisit kalori beli supplemen dkk,D,1
Thu Feb 13 10:26:42 +0000 2025,3,tealover keknya diet paling tuh diet keto deh diet gula tepung,D,1
Thu Feb 13 10:55:39 +0000 2025,0,selama tiap mau defisit kalori sering bubar jalan soalnya kuat menahan godaan craving,D,1
Thu Feb 13 11:53:12 +0000 2025,0,update bulan pakai behel turun kilogram sendirinya defisit kalori becos susah makan,None,0
Thu Feb 13 12:25:26 +0000 2020,0,selama hari moewardi paling sering makan melon sama semangka indomaret alias takut makan makanan tinggi karbo kaya nasi liwet mie ayam sate ayam pdhl semuanya enak huhuhu dasar manusia ngehirup o naikin berat badan,D,1
Thu Feb 13 14:00:43 +0000 2025,3,akhirnya berat badan turun aaa love my body️ defisit kalori terus lah cakep banget badankuuu hahaha,D,1
Thu Feb 13 14:46:39 +0000 2025,0,ramai orang silap kira keperluan kalori harian makan banyak turun berat guys mungkin salah bukan makanan cara kira kalori sendiri jom explain step by step satu thread,None,0
Thu Feb 13 14:49:37 +0000 2025,1,makan lapar makan takut gendut,D,1
Thu Feb 13 14:58:32 +0000 2025,127,power morning routine bangun seawal minum segelas air kosong solat tahajud tafakur tulis plan amp goals hari move your body brisk walk minit breakfast tinggi protein rt amp follow tips kurus hari,None,0
Thu Feb 13 15:18:07 +0000 2025,0,abis angkat galon naik tangga lantai allah akhir tahun beneran body goals,D,1
Thu Feb 13 17:01:56 +0000 2025,0,low energy lihat orang kece makin insecure berat badan makin turun sekarang kilogram celana longgar semua pendek muka ngerasa makin kusem ditambah kulit off dlu kyknya nih,D,1
Thu Feb 20 00:03:41 +0000 2025,2,deynarazy mungkin konsepnya jadi disuruh intermittent fasting defisit kalori,D,1
Thu Feb 20 02:42:45 +0000 2025,42,diet kirakira apa terjadi kalau bulan puasa nnt rajin jalan kaki pagi sehabis sahur amp sore sblm buka puasa selama sebulan tetap dibarengi defkal sahur amp buka puasa kalap makan weight loss mungkin sedikit mengecilkan bagian tubuh tertentu,D,1
Thu Feb 20 03:21:58 +0000 2025,4,barusan belanja daging butcher bukan langganan kasirnya nanya keto diet menjawab buat anabuls ku akunya mah telor ama tahu [URL],None,0
Thu Feb 20 04:10:40 +0000 2025,0,ah gamau makan takut gendut,D,1
Thu Feb 20 04:11:15 +0000 2025,0,ngumpulin resep buat ide masak sahur berbuka puasa abis buruburu bikin meal plan,D,1
Thu Feb 20 05:42:07 +0000 2025,3,vvdoubleu cerviydae hai kak izin menjelaskan soal defkal defisit kalori → prinsip dasarfundamental mau berat badan turun jadi mau mau terjadi defisit kalori pingin bbnya turun defkal bukanlah carametode diet,None,1
Thu Feb 20 05:42:49 +0000 2025,1,vvdoubleu cerviydae if → salah satu metode diet membantu menuju kondisi defisit kalori melakukan if defisit kalori makanya kadang nanya if berat badan turun kalorinya defisit testimoni mas op jelas berhasil defisit kalori c,None,0
Thu Feb 20 06:48:10 +0000 2025,3970,cara diet otak mikir makanan terus bagaimana si pake americano kalau pengen ngemil tuh ngemil buah tetep otak selalu distract pgn makan tinggi kalori,D,1
Thu Feb 20 06:55:26 +0000 2025,2,dksaaddict kunci menurunkan berat badan defisit kalori jadi kamu mau minum teh hijau l per hari work kamu defkal,D,1
Thu Feb 20 08:26:22 +0000 2025,2,perasaan akhirakhir makan tidor kok bbku malah turun sih giliran defisit kalori naik brutal tuh berat badan,D,1
Thu Feb 20 11:30:45 +0000 2025,4,tovicouple pernah kak kurang suka soalnya enak nasi putih diet kuncinya defisit kalori mau apapun kakak makan kondisi defisit hari bakal turun bbnya makanya jangan musuhi suatu makanan kontrol menu diet [URL],D,1
Thu Feb 20 11:34:23 +0000 2025,15,isilop kalau segitu fungsinya mending lu fokus diet deh lu banyak obesitas noh ato bersihin sampah gitu lu fungsi jalan kaga nyusahin rakyat iya,D,1
Thu Feb 20 11:41:18 +0000 2025,4,hcariena perbedaan kalori jenis nasi kamu sebutin seberapa kak sanggup suka silahkan pilih nasi mana kuncinya bukan jenis porsi konsumsi kamu hari kondisi defisit engga apapun kamu makan defisit turun,D,1
Thu Feb 20 13:18:06 +0000 2025,0,tangan kebas perut g sanggup buat nampung makanan otak rasanya kaya maksa buat makan kalori harian,D,1
Thu Feb 20 13:42:54 +0000 2025,122,nhu disini gamau makan guys ️ biasanya kan nhu jago olahraga makanya diet nhu bukannya jago olahraga memang olahraga sama sekali ️ kan tetep fit buat ngadepin ep ituloh [URL],D,1
Thu Feb 20 15:25:06 +0000 2025,2,mohon bimbingannya dong jog sender coba diet puasa fasting kan malem siang pagi sih sarapan ubi bakar bubur ketan hitam gaboleh sarapan tetap makan jam siang terima kasih banyak jog,D,1
Thu Feb 20 16:30:45 +0000 2025,0,merasa gaboleh terlalu stres bukan takut mati takut gendut ngunyah selalu,D,1
Thu Feb 21 02:42:43 +0000 2019,0,soraya larasati takut makan karbo makan banyak karbohidrat nasi roti kentang lainnya bukan masalah buat soraya larasati artis sekaligus influencer malah kini [URL],None,0
Thu Feb 22 13:44:00 +0000 2024,50,olahraga niatnya bakar kalori nyatanya bakar memori luv,None,0
Thu Feb 23 10:58:14 +0000 2023,0,ranirica ffoodfess dulu hitung kalori takut baby kelebihan berat badan,D,1
Thu Feb 27 00:36:23 +0000 2025,0,yaelah memang diet diet cocok niat hati defisit kalori malah lambung kena,D,1
Thu Feb 27 01:52:42 +0000 2025,0,ranrpark diktaian tuh jadi kepikiran buat nyari cara instant kan jangan dilakuin yaah mau nurunin berat badan kuncinya defisit kalori makan bawah tdee atas bmr kamu cek pinnedku banyak thread diet termasuk weightloss journeyku nurunin kilogram mau tanya,D,1
Thu Feb 27 05:47:54 +0000 2025,0,disuruh diet keto inimah,D,1
Thu Feb 27 12:26:33 +0000 2014,0,kaya kalsium rendah kalori membuat tahu pilihan tepat menambah tinggi badan takut gemuk,None,0
Thu Jan 02 10:29:27 +0000 2025,61,disinilah paradoks nya semakin sering dikonsumsi stevia otak semakin menuntut makan makanan manis craving tingkat craving semakin parah dikarenakan walaupun kalori masuk otak merasa tertipu rasa manis tinggi,None,0
Thu Jan 02 11:40:11 +0000 2025,0,memenuhi kalori harian pantes ngerasa pusingggggg,D,1
Thu Jan 09 07:30:42 +0000 2025,0,buat diri sendiri mah boroboro ngitungin kalori lemak protein harian pas lily sibuk bener ngitungin gituan mana kalori hariannya pernah capai target,D,1
Thu Jan 09 11:41:37 +0000 2025,0,sekarang jadi suka hitung kalori makanan anjir,D,1
Thu Jan 09 14:28:49 +0000 2025,3,tahun lalu jaman diet cukup ketat tiap hari calories deficit running salah satu berpengaruh besar tidur cukup jam beneran kerasa fat loss nya waktu jam tidur cukup sebeda dibanding jam tidur kurang sama jaga makan olahraga,D,1
Thu Jan 09 15:25:36 +0000 2025,0,jadi insecure berat badan turun overthinking malem tidur pernah tenang,D,1
Thu Jan 12 01:26:46 +0000 2023,0,my routine pagi nak dapatkan body goal best just blend air sejok je tambah ice nak chill ▫️yummmyyy ▫️kenyang ▫️ kalori jer ▫️ada banyak vitamins amp minerals ▫️bagus kulit ▫️bagus misi ideal weight [URL],None,0
Thu Jan 16 00:09:13 +0000 2025,0,belom sarapan bakar kalori rewang² harian ponakan,D,1
Thu Jan 16 01:41:49 +0000 2025,0,paling ribet diet if tuh ngatur waktunya kalau kerja didalem ruangan masalah tahan lapar lah kerjanya lapangan istirahat kalau skip sarapan pingsan pas ngelayaninbelom kalau rame trus jaga sendiri stress,D,1
Thu Jan 16 01:56:46 +0000 2025,0,diet memang cukup defisit kalori tok dibarengin stress jugaa,D,1
Thu Jan 16 03:27:12 +0000 2025,0,loss kilogram so far sangat proud with myself first time betul disiplin diet and work out nih selalunya before nih seminggu dah kelaut,D,1
Thu Jan 16 04:55:46 +0000 2025,9,defisit kalori maret skrng nyata gaiizz awalnya si ilang fotonya bodoamat dikatain kurus ngapain malah pengen kurus plzz obsessed banget pengen punya badan kecil gituu hehe [URL],D,1
Thu Jan 16 11:29:18 +0000 2025,0,bulking kalori harian nyampe lebih kurus fak lah,D,1
Thu Jan 16 11:54:17 +0000 2025,2,bikin meal plan jatah minggu kedepan menu hari berarti menu buat,D,1
Thu Jan 18 01:37:58 +0000 2024,1,isnin diet selasa diet kelaut korang perlu nak tunggu isnin minggu depan start balik diet just start terus diet hari rabu continue je mcm biasa plan nk diet its okay mula mmg mcm nak latih diri disiplin jaga makan,D,1
Thu Jan 18 04:12:42 +0000 2024,2,dok gizi kurang kan penambahan energi protein mau ngisi anp berarti kalori hariannya dinaikkan gitu dok makasih [URL],D,1
Thu Jan 18 11:08:08 +0000 2024,1,diet haloo rekomen web hitung tdee kalori harian hehe makasiii yaa,D,1
Thu Jan 23 07:01:31 +0000 2025,32,abis nengok si bujang no respon dehidrasi lemes makan sedikit disuapin minum sedikit tidur dateng mau pulang bangun bentar minum terus ngefreeze depan bowl gak papa abis pelanpelan sehat sayang yaaaa [URL],None,0
Thu Jan 23 08:42:09 +0000 2025,0,gile makan x kalori harian tiap mau bulanan gini banget dah,D,1
Thu Jan 23 11:34:01 +0000 2025,0,bukan defisit kalori,None,0
Thu Jan 23 11:43:11 +0000 2025,0,semenjak diet keto jadi sering mencoba masak menumenu baru bangga,D,1
Thu Jan 23 15:49:37 +0000 2025,0,diet tetep pengen rasa makanannya enak and tasty kudu banget punya cek healthy republic bumbu marinasi serba rendah kalori rendah lemak spices gram harga rp dapatkan shopee sekarang [URL] shopee shopeeaffiliate [URL],None,0
Thu Jan 25 05:20:55 +0000 2024,8,stopplandemit tedinvestigasi iya pengalaman pribadi umumnya diberi x mengalami tersebut lakukan pendekatan diet keto,D,1
Thu Jan 28 14:13:34 +0000 2021,31,guis kalian jogja cobain mille crepesnya bloomery deh lembut banget manisnya pas btw gula free pake tropicana slim jdi guilty banget lah diet [URL],None,0
Thu Jan 30 03:44:24 +0000 2025,0,mau ikutan mamim diet body goals leh yaa,D,1
Thu Jan 30 04:22:33 +0000 2025,0,kalori harian fatsecret sama lifesum beda,D,1
Thu Jan 30 07:36:02 +0000 2025,1,hah lebih enak pake tempe jir drpd dada ayam ngunyahnya capek sbenernya cuma pgn makan sehat sih bukan diet tetep enak seblak bohong [URL],None,0
Thu Jan 30 09:04:00 +0000 2025,46,mau makan nasi goreng takut tinggi kalori cobain nasi goreng keto enaknya sama kalorinya beda [URL],None,0
Thu Jan 30 11:29:31 +0000 2025,0,sebenernya nama cheat day cheat meal perlu sih kata cheat konotasinya buruk suka bikin rasa bersalah mau makan apa kapan baik selama selama makannya berkualitas amp kondisi defisit kalori kamu tetep turun [URL],None,0
Thu Jan 30 12:15:44 +0000 2025,13,lebih baik diet sewajarnya defisit kalori secukupnya kalori per hari bukan langsung ekstrem makan cukup protein serat otot tetep kejaga olahraga rutin kombinasiin cardio amp strength training jaga pola makan sustainable bukan sekadar diet,None,0
Thu Jan 30 15:14:59 +0000 2025,0,konsep laki tuh memang seneng aje diet tadi pagi laporan berat badan turun terus tau tau pulang bawain kebab dipaksa makan nerbenerrr dah ahh,O,1
Thu Jan 30 22:59:43 +0000 2025,1,anak kost terstruktur meal plan wajib banget jelas mau belanja mingguan apa next month bingung masak apa tinggal recrate pernah dibikin trus heboh lucunya temen kantor selalu excited kasih ide nemenim belanja [URL],D,1
Thu Jul 02 12:55:13 +0000 2020,0,cucu kurus skinny shaming dibilangin kurang gizi lah busung lapar bla bla cucu gemuk disuruh diet dibilangin gemuk memang orang suka body shaming,O,1
Thu Jul 04 05:24:13 +0000 2024,0,rekomendasi timbangan buat cek lemak cek kadar lemak cek kadar otot cek kalori dibutuhkan tubuh a thread [URL],None,0
Thu Jul 04 11:09:55 +0000 2024,17,guys no salty kalau misal diet menunya seblak gitu komplit protein karbo seratnya hitung kalori koo,D,1
Thu Jul 11 04:07:39 +0000 2024,0,zhic iyes jangan takut sama karbo kebanyakan orang ngejar dietnya males olahraganya hhh,None,0
Thu Jul 11 08:56:43 +0000 2024,3,asal aktivitas fisik olahraga beneran bukan ngewe diet kerjaan rumah rutin disiplin mau naik kilogram sehat kok body nya bakal bergelambir jaga sama otot berbentuk aktif pas olahraga jadi berat badan bukan patokan baku,None,0
Thu Jul 11 09:12:44 +0000 2024,2,sangking insecurenya ama tinggi badan pengen beli insole tinggi buat sepatu insecure ama berat badan kok kurus banget insecurenya berani keluar cuman sekedar warung doang makanya kalau ngajak main keluar suka panik duluan,D,1
Thu Jul 11 11:51:50 +0000 2024,1,diet pernah nyobain diet keto obesitas sakit tiroid naik turun hipertiroid hipotiroid sama dokterku disaranin diet keto pengen tau barangkali temen punya pengalaman diet hasilnya bagaimana,D,1
Thu Jul 11 15:56:41 +0000 2024,107,guis tiap awal bulan selalu bikin meal plan gini bingung mau masak amp belanja apa sangat membantu jadi boncos belanjanya [URL],None,0
Thu Jul 18 06:16:07 +0000 2024,0,tips diet ala atlet olimpiade hitung kalori energi dibutuhkan tubuh [URL],D,1
Thu Jul 18 06:34:18 +0000 2024,3,txtdrjkt tim lari pake sepatu legas huawei band wkwkkwkwk penting cek kalori,D,1
Thu Jul 18 13:22:20 +0000 2024,0,diet keto serigala,D,1
Thu Jul 19 16:23:03 +0000 2012,0,kalori tinggi ╮ ╯╰╭rt serafion berhubung laparku mengalahkan rasa takut gemuk buat mie goreng kriuk pedes indomie,D,1
Thu Jul 22 05:20:04 +0000 2021,1,insecure melihat berat badan timbangan bersyukur melihat postur badan lewat foto [URL],D,1
Thu Jun 06 09:23:24 +0000 2024,0,brooo tujuan olahraga sedikitnya bakar kalori refresh otak malah jadi enak makan nambah nafsu makan atasi insomnia,D,1
Thu Jun 13 09:23:50 +0000 2024,1175,diet hari niat makan hijau pencernaan lancar pagi aman si sore malah kang klepon lewat kasian gada beli skg makan biji kalorinya brp biji klepon padahal sarapan ama siang baru abis kalori allah [URL],D,1
Thu Jun 13 10:45:10 +0000 2024,3374,hitung kalori harianku berdasarkan jenis kelamin tinggi badan berat badan aktifitas harianku lupa berapa punyaku pertama kali waktu soalnya dah tahun intinya kalian hitung sendiri sini yaaa [URL],D,1
Thu Jun 15 13:11:18 +0000 2023,0,cara diet ampuuuh nda usaah aneh aneh tiap abis makan langsung mules giniii,D,1
Thu Jun 15 13:42:04 +0000 2023,0,gampang sebenarnya asal mau konsisten kurangi karbo makan teratur × sehari sit up × bangun tidur × tidur banyakin minum air putih hitung kalori harian mau lebih cepet tambahin gerakan zumba jgn lupa pemanasan dulu tpi konsistennya susah,None,0
Thu Jun 17 12:37:37 +0000 2021,3,saposikompak menggoreng udara panas tekanan tinggi memang alat masaknya mas bro namanya air fryer hasil gorengannya jauh lebih crispy takut transfat fat kalori tinggi,None,0
Thu Jun 20 04:52:45 +0000 2024,43,betul makan nasi lemak harihari je kurus kena cara perlu makan salad je everyday lepas beberapa bulan diet dah berat selama diet dok suppress hunger masa bila dah surpressed terus self control,D,1
Thu Mar 02 14:09:59 +0000 2017,132,contoh makronutrisi karbohidrat protein lemak gram karbs kalori gr protein kal gr lemak kal,None,0
Thu Mar 09 00:46:04 +0000 2017,270,kilogram kalori jadi nak naik nak turun ikuti samaada tambah kalori kurangkan kalori [URL],None,0
Thu Mar 13 10:10:05 +0000 2025,11,fuzancox tirtacipeng i did it in weeks atur pola makan full protein nasi cuma sedikit stop minuman manis angkat beban berat badan turun baru kilogram perut muncul pas pake kaos pas puasa kaya gini memang cocok buat defisit kalori,D,1
Thu Mar 13 10:27:43 +0000 2025,0,diet tpi olahraga larijalan gituu cuman seminggu sekali kekejar gaa yaa turun kilogram bulan awal juni pola makan pastii jagaa bangett tpi punya maag berani diet ekstrim,D,1
Thu Mar 17 12:09:43 +0000 2022,178,temen kurusan terus insecure soalnya underweight malah watir mikir beratnya tibatiba drop anak sakit ato stres ko kaga cerita lah elu malah bilang lo tuh hak buat insecure soalnya orang kurus tuh beauty standard sini gampar lo,None,0
Thu Mar 20 03:22:44 +0000 2025,0,plis mau disiplin diet,D,1
Thu Mar 20 14:48:27 +0000 2025,0,gapernah kepikiran kalau taun takut banget mau beli birthday cake jangankan birthday cake mau makan enak hari cuman setaun sekali takut gemeter gr gr nyoba nambah kalori harian gatau takut banget kena gangguan makan,D,1
Thu Mar 20 15:31:38 +0000 2025,0,makan mulai berantakan susah banget jaga pola makan anjg,D,1
Thu Mar 20 22:03:08 +0000 2025,0,membantu menurunkan berat badan timun rendah kalori kaya serat membantu menekan rasa lapar mendukung program penurunan berat badan sumber mayo clinic,None,0
Thu Mar 21 09:53:06 +0000 2024,0,insecure cmn berat badan warna kulit mata sama cara jalan,D,1
Thu Mar 24 11:20:07 +0000 2016,377,latihan dilakukan rumah bakar kalorinya gede siapsiap keringetan lumayan berat mudah [URL],None,0
Thu May 02 11:16:36 +0000 2013,0,sports amp health takut gemuk mengkonsumsi pisang memang kalori nya sangat tinggi sebanding benefit [URL],None,0
Thu May 09 07:01:03 +0000 2024,0,lihat badan winter lgsg mikir tadi abis makan apa alias lebih giat diet olahraga nya,D,1
Thu May 11 03:01:05 +0000 2023,0,jarang makan pake saos bukan apaapa sih takut sausnya ber kalori tinggi makanya suka semua saos kalau sambel gassss lah,D,1
Thu May 11 14:04:50 +0000 2023,0,dah disiplin jaga diri diet teratur workout progress bagus pandemi baru dinyatakan kelar eh pecah telor nih title covirgin day sakit fit tinggal batuk pagi dah home workout pulaada survivor rekomen sayur pasien copd,D,1
Thu May 16 17:08:48 +0000 2024,0,swanlakeyz diethingy kalau abis olahraga ttep isi kalori pilih makan dada ayamtelor rebusminum whey diblender pake buah,D,1
Thu May 23 06:51:26 +0000 2024,1,dulu insecure berat badan now kulit makin sedih nak cari jodoh,D,1
Thu May 23 07:02:28 +0000 2024,203,amzblb diethingy pointnya bukan gtu kak makskkalhari lho semager²nya orang bmr diatas kkal kak kalau makan maksimal cuma kkal berarti seringnya dibawah dunk bulan kaya gtu kacau metabolisme kak tubuh memang gampang weight loss naeknya cepet,None,0
Thu May 23 07:04:42 +0000 2024,5,miungmiaw diethingy mjb kalau mau tau kalori harian cek kak tdee calculator nah situ cut sekian ratus bawah bmr setauku bmr bawah situ malah maks kal cmiiwkalo bawah bmr sehat,D,1
Thu May 23 07:16:08 +0000 2024,196,diethingy buat repliers nanya emg bahaya asupan kalori lt per hari kalau cuma buat hari doang masalah berlangsung lama fungsi dasar organ tubuhmu optimal energi buat bekerja bmr kamu sediakan cukup lewat makanan,None,0
Thu May 23 15:01:13 +0000 2024,1,amaiapage hitung kalori harian tiap makan ayy pas lah pokok na karbo nya dikurangin protein nya ditambah trus sama kurangin makanan siap sajii,D,1
Thu May 24 13:50:00 +0000 2018,156,rasa gelisah membakar kalori per hari,D,1
Thu Nov 01 09:53:47 +0000 2018,0,sekarang aplikasi penghitung kalori jadi apa kalau makan suka mikir ah takut tambah gemuk ah gila makan nya kalori nya tinggi banget ah takut makan manis wkwkwk serba salah akutu,D,1
Thu Nov 01 14:36:45 +0000 2018,0,juzanotherazn berusaha no carbs,D,1
Thu Nov 05 09:46:16 +0000 2020,0,insecure berat badan,D,1
Thu Nov 07 11:34:18 +0000 2024,244,menu hampir kalori tl termasuk good food amp diet friendly buat i ate it in moderation jarang kalori harianku terkontrol nambahin sumber protein amp serat it helps me to deal with mental health [URL],D,1
Thu Nov 07 14:40:31 +0000 2024,0,ampir bulan defisit gula terus malem craving banget parah jadi akhirnya ngupas mangga craving terus akhirnya bikin sirup marjan pake es batu wow terharu enak banget gula,B,1
Thu Nov 10 02:50:01 +0000 2022,3,berat badan sender kilogram tingginya jujur insecure banget kaya orang cacingan kurusnya keliatan banget tips naikin berat badan dong sender bikin pisangampselai kacang ntah ngaruh apa engga [URL],D,1
Thu Nov 11 11:57:55 +0000 2021,1,diet kasi saran minuman sachet apapun buat temen belajar mau beli semacam gd day takut kalori gulanya tinggi,D,1
Thu Nov 14 05:06:33 +0000 2024,0,menu makan siang hari no carbs krna carbsnya mau diganti pake kue kue,D,1
Thu Nov 14 05:18:28 +0000 2024,64,this article kinda makes me happy soalnya punya angular jawline amp suka insecure hahakalo berat badan naik dikit tuh langsung keliatan pipi makanya pas tau kalau angular jawline dianggap elegan tuh seneng gitu but every face shape is beautiful ️,D,1
Thu Nov 14 12:42:44 +0000 2024,2,walaupun tiap hari bingung mau masak apa padahal punya folder sendiri isi inspo masakan bikin meal plan tetep bingung bener bener semua masakan pertama kali bikin krna dirumah dulu cuma masaknya kalau sop tumis toge kangkung wkwk [URL],D,1
Thu Nov 14 16:23:34 +0000 2024,0,orgiiiiil hari lapar banget woe makan seberapa kalori harian kepake semua gara gara makan ayam goreng,D,1
Thu Nov 14 23:58:57 +0000 2024,0,pagi kayanya kalori harian dah abis,D,1
Thu Nov 26 06:55:54 +0000 2020,0,bangun begini biasa cari mie dong pengganjal perut bukan sembarang mie tinggi kalori takut tambah gendut soalnya habis makan langsung tidur kan baimpaulaxlemonilo,None,0
Thu Nov 26 13:49:45 +0000 2020,0,omg abis nanya besok enaknya makan apa tibatiba insecure sama berat badan mood swing ku mood swing ku [URL],D,1
Thu Oct 12 11:25:19 +0000 2023,0,setuju walaupun kerja kedai supplements makan supplements sahaja kurus diulangi kurus diet senam disiplin kurus sihat,D,1
Thu Oct 13 14:34:25 +0000 2022,1,lama insecure berat badan fase pasrah bodo hari insecure auto menyalahkan diri sendiri,D,1
Thu Oct 15 02:10:12 +0000 2020,2,sedang merasa insecure berat badan makin lama makin berkembang,D,1
Thu Oct 24 02:33:12 +0000 2024,6,tadi sarapan ayam nasi ngepap temen langsung nyeletuk kamu diet no carbs yaaa berasku entek,D,1
Thu Oct 24 02:37:41 +0000 2024,13,btw intermittent fasting hari pertama lemas kurang tidur buka puasanya jam siang stop makan jam malam normal sih begini,D,1
Thu Oct 24 03:15:59 +0000 2024,0,yoo mau nyoba diet keto seminggu kedepan,D,1
Thu Oct 24 04:05:04 +0000 2024,0,triomeow kok nemu minusnya soalnya pakenya standar banget cm hr langkah hitung kalori,D,1
Thu Oct 24 05:13:08 +0000 2024,0,liatnya meal plan,D,1
Thu Oct 24 06:10:24 +0000 2024,10,makan siang pake menu diet sekali rasanya duta kesehatan internasional se office heboh ampe ad nyaranin bli nasi goreng buat back up siapa tau kelaparan saking menjiwainya mau ngopi aj ampe nge cek jumlah gula n kalori nya dulu pencitraan [URL],D,1
Thu Oct 24 12:31:49 +0000 2024,2,kapan hari pake website food calorie calculator database kandungan kalori makanan dirancang murid challengenya murid merancang menu makanan bergizi seimbang berdasarkan kebutuhan kalori harian,D,1
Thu Oct 24 16:18:10 +0000 2024,0,panduan makan sehat soal hitung kalori [URL],None,0
Thu Oct 31 17:17:37 +0000 2024,0,diet keto pagi siang malam makan ketoprak,D,1
Thu Sep 01 07:37:22 +0000 2022,1,redflags terparah buat pas insecure sama berat badan malah bertanya berat badan kamu memang berapa si,D,1
Thu Sep 05 02:34:40 +0000 2024,0,duhh insecure sama berat badan pengaruhnya,D,1
Thu Sep 05 09:36:46 +0000 2024,0,pernah kena ulti sama temen w kdg hitung kalori sih emg jujur w fatphobia,D,1
Thu Sep 12 10:25:35 +0000 2024,619,makan sekali sehari mungkin tampak pola makan ekstrem pilihan diet psikologi abnormal menjadi tanda adanya gangguan makan diikuti perilaku kebiasaan makan sehat bahas lebih [URL],None,0
Thu Sep 15 14:37:26 +0000 2022,1,diet buat temen mencapai weight goal bagaimana cara maintain pusing itung kalori apa menjadikan olahraga suatu rutinitas,D,1
Thu Sep 19 05:08:55 +0000 2024,0,ternyata selama kalau makan tuh kali lipat kalori harian,D,1
Thu Sep 19 05:39:09 +0000 2024,6,scroll mencari ide buat masak ntar sore soalnya sempet bikin meal plan seminggu wkwk semalem belanjanya ngasal sepengennya [URL],D,1
Thu Sep 19 11:28:06 +0000 2024,0,guys ovt sama berat badan ku coba diet hari back on track sama makanan makanan gajelas susah banget olahragaa sih motivatenya turun per hari feel guilty gmw eating disorder pgn ngurangin susah,D,1
Thu Sep 21 11:51:08 +0000 2023,0,kariyning padahal kurus gapapalah kalau diet gula lebih sehat,D,1
Thu Sep 28 07:54:27 +0000 2023,5,diet gaes tetep bakal berhasil kalau defkal perlu repot hitung kalori gitu maksudnya jaga makan ngurangi makan ribet hitung gitu si,D,1
Thu Sep 30 01:10:12 +0000 2021,2,i pernah binge eating mcm nih after diet few days haha dah la tgh malam so apa i belajar is start small amp slow jgn terus buat regime diet cepat giveup plus letak your goal weight or model kurus or baju kamu suka kat homescreen goodluck,D,1
Tue Apr 04 08:55:25 +0000 2023,0,menteri pemuda olahraga dito ariotedjo sempat melontarkan candaan dirinya diet keras mengajak awak media berolahraga bersama kemenpora lebih disiplin melakukan olahraga tersenyum dirinya berkeinginan mengurangi bobot tubuhnya ist [URL],None,0
Tue Apr 09 08:09:02 +0000 2024,194,karbohidrat rekomendasi daily intakenya bedabeda tergantung badan menentukan rekomendasi intake kalori berapa fda rekomnya gram karbohidrat asumsi target kalori per hari nasi putih mateng doang berarti hampir sekilo,None,0
Tue Apr 18 16:15:08 +0000 2023,48,kapan nih disiplin ngegym sama diet please lah sekali peuk yaelah lo ngomong gini kaga lihat perut bagaimana heh peuk we live for this energy [URL],D,1
Tue Aug 08 06:27:41 +0000 2023,0,tiap ngajar prog martial artsself defense selalu sertakan materi lat fitnes kebugaran tubuh tubuh kuat bugar tetap penting tunjang skill teknik bela diri materi bodybuilding bentuk badan kalau pengin nah mau mau disiplin soal diet,None,0
Tue Aug 09 08:01:55 +0000 2022,0,pemenuhan serat tiap hari penting banget lhoo perannya progress dietmu kamu gampang lapar amp cegah sembelit nih kasih tau caranya pemenuhan serat harianmu terpenuhi baik,D,1
Tue Aug 09 16:10:03 +0000 2022,0,jadi insecure banget sejak berat badan naik signifikan seneng jadi pernah kena catcall,D,1
Tue Aug 15 14:16:05 +0000 2023,0,bakar kalori rebahan yes cocoon wellness therapy emangnya cocoon wellness therapy apa sih cek video buat cari tau‼️ [URL],None,0
Tue Aug 27 10:46:39 +0000 2019,0,tips bikin nasi goreng sehat takut tinggi kalori viva [URL] [URL] [URL],None,0
Tue Aug 27 11:20:59 +0000 2024,0,manfaat meal plan kesehatan wajib coba kamu sedang diet [URL],None,0
Tue Dec 05 00:28:49 +0000 2023,0,dok menerapkan ilmu kebutuhan kalori dr kampus pdhal membatasi asupan kalori meningkatkan pengeluaran kalori dg olahraga hitung totalnya kalori makan jauh lebih rendah dr kebutuhan kalori berat badan ku blm turun,D,1
Tue Dec 05 13:45:21 +0000 2023,10,jam segini balasbalasin klien kerja fampb memang libur happy sih memang pengen banget bantu orang lebih sehat resto kan tempat langganan orang celiac diabetes sakit berat keto or diet lainnya [URL],None,0
Tue Dec 05 13:59:08 +0000 2023,1,jadi key hari belajar hitung kalori ngitung angin,D,1
Tue Dec 10 08:56:59 +0000 2024,3,dave blunt tampil panggung chicago tabung oksigen akibat obesitas ekstrem kilogram mengaku sulit kendalikan pola makan meski pernah coba diet ketat apa pendapatmu soal garudatv laporan daveblunts obesitas rapper [URL],None,0
Tue Dec 10 14:48:58 +0000 2024,0,capeq bgtt sama meal plan cape mikir menuu [URL],D,1
Tue Dec 13 12:59:47 +0000 2022,200,keping cuman kalori salah satu cemilan underrated dunia per diet an [URL],D,1
Tue Dec 14 04:38:30 +0000 2021,0,diet anjuran konsumsi karbo berapa gram sehari misalnya xxgram×bb berapa yah pls bantu jawab takut makan karbo,D,1
Tue Dec 17 06:06:10 +0000 2024,0,benda paling bahaya bila diet on off nih binge eating muncul lelagi stress perangai manusia kat office nih sangat menyumbang cari comfort food macam sekarang hati tahan nak minum kopi in amp cecah biskut berjaya kawal tang biskut je,B,1
Tue Dec 24 05:15:12 +0000 2024,0,wishlist pas wisuda kurus badan ideal aminnnnnnnn,D,1
Tue Dec 24 08:01:31 +0000 2024,0,rowoon diet ketat mau project baru apa buat album pipi gembul otw ilang,D,1
Tue Dec 24 08:29:42 +0000 2024,2,perlu restrictive diet ujungnya jadi stress makan secukupnya perlu terlalu berlebihan pantang makan cheat day is fine for once in a while because happy heart happy mind happy skin [URL],None,0
Tue Dec 24 16:50:10 +0000 2024,13,jam segini lapar mau makan perut buncit tubuh gemuk tahan minum air gak papa kan semangat dietnya,D,1
Tue Dec 27 07:24:09 +0000 2022,0,diet kalau makan jam an malem sblum tidur brrti ngitung kalorinya buat hari sebelumnya hari selanjutnya,D,1
Tue Dec 27 13:20:48 +0000 2022,4,diet pusing banget mau fatloss weightloss mau dibawa stress craving for food terus kalau dibatasin tracking kalori bawaannya stress malah naik kardio rutin iya weightlifting rutin iya maaf guys kayanya permasalahan cont,D,1
Tue Dec 31 09:01:06 +0000 2024,88,mau menutup giveaway tulis sebuah harapan baik reply pilih hadiah ebook modul persiapan profesi konsultasi gizi meal plan pemenang diumumkan tanggal januari jam wib [URL],None,0
Tue Feb 04 00:07:36 +0000 2025,0,saatnya olahraga bakar bakar kalori,D,1
Tue Feb 04 00:34:54 +0000 2025,0,selalu muntah kalau makan nasi sihh pdhal kmren stop nasi cuma krna diet ehh malah sekarang beneran makan nasi huaaa,D,1
Tue Feb 04 00:57:21 +0000 2025,0,biji fenugreek kelabat biji fenugreek meningkatkan rasa kenyang lebih lama membantu mengurangi asupan kalori harian,None,0
Tue Feb 04 02:49:28 +0000 2025,0,kira cabut gigi bakal mau makan makanya pengen sekalian diet tapiii kenyataannya malah pengen ngemil terus sekarang nyesel abis makan bakwan mana kalorinya gedee [URL],D,1
Tue Feb 04 04:18:27 +0000 2025,0,stop makan nasi lela,None,0
Tue Feb 04 07:50:52 +0000 2025,1,lovlybunts rayyafps asupan kalori harian → maintenancetdee cek kebutuhan kalori harian maintenance sini [URL] prioritaskan makan makanan gizi seimbang karbo protein serat jajan makanan tinggi kalori mengenyangkan,None,0
Tue Feb 04 08:55:08 +0000 2025,0,nyangka detox perlu diet ketat jamu pahitgak nyangka detox perlu diet ketat jamu pahit detoks detoksifikasi ususkotor detoksusus diet ususkotor langfit link pembelian [URL] [URL] [URL],None,0
Tue Feb 04 12:20:33 +0000 2025,0,malem malem selalu lapar padahal pengen intermitten fasting,D,1
Tue Feb 04 17:01:19 +0000 2025,0,allah takut gendut pls asli takut banget,D,1
Tue Feb 04 19:37:19 +0000 2025,0,jam segini maagh kambuh mau makan takut gendut makan takut mati,D,1
Tue Feb 07 13:16:29 +0000 2023,1,pengen e ki yo ndak insecure berat badan cuman kalau kaya gini terus kok lama jadi pikiran sih,D,1
Tue Feb 11 02:18:32 +0000 2025,0,w ditahap bingung bikin meal plan seminggu kedepan,D,1
Tue Feb 11 02:37:58 +0000 2025,0,kayaknye prabs diet ketat menu nasi goreng ibu suri banteng ketaton mending diet dah kagak dikhianatin [URL],None,0
Tue Feb 11 04:05:09 +0000 2025,0,jadi termotivasi lihat meal plan and food preparation anak kos,D,1
Tue Feb 11 05:36:09 +0000 2025,0,ku kira diet defisit kalori taunya hemat makan,D,1
Tue Feb 11 07:18:38 +0000 2025,0,intinya u mau diet defisit kalori makro gizinya seimbang,D,1
Tue Feb 11 08:50:40 +0000 2025,0,pusing mikirin meal plan,D,1
Tue Feb 11 09:02:23 +0000 2025,1,pengen banget niat bikin meal prep apa daya wkwk jadi dr selalu nyatet note hp meal plan stock dicatat lupa punya apa kadang sesuai perencanaan jadi perlu improve mas mengurangi nasi malah jadi makan kali wkwk [URL],D,1
Tue Feb 11 09:25:37 +0000 2025,0,adakah kilogram defisit kalori beli makan dine in terus pesen setengah porsi etis kalian mgkn solusi,D,1
Tue Feb 11 10:39:36 +0000 2025,0,meal plan sebatas malam mikir besok makan apa sekarang tiap hari belanja makan hri akunya malah spontan tau pengen pengen tau gofood ujungnya mlh akhir bulan jadi bnyk food waste kalau belanjanya bbrp hri sekali,D,1
Tue Feb 11 11:10:09 +0000 2025,1,bersyukur ali sekarang meal plan sering belanja jadi tau bahan makanan harga berapa bsk kukasih seminggu k kok makanan cuma tahu tempe doang,D,1
Tue Feb 11 14:47:26 +0000 2025,0,pribadi sekarang diet ngelarang makan gaboleh gula bla blaskrg lebih fokus self controlmakan semua kesadaran diri buat stopkrn buat larangan makanan bikin males diet enjoy sih,D,1
Tue Feb 13 16:20:59 +0000 2024,0,olahraga bakar kalori banyak apa yaa hmm,D,1
Tue Feb 14 05:44:36 +0000 2023,94,diethingy iya kok sedih nder pernah nemu oren meal prep gt domisili tangerang tertera kalori per meal coba cek deh kalau domisili tangjak [URL],D,1
Tue Feb 14 13:02:08 +0000 2023,2,siniipelukk cigeeew diethingy ig kak namanya hanancatering enakenak makannya kak spesific mau no carbs high protein gitu,D,1
Tue Feb 16 04:57:01 +0000 2021,2,perlula nak restrictive diet sangat just enjoy your food i faham kadang bila youre on diet amp ttbe suara sumbang nampak kamu makan benda manis eh kata dietttttttttttttt lol makan jela moderately suruh bantai everyday,None,0
Tue Feb 18 01:06:02 +0000 2025,3,terima terima sumpah chen zheyuan digiin apa kasih buat twot kurang li zan bagaimana kurang ngasih apa buat drama diet ketat body building pendalaman karakter lo pikir gampang apa buat memahami depresinya li zan,None,0
Tue Feb 18 04:15:42 +0000 2025,16,banyak sih lakuin cuma konsisten defisit kalori workout kardio tambah angkat beban kalau mulai turun bbnya makan gizinya seimbang satu piring karbo serat protein kalau minum air putih cukup tidur [URL],D,1
Tue Feb 18 06:12:06 +0000 2025,0,kayajnya beneran diet ketat,D,1
Tue Feb 18 06:26:20 +0000 2025,0,takut gendut diri nyadar gendut,D,1
Tue Feb 18 08:03:54 +0000 2025,0,defisit kalori begadang jalan terus jadilah tumbang begini,D,1
Tue Feb 18 12:27:58 +0000 2020,0,erikarlebang baru tahu bagaimana pola makan keto youtuber musisi aneh banget dietnya takut karbo makan mentega ky minum aer terus snacknya kulit babi jadiin kerupuk kulit katanya calories [URL],D,1
Tue Feb 18 13:16:44 +0000 2025,0,haloo disini ahli gizi buka jasa buat ngaturin asupan kalori harian defisit kalori registered dietitian kalau info yaa mau pake jasanya dm terima kasih,D,1
Tue Feb 18 13:31:50 +0000 2025,1468,tips diet santai ala from kilogram olahraga strength training cardio ⁠mindful eating perbanyak protein amp sayur karbo secukupnya ⁠defisit kalori kkal kalori harian ⁠wajib rest day tidur cukup minum cukup [URL],D,1
Tue Feb 18 13:41:47 +0000 2025,17,diethingy ngecilin paha amp pinggul cuma jalan kaki request lemak bagian tubuh mana nyusut duluan bagian badan berlemak → lemak → cadangan energi → cadangan energi dipake badanmu kondisi defisit kalori,D,1
Tue Feb 18 15:28:32 +0000 2025,0,pengen diet pengen diet hobinya ngemil terus mana ngemil nya makanan berat wkwkwk,B,1
Tue Feb 18 16:02:33 +0000 2025,0,merasa jadi makhluk berbeda tiap pms sensitif beringas laperan susah woy kalau mau defisit kalori luteal phase,D,1
Tue Feb 20 11:51:50 +0000 2024,0,cara mengecilkan lengan berlemak cepat ampuh disiplin diet olahraga bun [URL],None,0
Tue Feb 21 01:35:31 +0000 2023,1,diet apk punya banyak fitur buat step tracker hitung kalori makanan bmitdee diet plans workout plans sekaligus paidunpaid okee semua yaa barangkali tauu,D,1
Tue Feb 25 00:44:09 +0000 2025,2,sohib ibu anak les adik meninggal dunia usia diet ketat pasca melahirkan garagara suaminya mau punya jaga berat badan bbrp hari setelahnya si suami nikah almh ninggalin anak kembar selama hidup kb,None,0
Tue Feb 25 04:11:15 +0000 2025,7,iya tb sangat offended buat dibercandain alias ujungujungnya genetik sama nutrisi hari pertama berat badan diubah defisit kalori bulking,D,1
Tue Feb 25 04:49:42 +0000 2025,7,dombaarara devyayu kalau baru bulan fokus asi dulu kak sih diet if kak jadi tetep makan bergizi dijamnya coba deh search diet if stop makannya malam sama pagi siang baru makan sore jam malam,D,1
Tue Feb 25 07:09:23 +0000 2025,5,stop overclaim minum teh langsung turun berat badan defisit kaloriolahraga tai kucing bangkeee,D,1
Tue Feb 25 07:56:38 +0000 2025,1,penasaran kebutuhan kalori status gizinyaa yuk cek disinii braw gratiss [URL] [URL],None,0
Tue Feb 25 09:35:59 +0000 2025,0,mimpi apa yeh hari hari minum full cream wkwk biasanya dihindari banget takut gendut,D,1
Tue Feb 25 09:59:54 +0000 2025,34,menuju bulan puasa siapa sibuksibuk ngatur meal plan sahur amp buka puasa jadilebihmengerti kebutuhan nutrisi selama puasa tetap dijaga kamu bikin meal plan sahur buka puasa [URL],None,0
Tue Feb 25 12:20:34 +0000 2025,4,waw selamat kak kamu keren banget semoga menjadi inspirasi punya berat badan katagori obesitas buat diet bukan malah sibuk kedok love yourself obesitas sarang penyakit jangan normalin diet lah semakin nambah berat badan mu,None,0
Tue Feb 25 12:54:27 +0000 2025,0,makan nasi malem kalori harian blm terpenuhi bjir,D,1
Tue Feb 25 13:59:45 +0000 2025,0,defisit kalori ginigini loh,D,1
Tue Feb 25 14:16:47 +0000 2025,0,meal plan dr dokter gizi doesn t look so sad jdnya,D,1
Tue Feb 25 14:29:05 +0000 2025,0,mau cutting malah bulking wkw gak papa deh bagaimana susah mengukur kalori harian,D,1
Tue Feb 25 18:30:45 +0000 2025,3,wah gawat kudu defisit kalori,D,1
Tue Feb 25 19:21:34 +0000 2025,2,hebat ngabisin duit atur ae wes baturmah diet meh sehat malah pen obesitas,D,1
Tue Feb 26 11:32:51 +0000 2019,0,ubermoon yep and thats where i drew the line banyak agama diet lebih restrictive blg jgn egois pengen bilang for god sake grow up man up and faith up,D,1
Tue Feb 27 03:04:10 +0000 2024,0,locklocklocku sama kaya olahraga bakar kalori,D,1
Tue Jan 02 13:33:53 +0000 2024,1,disiplin diet mulai malam [URL],D,1
Tue Jan 07 00:47:25 +0000 2025,1,cakep kak tau kalau dietdefkal dianjurkan dada ayam sumber protein berkualitas tinggi potongan ayam paling rendah kalori kaya vit amp mineral vit b selenium fosfor gitu masaknya gampil amp enak cek [URL] promonya,None,0
Tue Jan 07 04:13:54 +0000 2025,0,mual lapar terus males makan takut makin gendut anjir,D,1
Tue Jan 07 07:18:22 +0000 2025,0,diet ketogenik sering dipanggil diet keto salah satu pola makan cukup terkenal belakangan jenis diet sangat rendah karbohidrat tinggi lemak membuat tubuh masuk keadaan ketosis [URL],None,0
Tue Jan 07 09:26:42 +0000 2025,1,yuk yuk menuju indonesia defisit kalori,D,1
Tue Jan 07 12:40:24 +0000 2025,71,abis makan terus besok olahraga lebih keras ㅠ isi kacang merah isi krim suka semuanya kalau isi krim pinter milih pergi bacain postingan kurang k,D,1
Tue Jan 07 15:15:56 +0000 2025,0,lucunyaaaa si lucy defisit kalori,None,0
Tue Jan 07 18:53:18 +0000 2025,0,makanan bergizi tiap bahan makanan memang mengandung zat gizi sananya makanan diet makanan diet diet banyak macemnya kayak diet defisit kalori contohnya,None,0
Tue Jan 09 12:15:03 +0000 2024,2,hia jim urusan diet disiplin kata sea walaupun depannya popcorn kesukaannya bahkan mencicipinya haha praewandyouxjimmysea,None,0
Tue Jan 14 02:55:51 +0000 2025,0,hari pertama mulai diet keto semoga berjalan sesuai rencana,D,1
Tue Jan 14 04:39:39 +0000 2025,0,makan nasi huek huek ‍ pertanda stop makan nasi,D,1
Tue Jan 14 06:31:18 +0000 2025,0,iseng nyobain diet keto lemesnya ujung kaki,D,1
Tue Jan 14 11:27:58 +0000 2025,0,niat mau diett hari bener bawaannya lapar teruss pengen ngemil terusterusan jugaa pokonya nguyahhh,B,1
Tue Jan 14 11:37:39 +0000 2025,0,rilinobit kamu cek bmr dulu kebutuhan kalori harian brp penting kebutuhan kalori harian terpenuhi kl dr foto atas hasilnya jadi pas buat kamu dl bgikutin kayak gt malah gaada hasil mending intermitten,None,0
Tue Jan 14 12:01:27 +0000 2025,0,kalori harian uda max bingung mo ngapain,D,1
Tue Jan 14 13:39:03 +0000 2025,0,bener paling manjur memang defisit kalori,D,1
Tue Jan 14 16:51:18 +0000 2025,0,berat badan naik kilogram kalori harian harini terpenuhi wtf,D,1
Tue Jan 16 03:42:57 +0000 2024,21,diet kalori harianku cut hasilnya lebih cepet jadi kadang mau hitung kalori harianku makanan² makan appnya tuh gaada saranin app hitu kalori dong,D,1
Tue Jan 16 08:25:40 +0000 2024,2,diet temen temen kalian hitung kalori makanan pake aplikasi apa makasih,D,1
Tue Jan 16 08:50:59 +0000 2024,0,plan diet nih bagus kawan disiplin je kawan disiplin bawak diet ko laut,D,1
Tue Jan 16 15:02:50 +0000 2024,0,dollytrack itung itung olahraga bakar kalori mlm,D,1
Tue Jan 21 01:18:37 +0000 2025,0,nyarap fyi sbnrnua defisit kalori [URL],D,1
Tue Jan 21 02:14:40 +0000 2025,5,kebetulan habis baca ashraf disuruh olahraga kak rey olahraga cocok buat losing weight tuh apa pilates sengaruh sih kak pilates nurutin berat badan defisit kalori setauku based on my personal experience ka [URL] [URL],D,1
Tue Jan 21 05:13:51 +0000 2025,0,tadi lapar banget pas mkn nyesel banget takut gendut,B,1
Tue Jan 21 11:33:15 +0000 2025,0,defisit kalori ngaruh banget in a good way porsi makananku nambah sebenernya nasi jadi dikit banget bikin banyak dilauknya dada ayam sama sayur makan buah sama yogurt cemilan in a biiig biiiiiiiig portion berat badanku malah turun terus,D,1
Tue Jan 21 11:36:55 +0000 2025,7,diet kesel banget perut buncitku dicubitin terus sama mas crush jadi mau back on track diet huh mau cutting cuma disiplin olahraganya diet on off gituu masi buncit perutnya yuk mulai cutting,D,1
Tue Jan 21 11:53:32 +0000 2025,233,buat nanya soal diet gabisa share yaa dulu diet sesat banget banyak efek negatifnya intinya defisit kalori olahraga home workout sekarang maintain porsi amp jenis makanan lumayan ketat sama makanan yaa banyak disubstitusi,D,1
Tue Jan 21 17:34:53 +0000 2025,0,convomf makan makanan berserat tinggi rahasiaku ozempic wegovy nder ampuh cepat tetap makan enak perlu diet restrictive,D,1
Tue Jan 23 03:33:06 +0000 2024,0,bijiganjalagi diet keto selalu,D,1
Tue Jan 24 04:44:16 +0000 2023,3,sejak set up cafe thepahitmanis memang i jaga makan langsung how nak diet jam bau sambal nasi lemak kat cafe today i paksa diri disiplin and jaga makan start balik day even dah beribu kali day ye,D,1
Tue Jan 24 16:18:10 +0000 2023,3,diet cara kalian punya self control pas diet bagaimana kayak kl tbtb pengen makan gitu kan gbmungkin diturutin selalu gitu,D,1
Tue Jan 28 02:07:25 +0000 2025,0,kl makan dikit dikit takut gendut lu kalah nyed,D,1
Tue Jan 28 02:29:00 +0000 2025,3,terkadang meski melakukan diet ketat berat badan stuck berkurang benar nih detikers⁣ lantas apa kesalahan perlu dihindari diet yuk cek sini gtgt [URL] [URL],D,1
Tue Jan 28 05:27:45 +0000 2025,0,malas mikir level minta chatgpt dibuatkan meal plan hari hohoho [URL],None,0
Tue Jan 28 05:41:00 +0000 2025,1,lama olahraga serasa mulai awal doms parah abis workout terbantu tau program workoutnya gmn diubah pola makannya dulu if amp omed kalori amp protein harian terpenuhi kali makan x sehari mostly protein [URL],D,1
Tue Jan 28 09:17:28 +0000 2025,6,kepo diet ketat ku bagaimana bbrp bulan lalu kayak gini makanannya detik aktif olahraga softball amp berenang or minum fat burner hari berusaha ngindari gorengan amp gula [URL],D,1
Tue Jan 28 09:40:29 +0000 2025,76,liburan ujan terus gini bawaannya pgn ngemil selalu nyetok snack enak rendah kaloriiii jadi bikin gemoyy deh [URL],None,0
Tue Jan 28 12:42:55 +0000 2025,0,lebih gampang mengendalikan nafsu makan kl kerja drpd hari libur sebenernya keitung defisit kalori cm kayak lebih kerasa kesiksa kayak gejolak pengen ngemilnya tuh kenceng,D,1
Tue Jan 28 13:46:35 +0000 2025,6,modiji on keto diet,D,1
Tue Jan 28 14:28:12 +0000 2025,0,orang fatty jadi poin ngeselin pas ngetik kinda trouble bahkan sendiri riset orang gendut berusaha diet emg berat badannya susah buat turun sendiri ngalamin soalnya ngegym full amp defisit kalori full setahun cuma turun kilogram,D,1
Tue Jan 28 16:33:32 +0000 2025,0,lapar takut gendut kalau makan malem,D,1
Tue Jan 28 16:35:11 +0000 2025,56,ges ngerasa insecure banget sama muka jelek banget yaampun mana skill paspasan sifatnya banyak minus kelebihan cuma berat badan bjir aaa,D,1
Tue Jan 28 22:34:14 +0000 2025,0,cek mixmix dry rub bumbu marinasi serbaguna rendah kalori spices cajun seasoning bbq grill gram harga rp dapatkan shopee sekarang [URL] [URL],None,0
Tue Jan 30 02:03:54 +0000 2024,13,paling simple nak mula diet nih cuba dulu kawal gula cravings kurangkan dulu kekerapan makanan minuman manis amek sekali sekala takpe nih kira basic nk bentuk disiplin jaga makan nih strong susah nk disiplin part makan,D,1
Tue Jan 30 10:07:49 +0000 2024,0,gmn diet k kalori an gt perasaan makan banyak ternyata pas cek fs cuma an,D,1
Tue Jan 30 10:20:26 +0000 2024,8,olahraga seberapa bakar kalori jajannya cilung wkwkw,D,1
Tue Jan 30 12:20:42 +0000 2024,0,diet guys saran dong jadi makan dibawa umr kurang kalori sedikit lapar tahan if kira kira makan kalori apa lanjutin ajaa,D,1
Tue Jul 09 05:52:45 +0000 2019,3,inkamwrni miqbalfs jadi gini kandungan kalori thai tea kurrang lebih tergantung banyaknya gula susu dipakai semakin banyak kalori segelas thaitea semakin tinggi mencapai kamu enggak takut gemuk silakan,None,0
Tue Jul 09 11:31:45 +0000 2024,1,halo tau aplikasi free hitung kalori harian konsumsi,D,1
Tue Jul 16 02:37:00 +0000 2024,1,hitung kalori hitung gula untung kalorinya penting enak campur nasi tinggal dimakan kali [URL],D,1
Tue Jul 16 04:22:20 +0000 2024,52,paancipi tim bikin meal plannya dulu baru bikin list belanjaan sesuai menu meal plan kak jadi bingung mau belanja amp masak apa [URL],D,1
Tue Jul 16 05:04:58 +0000 2024,3,intermittent fasting is now my lifestyle stop makan jam malam baru makan jam siang keesokannya perfect ngirit biaya makan makan cuma sekali sehari [URL],D,1
Tue Jul 16 06:10:36 +0000 2024,0,kebiasaan baru selama libur buka shopeefood gt pilih makanan gt hitung kalori gt hitung duit gt gajadi pesen,D,1
Tue Jul 16 07:37:04 +0000 2024,0,tips menurunkan berat badan ala kourtney kardashian diet keto hindari makanan olahan [URL] tempocantika,None,0
Tue Jul 16 09:03:05 +0000 2024,0,linskinjournal kak mau tanya cek kalori masuk yaaa,None,0
Tue Jul 23 03:05:48 +0000 2024,32,ternyata dulu self control nya susah banget ketawa banget lihat dulu berat badan nya kilogram intinya jaga pola makan jarang olahraga jarang minum air putih sebenernya waktu gym makannya sembarangan banget selalu ikutin nafsu makan [URL],D,1
Tue Jul 30 12:12:38 +0000 2024,0,keren banget yaa orang diet rutin disiplin jujur sulit sekalih menjadi orang rutin disiplin jujur pernah diet jatohnya bukan diet sih cuma sering olahraga rutin sama kurangin makan doang turn berat badan wktu sekaligus perawatan muka,D,1
Tue Jun 04 17:31:10 +0000 2024,1,tidur olahraga dikit bakar kalori pas rebahan perut nangis karuan,D,1
Tue Jun 14 07:15:04 +0000 2022,0,diet mau nanya diet keto kan konsumsi lemaknya tinggi karbo rendah apa gapapa keseringan konsumsi lemak takut gemukan muncul penyakit jantung,D,1
Tue Jun 16 06:05:35 +0000 2020,2,pengen ngemil sore pas meeting concall takut kelebihan kalori makan pas lembur malem sekarang varian baru soyjoy crispy white macadamia tinggi serat amp protein jadi soylution cemilan sehat kamu makan bar soyjoy hari [URL],None,0
Tue Jun 19 13:27:42 +0000 2012,0,kayanya lezat tuh bro sejenis makanan tinggi kalori kan takut kolesterol gwd rt tunggalsiahaan nowplaying crumbsuckers breakout,None,0
Tue Jun 21 12:30:27 +0000 2022,0,foodfess nder kasih tau tracking kalorinya pake apo apa thankyou,D,1
Tue Jun 25 05:43:31 +0000 2013,1,takut gula diet kalorinya tinggi sekarang temanteman usah khawatir stevia powder pemanis kalori,None,0
Tue Jun 27 03:41:21 +0000 2023,243,keren justru mindset gini ditiru sama semua perlu restrictive diet konsisten olahraga papa olahraganya asal konsisten enough rest terlalu fokus short term goal malah lebih consistent buat kesehatan jangka panjang good luck,None,0
Tue Jun 28 10:49:28 +0000 2022,0,diet makanan protein tinggi bukan makan besar apa yasisa an kalori diriku biasa dinner pake makan besar soalnya takut begah,D,1
Tue Mar 01 05:05:02 +0000 2022,0,oyi rek tips buat naikin berat badan sender insecure soalnya kurus banget,D,1
Tue Mar 01 23:34:37 +0000 2022,0,diet guys kan so far dietnya pakai if cuman memang goal weight nah kalau bulan puasa cara if nya bagaimana pakai soalnya puasa ramadhan biasa gatau malah berat badannya naik drastis turun wkwkwkw,D,1
Tue Mar 02 06:29:13 +0000 2021,0,gizipediaid calorie restrictive diet dibawah kcal per hari tuh kaya mau meninggal,D,1
Tue Mar 04 07:43:23 +0000 2025,3647,diethingy bahkan dokter gizi ahli gizi nyaranin makanan ky gini kamu ngide pengganti karbonya mana nasi jahat plis emg siap makan begini seumur hidup kamu lama lama kena eating disorder sayangin badan kamu buat jangka panjang belajar,None,0
Tue Mar 05 14:33:48 +0000 2024,1,le me share topik overthink ku akhir akhir next race sub k latihan gaboleh bolong bolong interval gaboleh muntah cutting disiplin diet focus nutrition nurunin fat angka punya badan runners enteng dibawa lari kenceng,D,1
Tue Mar 08 04:20:31 +0000 2022,0,bener bener insecure masalah berat badan,D,1
Tue Mar 08 11:39:52 +0000 2022,0,hujan amp rumah adanya buah disuruh restrictive diet sama semesta,D,1
Tue Mar 11 10:01:12 +0000 2025,12,wow rajin jaga pola makan tetep aslam amp sensasi heart burn‍↔️,D,1
Tue Mar 11 10:21:46 +0000 2025,0,kreasi resep lapis legit burnt cheesecake jatah kalori harian lgsg habis,D,1
Tue Mar 11 18:15:16 +0000 2025,175,ᯓ tips menjaga berat badan tetap aktif bergerak lakukan aktivitas fisik rutin berjalan kaki bersepeda olahraga ringan kalori masuk terbakar baik,None,0
Tue Mar 12 09:26:55 +0000 2024,0,diet cara hitung kalori minimal maksimal bagaimana yaa kalau tb cm berat badan kilogram ngestabilin berat badan kalori dimakan perhari berapa kalori terima kasih,D,1
Tue Mar 16 10:06:43 +0000 2021,8,bahaya diet defisit kalori kurang kalori per hari [URL],None,0
Tue Mar 17 17:05:31 +0000 2020,199,check la kalori makanan ko makan either kat google kat nutrition facts kcal kj nak cepat kurus seksa sikitlah makan selalunya bawah kalori keperluan badan orang selalunya kalori atas tahan sikitlah rasa tanak kene kutuk ngan orang dah,D,1
Tue Mar 18 02:16:14 +0000 2025,4,huhuu lengah jaga pola makan ibu jadi kontrol deh,D,1
Tue Mar 18 03:53:01 +0000 2025,4,drevachaniago ak pakai bpjs sembuh kak suruh operasi kaya diagnosa nya tuh aneh banget sekarang jadwal operasi blm ad berat badan ak turun banyak banget bbrp bulan padahal ak diet mkn ak byk banget nabung mau berobat penang,None,0
Tue Mar 18 03:54:42 +0000 2025,0,klean kalau pengen banget makan indomi diet apalah takut ngerasa bersalah makan bikin mi shirataki bumbu bikin sendiri roycomasako secukupnya bubuk lada dikit kecap minyak wijen dikit campur,D,1
Tue Mar 18 04:26:49 +0000 2025,0,menu bulking kalorihari berikut contoh menu harian makanan khas indonesia sarapan kalori nasi uduk g nasi santan kalori ayam goreng paha g kalori telur dadar butir kalori sambal terasi kalori,D,1
Tue Mar 18 04:26:50 +0000 2025,0,camilan pagi kalori pisang buah buah besar kalori susu full cream ml kalori kacang tanah goreng g kalori,D,1
Tue Mar 18 04:26:51 +0000 2025,0,makan siang kalori nasi putih g kalori rendang daging g kalori sayur bayam g santan kalori camilan sore kalori roti bakar selai kacang lembar kalori jus alpukat buah gula kalori,D,1
Tue Mar 18 04:26:52 +0000 2025,0,makan malam kalori nasi putih g kalori ikan bakar g ikan kembung bumbu kalori tempe goreng g kalori camilan malam kalori susu cokelat ml kalori biskuit gandum keping kalori,D,1
Tue Mar 18 04:26:54 +0000 2025,0,analisis penyesuaian total kalori melebihi target vs kalori kisaran surplus bulking kalau terlalu banyak menyesuaikan kurangi porsi nasi misal g jadi g makan siang kalori,D,1
Tue Mar 18 04:26:55 +0000 2025,0,kurangi camilan pagi contoh pisang jadi buah kalori diingat sesuaikan berdasarkan rasa lapar progres mingguan yaa target ideal tetap kalori jadi dikurangi kalori porsi lebih kecil,D,1
Tue Mar 18 07:29:22 +0000 2025,2,diethingy coba dicek kak berat badan bukan cuma lemak otot cairan organ tubuh asupan proteinnya cukup olahraga jadi otot naik kilogram lemak turun kilogram jadi angka timbangan berubah lingkar tubuh mengecil,None,0
Tue Mar 18 07:45:01 +0000 2025,313,kalau mau dapetin bentuk amp komposisi badan ideal terlalu kurus buncit kelebihan lemak perut banyak bilang diet tuh ambil kontribusi gede dibanding olahraga apa iya memang bener gitu kalau mau badan bagus berarti fokus diet [URL],D,1
Tue Mar 18 12:17:10 +0000 2025,0,kok kurus banget sih lihat foto jaman dulu sama sekarang sekarang kaya rantinf,D,1
Tue Mar 18 13:44:05 +0000 2025,0,ih kok kurus banget yaa,D,1
Tue Mar 18 15:39:32 +0000 2025,0,selama bulan ramadhan jaga pola makan makan nasi cuma secentong tiap hari ko bukan nya kurus malah nambah gede,D,1
Tue Mar 18 21:10:01 +0000 2025,2,sorleyamsan kalau konsisten gym bulking dikit jaga pola makan meresahkan,D,1
Tue Mar 19 01:27:50 +0000 2024,1,kurus kaya diet keto sih cuma penasaran sama efek tubuh [URL],D,1
Tue Mar 21 03:29:23 +0000 2023,1,salmanashraf abi better pehlay say lkn dr kehta days medcn ap or restrictive diet plan krain follow phir dekhtay next kia hota,D,1
Tue Mar 22 17:17:55 +0000 2022,1515,jam berenang membakar kalori bersamaan jam berlari,D,1
Tue Mar 26 11:58:37 +0000 2019,0,kl makan mie diwarkop mau jambrp santai gt kl mau bikin mie dirumah lihat jam terus itung kalori sama ngitung waktu abis makan mie baru tdr jam brp nya dasar human,D,1
Tue May 03 02:12:39 +0000 2022,1,hai guys resolusi lebaran mau gabung grup wa khususon diet apapun goal kalian mau fat loss weight gain building muscle join daerah mana sabi ntar situ ingetin satu sama ttg progress sharing progress mana,D,1
Tue May 03 02:50:33 +0000 2022,0,kak cila pernah insecure gajujur fase insecure sama berat badan trus kalau sekolah tuh selalu kok temen temen kamu jahat banget sih gapapa kalau mau temenin kamu tandanya baik buat kamu [URL],D,1
Tue May 03 04:36:39 +0000 2022,0,takut makan makanan tinggi kalori lebaran mengakibatkan kenaikan berat badan kolestrol simak tipsnya sini merahputihcom tipspolamakan healthyfood jagaberatbadan trending [URL],None,0
Tue May 03 15:25:43 +0000 2022,0,salah satu bikin insecure berat badan kunjung turun padahal anaknya lahiran tahun lalu bahkan berat badan sekarang lebih besar drpd berat badan pas hamil,D,1
Tue May 09 08:08:37 +0000 2023,1,wow bangga banget self control lumayan oke tengah gempuran pms haha tetep surplus sih bangga slice birthday cake jadi x makan biasanya hari ngabisin slices union red velvet diet,D,1
Tue May 14 05:28:59 +0000 2024,13,diet makan siangnya jadi kaya gada apa apanya pas tau kalori kue lapis wkwkwk pentingnya cek kalori dulu baru makan [URL],D,1
Tue May 14 11:14:06 +0000 2024,0,mamaku sya kurus skali salah berat badan ideal ku salah jga malah disuruh diet jir lahh fak,D,1
Tue May 16 12:00:19 +0000 2023,0,olahraga bakar kalori olahraga makan mcflurry,D,1
Tue May 21 14:00:04 +0000 2024,1,smartwatch satu kok cek kalori dalamtubuh canggih banget kepo sama fitur canggihnya sifitri langsung meluncur nonton laporpaktrans jam wib huaweimobileid t huaweiwatchfit fashionsquared [URL],None,0
Tue May 21 15:10:53 +0000 2024,0,dah dekat minggu cuba diet keto kopi dah minggu minum sedihhh terpaksa diet,D,1
Tue May 30 02:29:49 +0000 2023,5,diethingy itung tdee [URL] terus dikurangi target defisit kalori harianmu jangan makan bawah bmr makan masakan rumahan apa masalah porsinya dikurangi eg biasanya nasi piring jadi piring buat cek kalori fatsecret,D,1
Tue May 30 08:02:38 +0000 2023,2,diet guys rekomendasi smartwatch buat hitung kalori murah awet makasihh,D,1
Tue May 30 13:35:15 +0000 2023,2,hari makan ramen sama sushi trus pas kosan cek timbangan kok naikkkkkk kayanya kalau mau defcal better tetep makan sehari sekali deh soalnya kalau ngandelin pake jalan kaki nutup kalori masuk,D,1
Tue May 30 20:17:17 +0000 2023,1,my diet consists of high protein food ayam telur ikan seafood tempe sapi kambing etc halal no pork amp alcohol hampir glutenfree no bakso bakar cilok cimol bakwan mi instan seblak gorengan tepung tok low carbs nasi dikit ganti apapun penting,D,1
Tue Nov 01 05:51:13 +0000 2022,2841,diet makan siang kalori dg lauk tahu cabe garam brokoli rebus scramble egg nasi [URL],D,1
Tue Nov 05 02:26:18 +0000 2024,3,sudahkah melaksanakan diet ketoprak bulan [URL],None,0
Tue Nov 05 03:50:24 +0000 2024,1,diethingy jangan takut sama karbo nder butuh karbo buat ngasih energi badan hehe,None,0
Tue Nov 05 08:48:00 +0000 2024,0,pusatsambatt nasi kan emg tubuh butuh karbo buat sumber tenaga utama asalkan sesuai kebutuhan kalori harian coba cek google centong nasi berapa kalori,D,1
Tue Nov 05 13:17:28 +0000 2024,0,bingung ternyta kalori harian karan overweight kan terus makan an ternyata kurang padahal kenyang banget,D,1
Tue Nov 05 13:57:05 +0000 2024,0,diethingy basreng memang enak nder suka ngemil kalau pengen kalau sekali duduk habis gr yah sebenarnya diakali hitung kalori harian setahuku basreng gr tuh kalori natriumnya melebihi mg baik [URL],D,1
Tue Nov 12 03:59:15 +0000 2024,0,kurangi kalori karbogula lemakminyak tingkatkan porsi protein banyak jalan kaki olahraga rutin mengubah mindset disiplin merasa tersiksa buat rencana makan manajemen stres amp tidur cari dukungan sosial grupkomunitas gymdiet,None,0
Tue Nov 12 09:53:23 +0000 2024,0,tadi lihat timbangan ruangan atasan langsung iseng itung berat badan alhasil berat badan ku turun pas ukur pake kalkulator tergolong ideal padahal kata orang kurus [URL],D,1
Tue Nov 12 11:05:35 +0000 2024,0,diet keto manfaat efek samping pandungan lengkap contoh menu seminggu [URL],None,0
Tue Nov 12 14:47:36 +0000 2024,0,aslam kurang tidur takut makan karbo soalnya abis makin ngantuk beneran sih masa sedikejar setan emg per sesi tuh pure minggu,D,1
Tue Nov 12 16:08:20 +0000 2024,0,kok orang diet pengen kurus tubuh ideal pake obat macam obat pelangsing,None,0
Tue Nov 15 07:58:41 +0000 2022,263,diet kaget bgttt baru tau kalau permen kopiko sekecil kalorinya kkal per biji habis kkal dong hari cuman buat makan permen doang [URL],None,0
Tue Nov 16 13:37:34 +0000 2021,0,seumur baru kali ngerasa waswas insecure sama berat badan,D,1
Tue Nov 21 07:41:43 +0000 2023,148,diet karbo segala jenis menghambat progress dietmu selama konsumsinya melebihi angka defcalmu jadi stop menyalahkan gula jajanan kamu konsumsi sehari alternatif takut makan dikit sering craving search volume cont,None,0
Tue Nov 21 09:58:07 +0000 2023,20,paling simple nak mula diet nih cuba dulu kawal gula cravings kurangkan dulu makanan minuman manis amek sekali sekala takpe nih kira basic nk bentuk disiplin jaga makan nih strong susah nk disiplin part misi kurus,None,0
Tue Nov 22 10:53:30 +0000 2016,83,ide menu nih buat mau langsing kalori per hari by dr yutinahimawan [URL],None,0
Tue Nov 22 14:43:36 +0000 2022,0,alasan bertambah insecure berat badan makin bertambah muka breakout burn,D,1
Tue Nov 23 01:55:07 +0000 2021,15,menu diet defisit kalori seminggu [URL],None,0
Tue Nov 24 09:07:55 +0000 2020,4,siapa dkt sini takut sgt nak makan nasi gantikan sumber karbo sunber karbo penting jugak tauu bila tgh diet pastikan plate korang makanan seimbang jgn syok sendiri konon makan ikan n ayam je sbb nk kurus [URL],D,1
Tue Nov 26 09:19:32 +0000 2013,0,takut plak nak ambik kalori tinggi sangat,D,1
Tue Nov 28 01:11:46 +0000 2023,0,akunusam gas dah bulan no gula no carbs jalan kaki tiap hari sejam,D,1
Tue Nov 28 05:16:27 +0000 2023,0,day kalian ayo cepet abis konser comeback sama world tour kerja lebih keras diet lebih disiplin hidup lebih punya harapan soalnya sebenernya gatau mau ngapain seenggaknya ketemu dowoon dulu yaaaaa,D,1
Tue Nov 29 06:25:16 +0000 2022,1,diet tinggiku bbku tulangku keliatan banget padahal jauh banget sama goal weight ku apa ngurangin olahraga apa gmn,D,1
Tue Oct 01 11:10:01 +0000 2024,1,kata si briankhrisna foto makanan urang lebih bagus foto kalau buat konten terus jadi kepikiran bikin konten makan pinggir jalan kaya gini gagal diet anjir wkwkwkwk [URL],D,1
Tue Oct 03 03:46:06 +0000 2023,0,meningkatkan kadar gula darah sebenarnya nasi merah memiliki serat tinggi rendah kalori cocok diet sehat jadi jangan takut makan nasi merah tetaplah mengonsumsinya porsi tepat seimbang,D,1
Tue Oct 03 14:30:20 +0000 2023,0,kanker lotre bener banget nenek guensehat walafiat umur tahun gaada hipertensi diabetes kolesterol bersih semua jantung paru sehat rajin olahraga diet disiplin tau taun kemaren divonis kanker payudara stadium b,None,0
Tue Oct 11 11:46:55 +0000 2022,281,makan malam diet dg firm egg tofu saus korea dg tumis buncis telur kalori [URL],None,0
Tue Oct 13 00:36:14 +0000 2020,0,febrofirdaus jadi pengen bikin klepon padahal diet no carbs,D,1
Tue Oct 15 10:38:13 +0000 2024,0,oke mam bihunku memenuhi kalori harian,D,1
Tue Oct 15 13:23:46 +0000 2024,6,diet buat punya tendensi binge eating recommended pakai if share dong pengalaman,D,1
Tue Sep 05 23:04:37 +0000 2023,0,pagi katanya olahraga bakar kalori bantu bakar memori loh memorimu si,None,0
Tue Sep 10 03:29:48 +0000 2024,0,perlu capek siapin makanan diet sendiri kamu hitung kalori hari bikin set menu hari yah beef bolognese healthyfood diet cateringdiet dietsehat tipsdiet makanansehat cleaneating weightloss cateringdietmurah turunberatbadan tipskurus [URL],None,0
Tue Sep 12 04:47:16 +0000 2023,0,diet pernah coba ngitung kalori efektif gapunya timbangan jadinya ngakalin dibarengin sama if dibatasi porsi makannya misalnya if jendela makan jam siang sore bmr masi berusaha dicapai hindari gula gapapa kan makasii,D,1
Tue Sep 24 01:43:18 +0000 2024,14,meal plan buat hari lemaknya tinggi alpukan g oke buat diet [URL],D,1
Tue Sep 24 03:08:13 +0000 2024,213,baru makan kalori berarti sekarang olahraga keras bakar kalori punish myself baru makan seribu kalori bayangkan hidup mau mati kan sih mau mati kalau hidup gitu enjoy gitu lu makanmakan sih,D,1
Tue Sep 24 12:53:31 +0000 2024,647,kalau kalian mau ribet hitung dulu kebutuhan kalori kalian berapa kurang hasilnya link nya masukin email ataupun login [URL] [URL],D,1
Tue Sep 24 23:26:10 +0000 2024,0,pengalaman kerja slb dulu semua ortu mau disiplin jaga diet anaknya coba pas anak ngamuk amp nyerang ajak ortu ngomong trus kasih pengertian kecil bu pak handle lha kl nnt ananda makin besar gmn ksh korelasi makanan amp reaksi anak reaktif,None,0
Wed Apr 03 08:24:23 +0000 2024,27,tips kamu suka kulineran pilih jenis makanan porsi sehat disantap perhatikan jumlah kalori dimakan pilih menu banyak mengandung sayuran buah hindari perut kosong kulineran mencegah makan berlebih kalau kamu,None,0
Wed Apr 03 08:37:00 +0000 2024,0,bukan rahasia mengonsumsi sayuran turut berperan penurunan berat badan lalu apa sayur bagus diet cek jawabannya sini [URL],None,0
Wed Apr 03 16:31:36 +0000 2024,31,cegah penyakit ginjal kronis cerdik cek kesehatan rutin enyahkan asap rokok rajin aktivitas fisik diet sehat kalori seimbang istirahat cukup kelola stress,None,0
Wed Apr 05 04:43:05 +0000 2023,0,masak aneh cara diet makan wkwk selama tetep sehat wak enjoy the view ️ [URL],D,1
Wed Apr 13 11:53:26 +0000 2022,1,terkadang suka insecure berat badan ditanya bobot mu berapa sih coba timbang haduh rasanya pengen menghilang g sampek kilogram cukup sedih suka ukur kecantikan lewat berat badan kalau enggak coba kurusin gemukin kamu cantik hm,D,1
Wed Apr 17 14:47:59 +0000 2019,0,diet ala beyonce metong kalik no carbs no bread no gula no dairy no meat makan apaan rumput,D,1
Wed Apr 18 04:08:38 +0000 2012,0,tiga camilan sehat takut kalori makanmakanan berkadar air tinggi apel jeruk sup bubur mer [URL],None,0
Wed Apr 19 11:52:33 +0000 2023,1,ngerjain bab skripsi hari berkat dospem super duper pengertian abis mau pingsan turun kilogram wkwk pas banget disiplin buat diet,D,1
Wed Apr 21 22:00:30 +0000 2021,1,takut banget pas lebaran makan karuan makanin kue kue tinggi kalori tinggi lemak pake takaran takoed,D,1
Wed Apr 27 16:10:14 +0000 2022,3,insecure sama berat badan tadi mo beli baju kyut muat,D,1
Wed Apr 27 17:02:47 +0000 2022,0,bener bener insecure grgr berat badan sekarang keliatan banget ngebatin nya shayyy,D,1
Wed Aug 02 23:52:10 +0000 2023,0,fakta selalu berteman orang random jadi kemarin tuh pesen air kelapa sama snack gitu iya kwaci diet keto lihat bertahan berapa lama terus td pagi buka chat tautau begini [URL],D,1
Wed Aug 07 05:03:19 +0000 2024,1,minggu kedua bulan julai start diet amp exercise penuh disiplin ye siap ambil personal trainer orang so monday to friday memang jadual pg gym hari alhamdulillah from kilogram turun kilogram almost kilogram turun less than a month,D,1
Wed Aug 13 07:13:01 +0000 2014,0,pengen ngemil takut ganggu program dietmu ngemil wrpdiet jellydrink friends tinggi serat kalori [URL],None,0
Wed Aug 16 01:15:02 +0000 2023,0,cape diet mimpi makan banyak terus nyesel‍,D,1
Wed Aug 17 04:45:08 +0000 2022,0,insecure sama berat badan ayo gendutin sibatt,D,1
Wed Aug 19 03:17:29 +0000 2020,45,i am having my healthy lifestyle to get in shape not a diet just diet hehe pastikan portion protein setapak tangan portion carbs segenggam vege sekadar hiasan cara masak less oil no salt no fry grilledboiledair fryer jom rt amp follow for tips diet [URL],None,0
Wed Aug 23 05:21:31 +0000 2023,0,diet disiplin banget bru kelar makan seporsi nasi bakar cumi ayam rica [URL],D,1
Wed Aug 25 10:32:45 +0000 2021,0,diet siang tadi makan oatmeal ala nasi goreng gitu malam makan pancake oatmeal gapapa takut kelebihan karbo soalnya,D,1
Wed Aug 28 10:54:32 +0000 2024,1,spesdelune disuruh diet carbs sama dokter gizi dokter prama ig dojternya teh rossa btw no carbs protein lemak yes only gram ikan gram buah only berry berryan kecap kelapa pemanis only erytritol masak only minyak kelapa kemarin ubi grmday,D,1
Wed Aug 28 14:47:51 +0000 2024,0,berat badan anak seret pola tidur oke anak sering bepergian waktu dekat anak kendala nafsu makan berat badan seret coba cek kecukupan kalori,D,1
Wed Aug 28 15:40:34 +0000 2024,3,meal plan hidup sehat pagi nasi kuning bala bala siang indomie goreng telor nasi sore ngemil cireng es boba malam sate lontong es kopi,None,0
Wed Aug 30 20:12:13 +0000 2023,1,⋆ೃ࿔･recommendations⋆ೃ࿔･ ̗̀regular meals ̗̀avoiding starvation and overly restrictive diets ̗̀abundant consumption of vegetables and fruits ̗̀balanced and healthy diet ̗̀physical activity during the day ̗̀avoiding alcohol and tobacco use,D,1
Wed Dec 04 14:52:07 +0000 2024,2,pen makan takut tambah gendut,D,1
Wed Dec 06 00:04:28 +0000 2023,40,diethingy defisit kalori dulu cek kebutuhan kalori total lalu kurangi konsumsi air putih sesuai berat badan lalu perhatikan isi piringmu weightloss kurangi karbo perbanyak protein serat olahraga min mnthari kurangi minyak tepung gula jalan bulan baru if [URL],D,1
Wed Dec 07 07:50:08 +0000 2022,299,diet kiri oktober kanan desember bulan ajah gym itupun seminggu cuman x harinya lebih jam gym asal main beban progress overload makan pantang asal defisit kalori sehari kalori [URL],D,1
Wed Dec 07 16:41:23 +0000 2022,0,lama banget makan gula tambahan kaya gula pasirmadusirup kadar glikemiknya tinggi minuman manis pernah kalau no gula pilih no gula samseek kalori tinggi takut diabet wkwk emak stroke diabet,D,1
Wed Dec 11 09:32:22 +0000 2024,9,suka banget makan apa lalu orang komentar dibuat guilt sama takut wah kalori tinggi nih wah gulanya tinggi nih wah kurang sehat makananminumannya wah siap aj nih ntar blablabla ngingetin ngingetin bukan menakuti,D,1
Wed Dec 11 11:19:48 +0000 2024,13,rencananya pekan mau trial meal plan bikin jebul menghadiri rapat ofc konsumsi jadi meal plan baru terealisasikan hari sekarang sdg mencoba nasi tiwul versi putih kekuningan dg lauk tumis labu siam jamur kuping ayam kukus sambel jahe [URL],D,1
Wed Dec 11 14:19:11 +0000 2024,1,anj cukup banget berkutat meal plan ternyata semua cukup menghapus tempe goreng anjrit,D,1
Wed Dec 14 08:43:18 +0000 2022,29,takut makan nasi lihat deh penelitian dilakukan sama ahli bilang nasi menggemukan kamu makan melebihi kebutuhan kalori harian ditambah lauk pauk tinggi lemak diet [URL],None,0
Wed Dec 16 03:49:14 +0000 2020,1,ujan dingin lapar yauda sarimi rasa ayam bawang bungkus jangan takut kalori tinggi kerjamu rodi,D,1
Wed Dec 18 03:20:51 +0000 2024,0,pola makan bukan sekadar menghitung kalori melibatkan pemilihan jenis makanan tepat seimbang sebenarnya hidup sehat bukan diet ketat bikin stress [URL],None,0
Wed Dec 18 05:26:20 +0000 2024,0,[URL] susah susah olahraga diet ketat kok perubahan signifikan lemak perut berkurang yuk coba makanan mengurangi lemak membantu proses diet kamu,None,0
Wed Dec 18 12:52:42 +0000 2024,0,hari ngapain memang drop make smartwatch selalu kalori harian terpenuhi kemarin sempet kalori gila sih padahal tepar banget,D,1
Wed Dec 25 01:07:26 +0000 2024,0,guys biasakan lihat kandungan gizi dibelakang kemasan buat cek kalori gula semuanya kandungan gizi dicantumin buat diliat bukan jadi pajangan doang please be wise alias leave her she deserve better,D,0
Wed Dec 27 03:52:25 +0000 2023,2,fat naik apa yak diet disiplin bagaimana dong happynya ama makanan hahaha [URL],D,1
Wed Dec 27 04:07:42 +0000 2023,4,positifnya diet jadi sukaaa banget sama sayur terus nyesel dulu makan sayur,None,0
Wed Dec 28 10:32:51 +0000 2022,0,sender hari makan chikuwa kecil biji terus pgn makan manis nyemil kue oat kurang bener pgn banget biasanya ditahan papakan sekali craving sweetsnya parah banget diet,D,1
Wed Feb 01 16:13:48 +0000 2023,0,lapar kena sabar nk timbulkan abs betul² kena jaga disiplin diet,D,1
Wed Feb 03 12:50:03 +0000 2021,0,trik mengakali kalori nasi padang lumayan tinggi makan enak takut buncit [URL] gtgt [URL] [URL],None,0
Wed Feb 05 05:00:00 +0000 2025,0,tips aman defisit kalori ibu menyusui mama wajib tahu [URL],None,0
Wed Feb 05 07:36:37 +0000 2025,0,diet makan sama sekali pokok nya ngikutin dien iu bedanya makan jam siang doang sisanya cuman minum terus olahraga abis abisan tiap hari nya klp diet gitu cepat turunnya kadang suka makan seblak bakso seminggu sekali,D,1
Wed Feb 05 07:56:14 +0000 2025,35,tips atasi berat turun naik fokus gaya hidup sihat bukan angka atas penimbang konsisten rutin diet amp senaman seimbang track progress ukur lilit badan baju longgarl jangan panik fluktuasi normal proses diet sabar amp disiplin hasil jangka,None,0
Wed Feb 05 08:31:26 +0000 2025,0,diet sering kali memerlukan disiplin keterbatasan pilihan makanan gambar memberikan pilihan terbatas variatif bentuk cemilan rebus membantu menjaga disiplin diet tetap memberikan variasi,D,1
Wed Feb 05 12:41:27 +0000 2025,0,calorie deficit is soo much fun like how can if kamu do volume eating jatah kalori harian gaabis² cape makan kalau makan not volume eating sekejap jatah kalori habis,D,1
Wed Feb 05 13:15:01 +0000 2025,0,niatnya hari mau defisit kalori makanya tadi makan nasi dikit sayurnya dibanyakin kalau keluar rumah tuh jajanan dipengenin,D,1
Wed Feb 05 15:43:35 +0000 2025,0,saatnya stop makan nasi,D,1
Wed Feb 05 17:21:36 +0000 2025,0,menuju indonesia emas intermitten fasting defisit kalori,None,0
Wed Feb 05 20:31:46 +0000 2025,0,menko pratikno pastikan diet ketat anggaran usik dana kebencanaan [URL],None,0
Wed Feb 05 22:27:29 +0000 2025,0,jangan diet ketat ketat adeeek kamu lucuuu ️,D,1
Wed Feb 07 09:51:17 +0000 2024,183,minum petang gaaais now payah risau dah letak sos banyakbanyak takut tinggi kalori sos i nih memang low in calorie [URL],D,1
Wed Feb 12 02:44:15 +0000 2025,0,hari ngikutin meal plan seminggu biasanya hari mulai males mau bikin ribet semoga konsisten jumat yaaa [URL],D,1
Wed Feb 12 08:40:11 +0000 2025,0,nangis banget celana kerja dulu muat beneran deh kudu diet ketat,D,1
Wed Feb 12 15:17:44 +0000 2025,0,banyak makan takut gendut memang gendut,D,1
Wed Feb 12 17:37:59 +0000 2025,6,kejar body goals awal tahun,D,1
Wed Feb 15 05:08:08 +0000 2023,0,keto diet foodketoketodietketofood [URL],D,1
Wed Feb 19 01:12:04 +0000 2025,3,farming content mulai ngescript kali betah kost hemat gendutan nya bikin nyaman bener bener defisit kalori workout,D,1
Wed Feb 19 01:56:58 +0000 2025,0,hari mau defisit kalori ah couple minutes later [URL],D,1
Wed Feb 19 02:30:43 +0000 2025,0,wanjir diet beneran,D,1
Wed Feb 19 02:52:19 +0000 2025,50,mitos diet paling famous lemon kempis peruthanya kalori defisit amp senaman berkala membantu green tea bakar lemakactually ianya increase metabolisme amp antioksida tggi elak karbohidrat kuruskarbo sumber tenaga just kawal,None,0
Wed Feb 19 05:28:35 +0000 2025,0,stres gini diet kangen berat badan guee sekarang,D,1
Wed Feb 19 05:29:10 +0000 2025,0,allah kasih target kemaren pliss semangat diet,D,1
Wed Feb 19 07:12:53 +0000 2025,0,kalau rindu berat brarti jadi program diet,None,0
Wed Feb 19 08:32:11 +0000 2025,0,daeng bahas makanan selalu diet g makan,D,1
Wed Feb 19 08:45:05 +0000 2025,0,tadi pagi bilang mau diet sekarang mau seblak banget tuhannn aaaa mending beli seblak apa jangan,D,1
Wed Feb 19 09:39:50 +0000 2025,0,mau stress diet tpi bru awal doang,D,1
Wed Feb 19 10:17:46 +0000 2025,1,finally urusan perwisudaan selesai diet yuuuk,D,1
Wed Feb 19 10:20:29 +0000 2025,0,gagal defisit kalori hri ancrit argh cendol btw huahaha [URL],D,1
Wed Feb 19 10:23:47 +0000 2025,0,minat pacaran pengen ngurusin badan tambah cantik trus mantan nyesel soalnya mantan ku gembrot gess dulu pas sama diet bareng turun kilogram habis putus kengembang wkwkwk,D,1
Wed Feb 19 10:28:14 +0000 2025,0,rajin kemas rumah sapu lantai licin weekly dah kira modal diet,None,0
Wed Feb 19 10:40:10 +0000 2025,3,tementemen ngegym pamerin dong hasil gymnya berapa lama waktunya sender baru mulai gakuat banget sender semangat mengejar body goals,D,1
Wed Feb 19 11:21:21 +0000 2025,0,puasa mau diet rencana sahur makan karbo takut lemes puasa kemarin sahur cmn makan roti gandum sama telor apa gt,D,1
Wed Feb 19 11:31:20 +0000 2025,0,gusy ak sedang diet ak pengen mam seblaj ak hrus ap,D,1
Wed Feb 19 11:37:27 +0000 2025,0,orang semua dok kalut diet hmmmm otak nak perbuatan no,D,1
Wed Feb 19 11:39:16 +0000 2025,0,mau diet konseran bagus outfitnya,D,1
Wed Feb 19 11:48:58 +0000 2025,0,diet anjir gila dah,D,1
Wed Feb 19 11:58:04 +0000 2025,0,macam mana lah nk istiqomah diet jaga makan bersenam hari allahu kenapalah malas sangat,D,1
Wed Feb 19 12:00:11 +0000 2025,0,disuruh diet malah makin naik berat badan nya pengaruh stress keni png,D,1
Wed Feb 19 12:05:59 +0000 2025,0,tadinya mo diet pas pulang ngantor malah sengaja makan syirenggg pisyang gowyeng rumah jadi dietnya mulai bsk smngtttttt,D,1
Wed Feb 19 12:12:54 +0000 2025,0,mau diet gampang capekk pas tambah porsi bikin gendut gampang bed gendut duhh,D,1
Wed Feb 19 12:13:37 +0000 2025,0,haiii mau tanyaa punya sarancara diet ampuh yaa sering gagal nafsu makan ku tinggi anw kalau oot hapus,D,1
Wed Feb 19 12:15:43 +0000 2025,77,aventunine cuma defisit kalori sama jalan kaki pake tredmill jam seminggu x,D,1
Wed Feb 19 12:19:00 +0000 2025,6,diet niatkan sariawan,D,1
Wed Feb 19 12:24:24 +0000 2025,0,vodgex iyaah lahh diet,D,1
Wed Feb 19 12:48:47 +0000 2025,0,semua diet asal ketauan umi,D,1
Wed Feb 19 12:53:56 +0000 2025,0,laut dah diet hari straight makan maggi sausages,D,1
Wed Feb 19 13:02:56 +0000 2025,2,lapar pgn diet,D,1
Wed Feb 19 13:05:28 +0000 2025,0,janji besok mulai diet,D,1
Wed Feb 19 13:10:22 +0000 2025,0,besok diet,D,1
Wed Feb 19 13:12:35 +0000 2025,0,coba diet kan minum kopi pake gula cukup nescafeoatside,D,1
Wed Feb 19 13:13:12 +0000 2025,2,aikezume lemak → cadangan energi mau lemak nyusut tubuh kondisi defisit kalori defisit kalori olahraga → lemak nyusutbb turun olahraga defisit kalori → lemak nyusutbb turun perbaiki pola makan amp olah seluruh tubuh lemak nyusutnya random,None,0
Wed Feb 19 13:17:15 +0000 2025,0,anasyamali wkwk suruh diet,D,1
Wed Feb 19 13:18:16 +0000 2025,8,pengen sosis idm diet,D,1
Wed Feb 19 13:35:34 +0000 2025,0,otak suda saatnya serius diet fix hati yaallah pengen seblak martabak nasgor kue nastar,D,1
Wed Feb 19 13:43:32 +0000 2025,9,diet lihat orang makan makan berminyak manis mukanya g berjerawat sender makan kebanyakan dikit langsung numbuh jerawat,D,1
Wed Feb 19 13:46:55 +0000 2025,0,kok lapar bagaimana mau diet klw bawaannya lapar selalu,D,1
Wed Feb 19 13:47:07 +0000 2025,180,diethingy diet apapun kuncinya cuma makan sehat tinggi protein low karbo sesuai takaran kalori jam tidur jam sehari olahraga mau cepet x seminggu weight lifting cardio mau super duper cepat tambahin puasa intermitten fasting puasa daud,None,0
Wed Feb 19 13:53:56 +0000 2025,72,diethingy kak nimbun lemak badan progressnya lama nyusutinnya lama bbmu ideal amp skinny fat sebaiknya body recomposition nyusutin lemak amp naikin massa otot bersamaan mau defisit kalori nurunin berat badan gapapa penting c,None,0
Wed Feb 19 14:03:55 +0000 2025,79,kemarin tim moqeel ngirim sate lokasi kata tantenya mo si mo program diet jangan bilang sengaja diet menambah vibes anak luntanglantung sebatang kara bjir tega nontonnya moqeel,D,1
Wed Feb 19 14:10:00 +0000 2025,9,sukaa ngemil takut makin gendut ih,D,1
Wed Feb 19 14:10:43 +0000 2025,0,gapapa diet,D,1
Wed Feb 19 14:21:51 +0000 2025,0,baru jam memutuskan mau diet makan malam ramadhan buyar ujungnya makan kwetiau jam segini perkara nungguin ujan beres mall wkwk,D,1
Wed Feb 19 14:31:50 +0000 2025,0,mumpung emak gwe apa saatnya diet,D,1
Wed Feb 19 14:35:42 +0000 2025,0,mau detox diet lebih efektif coba chiaseed sekarang superfood kaya serat bantu kamu kenyang lebih lama lancarin pencernaan cocok banget diet sehat ️ kaya serat ️ bantu detox alami ️ dicampur smoothie yogurt dessert,None,0
Wed Feb 19 14:37:07 +0000 2025,0,my craving for chiken naknak leh makan sbb tgh pantang mcm mana nak tahan sebulan nih today hari da diet nih,D,1
Wed Feb 19 14:37:21 +0000 2025,4,lucu banget ngebayangin esan sama ian sengaja makan cheesecake depan si kk soalnya mau kk diet kata esan kk jeje kayak mau nangis terus kk jeje komen tuh bukan mau nangis beneran marah akhir e ian sama esan tetep nyisain setengah buat dimakan kk jeje huhu imut tt,None,0
Wed Feb 19 14:37:27 +0000 2025,6,susah banget defisit kalori ajg,D,1
Wed Feb 19 14:41:38 +0000 2025,0,bisakah guweh diet nyicil materi burn out stress lagi⁉️⁉️,D,1
Wed Feb 19 14:46:32 +0000 2025,0,besok diet,D,1
Wed Feb 19 14:48:04 +0000 2025,0,fix kudu diet tnn maneh iki,D,1
Wed Feb 19 14:51:35 +0000 2025,0,lapar males ngemil takut gendut soalnya,D,1
Wed Feb 19 14:54:36 +0000 2025,0,tadi mam jam malem bilang sama ibuk buk ayoo dahar ibuk emohh ibuk diet makan malam gwe cuman gelenggeleng lah barusan jam ngetok pintu kamar gwe bawa roti tawar hehe ibuk ngelih kata gwe mah makan sisss ️️,D,1
Wed Feb 19 14:54:45 +0000 2025,0,sumpah mulut mau diet pokonya selalu ngunyah tiap malem anjirrrrr kapan beneran dietnya iniigtlt,D,1
Wed Feb 19 14:57:44 +0000 2025,0,harini pergi gym pastu broke my diet hehe,D,1
Wed Feb 19 14:58:25 +0000 2025,0,kan kan kan tiap tiap mau diet ibu beli makanan kesukaan aqqqqqqq ah,D,1
Wed Feb 19 15:00:32 +0000 2025,0,anak itik ikan lele mlm mkn burger le rosak diet,D,1
Wed Feb 19 15:01:19 +0000 2025,3,penat peha besar selalu melecet sakit kene air babi betul sabar la nak diet la nih,D,1
Wed Feb 19 15:15:13 +0000 2025,2,pengen ayce mau diet bingung gasih lo,D,1
Wed Feb 19 15:15:38 +0000 2025,0,diet pepsi,D,1
Wed Feb 19 15:17:15 +0000 2025,0,diet q gagal gusy brrti mulai senin,D,1
Wed Feb 19 15:17:48 +0000 2025,4,fuck berat badan ku naik lihat mediaku heran si bantu nana diet plssss,D,1
Wed Feb 19 15:23:08 +0000 2025,0,dipaksa diet sama musang birahinya ckck gws,D,1
Wed Feb 19 15:26:56 +0000 2025,0,bwisit naman kasing diet yan eh,D,1
Wed Feb 19 15:27:32 +0000 2025,0,tadi i tengok live diet coach on tiktok mostly comment berat badan lebih kilogram is perempuan range umur korang banyak pergi food fest dik,None,0
Wed Feb 19 15:33:56 +0000 2025,0,hari baru mulai olahraga abis konser saking pcdnya sanggup buat olahraga ngelanjutin diet,D,1
Wed Feb 19 15:37:02 +0000 2025,0,mangan akeh berat badan mundak diet ketat berat badan turun repeat alhamdulillah,D,1
Wed Feb 19 16:00:01 +0000 2025,0,nemu inspo kebaya bagusss tinggal diet kitaaah,D,1
Wed Feb 19 16:01:14 +0000 2025,1,kalau diet jenis nasi ngaruh banget perbedaan nasi putih shirataki sama nasi merah soalnya suka kalap buat porsi nasi,D,1
Wed Feb 19 16:01:17 +0000 2025,0,mau diet plsss,D,1
Wed Feb 19 16:20:26 +0000 2025,0,meski w kliatan ideal taps mau diet,D,1
Wed Feb 19 16:24:02 +0000 2025,0,tiap makan nanas amp pepaya perut langst sakit melilit eh ternyata alpukat jugaaaaa bahkan muntah susah mau diet,D,1
Wed Feb 19 16:27:51 +0000 2025,0,niat diet malah mencet kampret,D,1
Wed Feb 19 16:51:27 +0000 2025,0,sira nanaman ang diet,D,1
Wed Feb 19 16:59:18 +0000 2025,1,hari olahraga ngerasa berdosa banget ampun gagal diet mah,D,1
Wed Feb 19 17:00:06 +0000 2025,179,hidup mulai terasa berat mungkin saatnya diet ekspektasi,D,1
Wed Feb 19 17:24:56 +0000 2025,0,mau diet terus aktif olahraga ah,D,1
Wed Feb 19 17:37:19 +0000 2025,0,laperrrr cik diet,D,1
Wed Feb 19 17:48:16 +0000 2025,0,ternyata buat punya gula darah nyoba diet zer carbs zero gula tetep kaget jir badannya tremor lemes bener keringet dingin,D,1
Wed Feb 19 17:51:23 +0000 2025,0,diet gula dimulai besok target bulan,D,1
Wed Feb 19 17:56:08 +0000 2025,1,bf i diet doh,D,1
Wed Feb 19 18:00:57 +0000 2025,0,kalau lihat irene bawaannya pengen diet pokoknya tahun turun kilogram karung beras in ku hilangkan,D,1
Wed Feb 19 18:08:27 +0000 2025,13,diethingy susah nder kwwk cuman kalau dirimu defisit kalori makan dada ayam terus selama bulan mungkin kalau case nya diriku cuman doang kabar baiknya kalau kamu sabar nunggu bulan kamu kok tubuh orang beda [URL],D,1
Wed Feb 19 18:29:13 +0000 2025,0,gadang muluu takut gendut,D,1
Wed Feb 19 18:36:06 +0000 2025,0,nellesta mau diet gakk,D,1
Wed Feb 19 19:22:17 +0000 2025,0,lapar banget ih menyerah diet,D,1
Wed Feb 19 20:57:34 +0000 2025,0,pepsi zero is sooo much better than diet pepsi,None,0
Wed Feb 19 21:20:00 +0000 2025,216,pas diet acara makanmakan keluarga bikin pengen nyerah,O,1
Wed Feb 19 21:33:59 +0000 2025,0,menurunkan berat badan masalah berat badan terkadang dianggap serius beberapa orang berjunag diet terkadang diet dilakukan tepat malah membuat penyakit makanan konsumsi bergizi kurang asupan,None,0
Wed Feb 19 22:20:40 +0000 2025,0,fak penat kerja bangun pagi barai nak diet kerja production memang penattt,D,1
Wed Feb 19 22:57:34 +0000 2025,1,meal plan temenku [URL],None,0
Wed Feb 19 23:48:24 +0000 2025,1,hai hai disini pernah diet menyusui gaa minta tipsnya dong takut pas diet produksi asi menurun,D,1
Wed Feb 26 01:23:37 +0000 2025,0,anjaaay kecil suda diajari defisit kalori,None,0
Wed Feb 26 02:54:56 +0000 2025,0,mingyu disini diet ketat banget yah keliatan tiruuuus banget,None,0
Wed Feb 26 02:59:35 +0000 2025,0,kurus olahraga defisit kalori ️️ kurus banyak omong ️️ namgilholic yeorobun diikutin tips nyaa,D,1
Wed Feb 26 03:02:45 +0000 2025,5,diethingy puasa jam wajar kamu lapar its okaay terkait nafsu makan bukan cut gula coba perhatikan porsi makanan jangan terlalu sedikit jenis makanan penuhi zat gizi penting tidur cukup semangat,D,1
Wed Feb 26 03:18:15 +0000 2025,0,punya rekomendasi meal plan buat nambah berat badan sihh️,D,1
Wed Feb 26 03:40:10 +0000 2025,0,makanan defisit kalori kh perasaan makanan defisit kalori g gini,D,1
Wed Feb 26 03:58:51 +0000 2025,0,someonewho pertama perjelas dulu targetmu kak targetmu cuma mau weight loss defisit kalori tok kok defisit kalori jogging cardio defisit kalori jalan kaki aktivitas fisik on exercise,None,0
Wed Feb 26 05:32:50 +0000 2025,0,orang cakep mau diapain rambut make up mah ttp cakep insecure lihat mba karina sukses cakep body goals,None,0
Wed Feb 26 06:00:28 +0000 2025,2,ngerasa sih diusia diatas kepala an makan makanan manis begini cepat banget diserap tubuh jadi lemak enak sih enak banget cuma kudu mulai dikurangi body goals hidup sehat yekan detoxbarenglangfit [URL],D,1
Wed Feb 26 06:01:55 +0000 2025,0,tasklessprom berati kamu diet ketat gitu kak cuma jaga pola makan sama rajin olaharaga ajaa,None,0
Wed Feb 26 06:23:03 +0000 2025,101,kalau lari suka ngakak lihat pantatnya mini diet guys obesitas btw akhir video kittenku main taman mini kaget terus langsung mundur [URL],None,0
Wed Feb 26 06:25:42 +0000 2025,0,rekor banget dah mengurangi banget makan gula makanan berminyak tepung tepungan bulan bjir mau defisit kalori ternyata buat badan lebih enak rasanya mati muda,D,1
Wed Feb 26 07:07:52 +0000 2025,1,toloong kekenyangaan banget blm cukup kalori harian kuu,D,1
Wed Feb 26 09:43:20 +0000 2025,1,intermittent fasting puluhan jam work out jungkir balik cut gula sama tepung ternyata defisit kalori sama bohong minggu no progress lebih memilih mempertahankan porsi makanku setara kuli,D,1
Wed Feb 26 11:09:20 +0000 2025,0,perasaan menu defisit kalori gini² amatt,D,1
Wed Feb 26 12:14:24 +0000 2025,3,feelslikeinsane boong to the max cuka apel amp teh hijau boong izin jelasin dasarnya yaa maaf panjang amp menuhin notif lemak → cadangan energi cadangan energi bernama lemak dipake → tubuh berada kondisi defisit kalori,None,0
Wed Feb 26 12:14:50 +0000 2025,2,feelslikeinsane apa defisit kalori asupan kalori harianmu kurang tdee lebih tdee namanya surplus kalori defisit kalori prinsip fundamentaldasar mau lemakmu nyusut jadi mau mau terjadi defisit kalori lemakmu nyusut,None,0
Wed Feb 26 12:16:55 +0000 2025,1,feelslikeinsane c mana bukti ilmiahnya mau konsumsi chia seed mau minum cuka apel teh hijau americano terjadi defisit kalori tubuhmu susut bbnya simplenya kunci berat badan turun → defisit kalori semoga penjelasanku dipahami yaa,None,0
Wed Feb 26 12:33:20 +0000 2025,0,kan lgi diet kurangin makan nasi perbanyak sayur buah orang orang ngundang muggahan dng sopan blg defkal jadi makan buahannya malah dipaksa njir kesel gamau makan rendanges cincau denger kuping lo diet kok dipaksa,D,1
Wed Feb 26 12:47:28 +0000 2025,1,godilovesushi pruebury c amp otot menyimpan glikogen otot melakukan recovery butuh energi lebih kitanya defisit kalori otomatis energi dimiliki tubuh kurang optimal melakukan pekerjaanpekerjaan makanya otot orang defisit kalori tumbuh segede c,None,0
Wed Feb 26 14:15:03 +0000 2025,0,mau badan wonyoung makan babi anj gmn mau body goals,D,1
Wed Feb 26 14:17:40 +0000 2025,0,defisit kalori mulai besok terus besok ngomong gini,D,1
Wed Feb 26 14:51:08 +0000 2025,0,hdah malas mengejar target kalori harian aka mls makan tumben,D,1
Wed Feb 26 15:13:46 +0000 2025,0,pengen makan takut gendut,D,1
Wed Feb 26 16:12:42 +0000 2025,0,diet nih seems to be working for people but not for me sahur makan nasi puasa terketar ketar lapar,D,1
Wed Feb 26 17:36:50 +0000 2025,0,mumpung bulan puasa defisit kalori mantap nih,D,1
Wed Feb 26 19:29:55 +0000 2025,0,bsyafaa makanan sehat defisit kalori ngaruh sih,D,1
Wed Jan 01 11:22:38 +0000 2025,0,kenyang sisa kalori harian san,D,1
Wed Jan 04 15:21:47 +0000 2017,277,beza huruf k kalori kkal kkal kalori k kecil kkal kalori k besar jadi kalori kalori [URL],D,1
Wed Jan 04 16:03:01 +0000 2017,90,jadi dah faham beza kalori kalori memudahkan pengiraan amp sebutan sahaja kalori lebih mudah berbanding kalori,D,1
Wed Jan 08 01:51:00 +0000 2025,0,sing pinter coba hitung kalori macro and micro nutrient nyampe kalori apa proteinnya lah mau program makan bergizi makan murah sih,D,1
Wed Jan 08 07:45:00 +0000 2025,0,buset tbtb kalori harian dah mepet,D,1
Wed Jan 08 12:32:11 +0000 2025,9,anakanak disuruh defisit kalori,None,0
Wed Jan 15 04:56:45 +0000 2025,0,baru ngobrol sama ibu soal banyak anak muda sakit ibu bilang jaga pola makan olahraga teratur iyakan janji mau mulai olahraga menit kemudian ketiduran abis makan,D,1
Wed Jan 15 08:14:22 +0000 2025,0,aneh banget si anjir diet ketat ngikutin tiktok turun kilogram susahnya minta ampun pas diet santai malah turun kilogram bagaimana si konsepnya,D,1
Wed Jan 15 10:38:55 +0000 2025,47,salah faham stagnant weight berat turun bermakna progress mungkin otot naik lemak turun ukur badan penting perlu diet lebih ketat cuma perlu strategi baru jangan terlalu fokus skala berat lihat gaya hidup rt amp follow,None,0
Wed Jan 15 11:40:06 +0000 2025,0,anisanaf bikin query misalnya hitung kalori nutrisi satu mangkok kecil nasi satu potong iga bakar satu sendok teh sambal cabe sendok makan sayur sawi misalnyaaa misal satu porsi lontong sayur padang telor balado kerupuk misalll wkwk,D,1
Wed Jan 15 12:04:15 +0000 2025,0,kapan yh kurus ideal spt ak mau,D,1
Wed Jan 15 13:10:35 +0000 2025,4,bulan depan nak challenge buat keto diet tarket berat below kilogram raya jelah mana lepaskan makan kuih lontong ketupat semua,D,1
Wed Jan 15 17:54:47 +0000 2025,0,nyiksa banget anj biasanya bebas makan apapun jam brp sekarang mau makan sehari hrus ngitung in brp kalori masuk wkwkwk tb berat badan merasa bogel banget guys sedih dulu berat badan stuck kilogram umur th kilogram,D,1
Wed Jan 22 02:05:39 +0000 2025,0,glitterycastle aman asal berlebihan tau kalori harian,None,0
Wed Jan 22 02:24:55 +0000 2025,33,morning love sedang bangun tidur perasaan insecure hahahaha usia s bener mengguncang berat badan susah turun kerutan mulai nampak halus rasa bersosialisasi mulai menurun inginnya sendiri rumah haduh,D,1
Wed Jan 22 02:48:15 +0000 2025,21745,ternyata bener cara ngilangin perut buncit tuh defisit kalori kalau olahraga malah mengecilkan sama sekali pernah jelasin perut buncit tuh lemak jadi kalau olahraga bergerak tuh otot bukan lemaknya kebakar waist cm jadi cmgtlt,D,1
Wed Jan 22 03:28:02 +0000 2025,5,sebenarnya mau healthy skin tubuh ideal bermacam macam kriteria glowing lainnya cukup dirawat defisit kalori perbanyak makan buah sayur lalu clean eating no minyak tepung gula ditambah olahraga,None,0
Wed Jan 22 05:25:30 +0000 2025,1,daily reminder minum air putih hari min liter start makan sarapan jam siang stop makan berat jam malam defisit kalori minum jus wortel tomat hari sekali kurangi gula tepung minum chia sheed jangan hari jalan kaki min langkah,D,1
Wed Jan 22 09:47:02 +0000 2025,0,beberapa bulan engga disiplin diet makan sembarangan engga olahraga track kalori yukk balik yuk menuju glow up,D,1
Wed Jan 22 09:50:44 +0000 2025,0,konsisten diet emg sulit bgttt ngerasa gaada perubahan berat badan turun makin dijalanin makin merubah bentuk makanan kayak lebih pilih makan enak amp banyak kalorinya kecil ngeyangin drpd makan enak bgttt sedikit ngenyangin kalorinya gede,D,1
Wed Jan 22 10:33:42 +0000 2025,1,jangan tidur makan defisit kalori plank amp push up minum air putih banyak bab lancar soalnya kadang buncit begah,D,1
Wed Jan 22 10:37:13 +0000 2025,0,butuh cepet turunnya diet keto cut hampir semua karbo makan apapun asal makan karbo sama gula konsumsi banyak sayur sama protein turun kilogram bulan minusnya sehari makan kali jadi masak tiap hari,D,1
Wed Jan 22 11:19:22 +0000 2025,0,bener gunain prinsip diet disiplin integritas etika tanggung jawab mulai konsisten nih penghalangnya ditambah sabar kayaknya‍,D,1
Wed Jan 22 11:41:05 +0000 2025,0,defisit kalori jalan kaki minimal menit ngaruh banget,D,1
Wed Jan 22 12:17:24 +0000 2025,1,bentar puasa bikin meal plan euy dah lah wajib masukin ayam kremes bu imam,D,1
Wed Jan 22 12:36:51 +0000 2025,0,ralat dikiiiitt metode sender namanya calorie counting yah kl defisit kalori kondisi tubuh kekurangan kalori kok tiap makan kalorinya diitung melebihi kebutuhan harian gitu,D,1
Wed Jan 22 13:01:09 +0000 2025,0,kalau akuintermittent fasting olahraga defisit kalori sesekali puasa trus makan cuman sekali banyakin minum air putih sama makan permen karet nerapin kurleb thdari berat badan kilogram sekarang kilogram jangan ditiru kalau kuat,D,1
Wed Jan 22 13:10:37 +0000 2025,2,salah olahraga mengecilkan olahraganya kardio sayangg dibarengi sama defisit kalorigulalemak olahraga buat diet kardio turun baru lanjut olahraga buat ningkatin massa otot contoh olahraga kardio cepet tuh zumba,D,1
Wed Jan 22 15:01:45 +0000 2025,0,kue putu abang gorengan pengen beli takut makin gendut,D,1
Wed Jan 22 17:23:27 +0000 2025,5,misleading semua olahraga membakar kalori baik lemak glukosa defisit kalori olahraga satu kesatuan intensitas olahraga berpengaruh memperbaiki metabolisme kamu rajin defkal olahraga metabolismmu lambat constipation,None,0
Wed Jan 22 23:59:14 +0000 2025,2,fokus fatloss angkat beban defisit kalori main hiit sekalidua kali main threadmill low speed high incline,None,0
Wed Jan 24 10:17:00 +0000 2024,1,aplikasi buat hitung kalori lengkap apa guys sama biasa kalian masukinnya bagaimana biasanya cek aplikasi ijo ditentuin per menu gitu lohhh masak beli makanan aplikasinya bingung wkwkwkwk diet,D,1
Wed Jan 26 05:03:13 +0000 2022,11,list makanan bantu bakar lemak avocado almond salmon olive oil walnut telur semua list diatas tinggi omega berhati portion sbb tinggi kalori takut bertambah kalori pulak mcmman nk berlaku defisit kalori ‍️ follow lebih tip kurus,None,0
Wed Jan 29 01:11:07 +0000 2025,0,mau mulai defisit kalori hari eh dibeliin donat enam biji [URL],D,1
Wed Jan 29 02:35:09 +0000 2025,0,camilan rendah kalori diet sehat bantu tahan lapar [URL],None,0
Wed Jan 29 04:58:35 +0000 2020,0,buat diet rendah carbs apanya dibanding diet rendahno gluten cintaaa banget sama gluten,D,1
Wed Jan 29 05:48:05 +0000 2025,7,paling males rumah saudara gini tiba tiba sodorin masakan banyak banget dipaksa disuruh makan padahal tau diet allah mana minyak semua,O,1
Wed Jan 29 06:05:33 +0000 2025,1,menghadapi cuti bikin meal plan,D,1
Wed Jan 29 06:07:49 +0000 2025,20,baru bahas stigma artis korea selatan punya tubuh kurus kering bihun bagus jisoo cantikku penting tetep atur pola makan pola aktivitas tetep sehat bugar usah diet ketat menyiksa diet wajar,None,0
Wed Jan 29 08:11:54 +0000 2025,0,hitung kalori gulanya,D,1
Wed Jan 29 09:47:22 +0000 2025,0,keinget banget kim sejeong samoe diet ketat buat meranin shin hari hari kecil mungil,None,0
Wed Jan 29 11:01:32 +0000 2025,188,geowanapurmana outstandjing buat masyarakat bandung ibu inggit pahlawan nasional beliau nemenin sukarno pas sukarno dipenjara ibu inggit relain buat diet ketat masukin buku dibacaditulis sukarno kebayanya,None,0
Wed Jan 29 11:29:36 +0000 2025,0,ternyata diet benarbenar mempersiapkan semua nya mulai kesiapan diri tau mana kalori rendah tinggi pintar cek kalori makanan merubah porsi makan banyak makan sayur buah diet lebih sehat,D,1
Wed Jan 29 11:39:46 +0000 2025,1,kalau lapar disiplin defkal tiap pengen makan selalu inget penghinaan diet nya berhasil,D,1
Wed Jan 29 13:16:01 +0000 2025,0,mau nanya dongg kalau kali makan posti karbohidrat dikurangi terus porsi serat amp protein ditambah termasuk defisit kalori,D,1
Wed Jan 29 15:00:40 +0000 2025,599,visceral fat berkelindan sela organ kamu simply need a wake up call wake up callnya membaca twit ataukah heart attackstroke it really is up to kamu teorinya simple kilogram lemak kira kalori simply make sure defisit terjadi,None,0
Wed Jan 29 15:31:06 +0000 2025,0,makan gabin tape defisit kalori bole si,D,1
Wed Jan 30 02:43:56 +0000 2019,0,fanbasebokep makan apa tuh food tracking hitung kalori protein harian terpenuhi,D,1
Wed Jan 31 08:13:44 +0000 2024,0,mulei hari mau diet no oily food no carbs only protein and clean carbs yuk yuk,D,1
Wed Jul 03 04:27:52 +0000 2024,0,itsmeandyou pernah cek gulaa paling cek kalori doang hiks tau caramel gulanya rendah mah ku eli terus soalnya enak banget woi,D,1
Wed Jul 03 04:35:23 +0000 2024,4,not pistachio latte matcha tersedap selepas ice oatside japanese genmaicha zuscoffee amalkan diet keto jgn bimbang ambil matcha freegluten cuma elak kembung perut tukar susu oat almond coconut milk tersedia menu [URL],None,0
Wed Jul 03 12:00:02 +0000 2024,0,kalian pernah kepikiran sebenarnya tidur membakar berapa banyak kalori mau tahu jawabannya cek langsung sini [URL],None,0
Wed Jul 03 16:06:42 +0000 2024,0,tahan ngantuk makan gabisa tahan lapar tidur maaf diet lapar [URL],D,1
Wed Jul 10 05:10:18 +0000 2024,0,siapa tiap mam cek kalori [URL],D,1
Wed Jul 12 05:31:56 +0000 2023,0,selalunya orang fitness bagus memang discipline tinggi diet workout itupun kena disiplin tinggi amp konsisten,D,1
Wed Jul 13 02:42:14 +0000 2022,357,enak kal no gula gr protein amp high fiber buat diet [URL],None,0
Wed Jul 21 05:56:06 +0000 2021,0,penat lah hari nak rasa insecure berat badan sendiri,D,1
Wed Jul 24 02:42:44 +0000 2024,148,cara mengatasi lapar sehabis olahraga banyak orang merasa lapar olahraga kan wajar kok after mengeluarkan banyak energi tubuh butuh bahan bakar pemulihan regenerasi otot alasanya pembakaran kalori olahraga,None,0
Wed Jul 26 02:51:32 +0000 2023,0,prnah hitung brp kalori makan tgtg apa didapur masak jadi penting mateng hambar drpd mknan instan tau bahannya apa aj pilih mknan tahu bahannya sedikit pengolahannya entah apa trmsuk diet [URL],None,0
Wed Jun 12 10:48:06 +0000 2024,1,berapa lama abaikan diri buntu turunkan berat badan jenis kategori disiplin mengawal diet mempunyai metabolisme tinggi perlukan bantuan suplemen kerana metabolisme badan rendah [URL],D,1
Wed Jun 12 12:04:51 +0000 2013,0,mau ngemil donut takut gemuk memang kalori didalam donut cukup tinggi asalkan seimbang [URL],D,1
Wed Jun 14 03:35:05 +0000 2023,1,tanyarl abis lihat hasil medical cek up kena underweight terus sarannya disuruh makan makanan tinggi kaloriprotein apa makanannya,D,1
Wed Jun 17 11:56:28 +0000 2020,0,makan pedaspedas timbul lah pengen makan manismanis makan nyesel gagal terus dietnya,D,1
Wed Jun 23 01:33:06 +0000 2021,1,diet tau kira kira apa dilakuin mencapai weight goal kalian terus bagaimana cara pertahaninnya,D,1
Wed Jun 25 18:34:03 +0000 2014,0,buat cewek jangan takut makan makanan berlemak tinggi kalori kamu hahaha melar kesamping,D,1
Wed Jun 26 08:27:46 +0000 2019,0,lapar takut gemuk napsu makan tinggi pastikan konsumsi makanan rendah kalori gizi seimbang coba membuat agaragar buah menyegarkan mewujudkannya [URL],D,1
Wed Mar 01 14:19:36 +0000 2023,0,seneng lihat timbangann tadi hehehe bersyukurr tanpaa diet ketat tpi konsisten turun hehehe pentingg nih mulut rem ajaa jgn ngunyah selalu bisaa lebih kuruss lageh lengan ikutan langsing wkwkwkwk,D,1
Wed Mar 02 05:58:19 +0000 2022,0,diet ibuku ngelarang buat ganti nasi pdhl kan kentang roti ubi oats kenyang padat katanya takut magsakit perut kalau kalian terbiasa makan nasi terus cobatbtb ganti karbo kendala,D,1
Wed Mar 03 03:18:49 +0000 2021,1,diet tb sama kaya sama berat badan ku sekarang kilogram berat badan kilogram pgn banget punya body kaya keluargaku ngizinin kekurusan katanya kalian gmn terlalu kurus malah bagus [URL],O,1
Wed Mar 05 08:10:38 +0000 2025,0,rutin gym walaupun minum suplemen creatine whey protein kalori harian cukup protein harian cukup mgkn clean eating baru punggung jerawat gym pakai karbo sumber energi cuma dr kilogram dr dirty bulking,D,1
Wed Mar 05 20:40:47 +0000 2025,0,sahur sama ovn oat sesuaikan sama kebutuhan kalori harian njir kagak abieszz alias wareg banget,D,1
Wed Mar 12 05:13:16 +0000 2025,1,tahun lalu tuh pas ramadhan gini kalau temen ngajak mokel selalu gas skrng kalau mau mokel gini kaya sayang pertama ibadah kedua sekalian jaga pola makan buat cutting wkwk,D,1
Wed Mar 12 08:46:00 +0000 2025,4,no one my few days nih orang ambil kalori harian lebih keperluan badan still tinggi lemak naik berat,D,1
Wed Mar 13 00:32:45 +0000 2024,1,butter sihat my mom buat diet keto hari nmpk makan butter as a snack,None,0
Wed Mar 16 08:35:50 +0000 2022,4,mencari cara diet defisit kalori turunkan berat badan menjalaninya ketahui dulu yuk serbaserbi cara diet defisit kalori sehat pakar [URL],None,0
Wed Mar 17 15:10:24 +0000 2021,0,i makan nasi makan bihun kutiaw mee maggy amp sebagainyaknp sbb takut sgt nasi nasi la punca berat badan naik kankesian nasi dh tahun orang salahkan nasi hehe act makan bihun mee nih semua tinggi kalori nutrisi tk adajd jom makan nasi [URL],D,1
Wed Mar 19 10:23:05 +0000 2025,4,grafpramuja kurangin halhal berkaitan minyak goreng sama kurangin asupan nasi ganti karbohidrat kompleks pelanpelan mulai hitung kalori harian kalkulator dikirakira pastiin nutrisi mikro makro tuh masuk tiap hari cuman seblak,D,1
Wed Mar 19 10:31:04 +0000 2025,0,jgn suka hati diet takde disiplin,D,1
Wed Mar 19 11:58:48 +0000 2025,360,jangan putus asa uric acid diturunkan jadi lebih teruk how kamu need to start now reduce protein intake to gkgbw plain water berat badan sekarang x ml baru cukup air reduce fructosefruits intake low purineeee diet nih google,D,1
Wed Mar 19 12:45:21 +0000 2025,47,kapan kurus astaga susah banget konsisten‍,D,1
Wed Mar 21 09:35:14 +0000 2018,3,mau diet takut tahan lapar usah takut faktanya makan tiga kali sehari lho bantu kamu menurunkan berat badan nih buktinya via detikfood [URL],None,0
Wed Mar 23 03:29:47 +0000 2016,184,normal sehari lelaki k kalori wanita k kalori k kalori terkumpul dibakar menaikkan kilogram berat badan,D,1
Wed Mar 23 04:13:17 +0000 2022,0,akhirnya memutuskan diet tr mulai maret berarti baru hari program hari tanggal maret kata mamah sama kata ayang tirusan jadi lebih semangat deh jalanin program fatloss hari berhasil kata aderai langsing syarat bukan tujuan,D,1
Wed Mar 27 11:00:47 +0000 2019,0,yuk kuota browniesshiny saladbuah habis makan brownies makan salad buah fresh relax lengkap paketannya jadi perlu takut tinggi kalori audah salad buah [URL],None,0
Wed Mar 27 14:40:09 +0000 2024,2,cara nambahin berat badan dong allah temen temen bantu berat badan turun sedi banget sadar si banyak pikiran uda berusaha bahagiain diri sendiri apaa sedi banget nangis terus lihat badan keliatan tulang semua insecure,D,1
Wed May 05 06:41:03 +0000 2021,5,cara diet defisit kalori berat badan turun [URL],None,0
Wed May 08 14:43:50 +0000 2019,1,niatnya sih mau berniat diet ngeset reminder jam makan install app buat ngitung kalori masuk soto daging pecel pake bandeng telor porsi indomie telor pake nasi potong kue ultah bakmie ayam mentega biskuit bungkus bangsat,D,1
Wed May 15 05:43:51 +0000 2024,2,diet minum air putih cukup selama diet tuh sengaruh buat nurunin berat badan kalau disiplin minum minimal l kaya cepet banget turun nya kalau disiplin langsung stuck walaupun pola makan nya sama,D,1
Wed May 15 10:00:19 +0000 2024,2,wuu level glucose and cholesterol lawa jugak bacaan improved a lotttttt berbuah hasil diet keto nih,D,1
Wed May 15 10:16:36 +0000 2024,0,lari buat olahraga bakar kalori bla bla bla lari pegelnya kaki terus tidur cepet,None,0
Wed May 15 14:00:09 +0000 2024,0,hitung kalori kebutuhan sesuai program dietmu gt cutting program tdee sd kalori gt bulking program tdee sd kalori,D,1
Wed May 25 00:20:54 +0000 2022,8,diet defisit kalori diet cara mengurangi asupan kalori berikut tips melakukan diet tersebut aman sehat [URL],None,0
Wed May 25 15:49:36 +0000 2022,5,terpopuler diet defisit kalori diet cara mengurangi asupan kalori berikut tips melakukan diet tersebut aman sehat [URL],None,0
Wed May 29 23:38:43 +0000 2024,0,convomf emg dr bayik gasuka manis kalau makan manis muncul jerawat ngerasa bersalah makan manis bikin wajah jelek kebanyakan makan manisss,D,1
Wed May 31 12:04:16 +0000 2023,428,diethingy iyaa makanya jangan takut makan nasi makanya beneran hitung kalori kebanyakan orang terlalu takut makan malah jadi terlalu sedikit padahal terlalu sedikit malah bikin metabolisme turun gampang gemuk,D,1
Wed Nov 03 13:02:31 +0000 2021,4,pria membuktikan berhasil diet memiliki berat badan ideal padahal sebelumnya disebut gendut turunan kurus keren perjuangannya [URL],None,0
Wed Nov 06 05:06:30 +0000 2024,347,kalau kamu cape diet inget satu being gendut is scary kamu dilihat apapun kamu gendut good looking,D,1
Wed Nov 06 11:01:38 +0000 2024,1,allah permudahkan lah urusan ku turunkan berat badan insecure sangat berat badan sekarang nih pipi puffy serba serbi rasa kena,D,1
Wed Nov 06 13:06:00 +0000 2024,2,akhirnya beli skinnie puffs soalnya selalu muncul tt katanya ciki buat diet kalau ngemil ngerasa guilty soalnya no gula no msg amp seratnya bungkus gini cuma kkal after bandingin sama cheetos memang jauh kalorinya [URL],D,1
Wed Nov 10 09:30:22 +0000 2021,1,td ak cerita mama kl insecure berat badan gtt terus mama cerita abangku ngomelin katanya ngapain si insecure insecure uda tau cantik akwjdkoakkakak i love him smmmmmmmmmmm [URL],D,1
Wed Nov 13 23:41:25 +0000 2024,9,sebenarnya menghitung kalori terkandung fast food melebihi asupan kalori harian dianjurkan samping sejumlah cara memilih makanan cepat saji sehat lakukan berikut,None,0
Wed Nov 13 23:45:32 +0000 2024,0,tahun kemarinnya diet berhasil tahun kemarin kurus sekarang body ideal aq aww namanya anak gym sll merasa kurang,D,1
Wed Nov 18 08:05:06 +0000 2020,302,beer dong jangan bangga kalau diet cuma makan kalori perhari bener ngerusak diet culture ngerusak badan sendiri diet kok lomba kecilan asupan kalori [URL],None,0
Wed Nov 22 04:40:24 +0000 2023,597,for those tengah diet buat intermittent fasting amp keto diet craving minum hot choc try bulletproof choc drink nih air coklat nih keto friendly amp takde caffein rasa manis lemak je amp chocolate rich rasa manis gula pengganti milo lebih sihat [URL],None,0
Wed Nov 22 14:01:30 +0000 2023,0,tadi pas supa masak sayur apa kak makan sayur kamu mau diet jangan dek kamu jelek jujur hah tau maksudnya mungkin jelek kalau diet kan tinggi kalau kerempeng bakalan aneh cara ngomongnya loh,O,1
Wed Nov 29 09:53:33 +0000 2023,0,mesti hitung kalori tiap makan hmm,D,1
Wed Nov 29 10:35:04 +0000 2023,1,kalau diet ngurangin gorengan ma nasi mah gampang susah ngurangin gula woy makanan manis bener dah bikin craving parah,D,1
Wed Nov 29 15:20:07 +0000 2023,4,ngegym bulan timbangan tetep stuck cuma keliatan banget perubahannya upper body lebih toned sama pergelangan tangan mengecil selebihnya terlalu keliatan kasi insight selalu semangat disiplin buat diet olahraga dong,D,1
Wed Nov 30 04:20:02 +0000 2022,5,girls kalian punya strecmark gadis didaerah mana terus penyebabnya apa kalian hilanginya pake apa soalnya sender insecure naik berat badan drastis kilogram kilogram buat paha sender strecmark pengen hilanginnya,D,1
Wed Oct 04 06:10:11 +0000 2023,0,kerupuk baik kolesterol cek faktanya sering kali berpikir berapa banyak kalori kerupuk kerupuk meningkatkan kadar kolesterol [URL],None,0
Wed Oct 04 07:35:22 +0000 2023,1,cookies brownies kalau pengen makanan takut tinggi kalori tenang mimin nemu nih rendah kalorinya biasanya mimin campurkan makanan satu susu lowfat mau klik link dibawah [URL] [URL] [URL],None,0
Wed Oct 11 14:38:25 +0000 2023,0,strawwbelle hitung kalori dimakan hari,D,1
Wed Oct 12 06:57:50 +0000 2022,0,resep swiss roll cokelat rendah kalori video ditujukan cewecewe sedang diet kamu makan enak takut naik berat badan makanan enak kamu mau tinggi kalori buatlah makanan diet,None,0
Wed Oct 16 15:14:14 +0000 2024,0,pengen punya badan berat badannya ideal gamau kurus terus,D,1
Wed Oct 23 02:49:02 +0000 2024,0,percaya orang lihat lamgsingatletis olahraga mya disiplin banget trus diet nya disiplin mau cwe apa cwo beauty is pain,D,1
Wed Oct 23 12:48:09 +0000 2024,0,bismillah kurus kering ideal kurang kilogram,D,1
Wed Oct 25 17:22:59 +0000 2023,0,convomfs solusi pgn minum soda takut tinggi kalori amp gulanya,D,1
Wed Oct 30 01:53:39 +0000 2024,0,rekomendasi aplikasi hp android lari jogging cek kalori hingga rute olahraga [URL],None,0
Wed Oct 30 06:13:36 +0000 2024,1,wanita berhasil memangkas berat badan sebanyak kilogram diet keto aktif berolahraga intip rahasianya [URL],None,0
Wed Oct 31 04:10:00 +0000 2018,199,paling banyak membakar kalori isihat tinju kalorijam berlari cepat kalorijam bola sepak kalorijam ragbi kalorijam berbasikal cepat kalorijam [URL],None,0
Wed Oct 31 06:19:17 +0000 2018,0,orang diet karbo lemak jenuh dimakan muluk apa takut kolesterol jahat dibilangin percaya tuh diet karbo malah kolesterol tinggi,D,1
Wed Sep 01 03:29:49 +0000 2021,10,diet defisit kalori membantu menurunkan berat badan apa diet defisit kalori bagaimana cara melakukannya [URL],None,0
Wed Sep 04 11:02:14 +0000 2024,0,btw kynya reach my weight goal cape diet sama wo deh so far semenjak ospek turun kilogram hahhahahaha,D,1
Wed Sep 04 15:46:09 +0000 2024,1,diet olahraga disiplin,D,1
Wed Sep 06 09:09:34 +0000 2023,1,alasannya mau olahraga bakar kalori padahal bakar memori,None,0
Wed Sep 09 04:49:23 +0000 2020,1,bingung mau makan apa selama diet bingung mau makan apa waktu istirahat kerja jajan luar takut sehat sempat siapin bekal akhirnya jajan luar tinggi kalori diet lingkungan mu mendukung [URL],D,1
Wed Sep 15 14:59:37 +0000 2021,0,earlylight kangjj lun i really have no control on eating makanya diet terlalu restrictive pernah berhasil,B,1
Wed Sep 18 03:42:31 +0000 2019,0,cuba buat diet atkins k no carbs no gula,D,1
Wed Sep 19 13:56:15 +0000 2018,0,adhityamulya bosku no carbs diet makan ikan ayam pake nasi lgs turun ikut nyoba hari kedua kleyengan mlmnya lgs nasgor kutanya bpk ktnya o tenang ka minggu pertama mmg kleyengan minggu kedua aman maaak sanggup awak,D,1
Wed Sep 22 12:10:29 +0000 2021,0,insecure banget sama berat badan,D,1
Wed Sep 25 05:39:00 +0000 2024,2,kalau sa dokter tau beta sangat jaga makan clean food apa belio bilang jaga pola makan kak,None,0
Wed Sep 25 09:32:05 +0000 2024,10,komitmen nak turun berat badan stock up groceries rajin isi air putih botol disiplin kawal makan jaga pandangan mata dpd makanan tinggi gula garam minyak jaga timing badan rehat rutin bersenam tambah ilmu diet bersyukur,D,1
Wed Sep 28 13:20:37 +0000 2022,0,diet craving parah pas mau mens kalian makan apa masalahnya craving minggu,B,1
Fri Feb 07 12:12:43 +0000 2025,0,nyangka bakalan posisi insecure sama berat badan segininya tiap hari ngaca ngeliatin badan rasanya terima ngaca buat ngasih afirmasi positif diri sendiri malah ujungnya menyadari bentuk keinsecurean posisi nyari ukuran baju gede,D,1
Fri Feb 07 10:46:07 +0000 2025,0,janji diri entah kapanpun bakal terwujud pengen banget kurus punya badan ideal terwujud mau bondol sebondol bondolnya,D,1
Fri Nov 15 00:45:01 +0000 2024,0,blm pernah seaneh bangun pagi lgsg kepengen kurus bentuk muka karuan jauh bentuk ideal wajah aslinya,D,1
Wed Jan 29 05:46:35 +0000 2025,0,semalam tahan lapar nak makan manis manis,D,1
Thu Nov 07 06:52:39 +0000 2024,0,morning timbang kilogram now dah kilogram mmg kena tahan lapar jeke nak turun berat badan,D,1
Fri Dec 27 02:27:35 +0000 2024,0,cek cuerpo susu tinggi kalori amp protein gram bundling pouch harga rp dapatkan shopee sekarang [URL] [URL],None,0
Fri Dec 28 01:47:42 +0000 2018,0,ikut seminar kesehatan jadi mau lah takut sama karbo nasi putih disebutsebut aman asal batasnya see semua porsinya ojo geragasssss innadiet innahealthy curhatdiet,None,0
Fri Jan 17 23:49:58 +0000 2025,0,diet keto metode diet rendah karbohidrat pengurangan asupan karbohidrat menggantinya lemak cara makanan dikonsumsi [URL],None,0
Fri Jan 19 06:08:05 +0000 2024,0,fokus nutrisi hidrasi lana condor mau hitung kalori [URL] tempocantika,None,0
Fri Jan 19 13:39:46 +0000 2024,10,ganjarpranowo panen telur bicara soal telur kamu tw sih klw telur it bsa mmbantu kamu menurunkan berat badan telur it rendah kalori tinggi protein jadi jgn takut makan telur kamu suka telor ceplok dadar rebus atw goreng ganjarpresiden ganjaruntuksemua [URL],None,0
Fri Jan 24 00:23:31 +0000 2025,0,diet ketat berat badan turun terkadang disebabkan kesalahan sepele dilakukan diet berikut halhal perlu dihindari [URL],None,0
Fri Jan 24 04:13:49 +0000 2025,0,my ipad baby core meal plan spo goal weight ideal edtwrt dkintt sksi dhjj ahhhhhj ahhhjjjj rahhh [URL],None,0
Fri Jan 24 05:18:55 +0000 2025,26,diet ketat apbn rp t sri mulyani singgung makan bergizi gratis [URL],None,0
Fri Jan 24 10:03:35 +0000 2025,0,kenape meal plan ah elu ade aje,None,0
Fri Jan 24 10:27:45 +0000 2025,0,makasih nwa memikirkan meal plan buat plli meal plan pagi soto siang geprek malam ayam sambel matah versi indomie plli panbuy [URL],None,0
Fri Jan 24 16:02:48 +0000 2025,0,sagking capenya hari pas ketiduran ngimpi absurd tiba jadi sales gym terus bapak mau member pas nanya brapa mba promo gymnya terus gur jwb ribu pak segitu mba iya soalnya kalori harian bpk musti segitu jadi harga membernya segitu pak,None,0
Fri Jan 24 16:51:31 +0000 2025,0,defisit kalori defisit pengeluaran kayanya,None,0
Fri Jan 31 01:54:49 +0000 2025,0,cek mixmix dry rub bumbu marinasi serbaguna rendah kalori spices cajun seasoning bbq grill gram harga rp dapatkan shopee sekarang [URL] [URL],None,0
Fri Jan 31 02:35:00 +0000 2025,1,menurunkan berat badan defisit kalori mengurangi porsi makan ditunjang jenis makanan tertentu makanan tepat justru menghilangkan lemak membantu mencapai berat badan diinginkan [URL],None,0
Fri Jul 05 13:51:09 +0000 2024,1,slot serius nak turun berat badan bulan nih at least buang kilogram meal plan lengkap apa nak makan hari combo workout certified personal trainer topik diet harian amp group support breakfast amp dinner [URL],None,0
Fri Jul 12 11:55:47 +0000 2024,3,buka puasa jam epilepsi ku seminggu kambuh faktor eksternal makan disiplin terlalu banyak karbo akhirnya puasa tingkatin protein tau diet tinggi protein rendah karbo malah dikasih tau dokter saraf bukan pgn kurus [URL],None,0
Fri Jul 28 08:47:30 +0000 2023,0,peri peri sauce free keto diet recipes [URL] ketogenicdiet ketodiet ketosis lowcarb ketolife ketorecipes lowcarbhighfat [URL],None,0
Fri Mar 12 02:57:40 +0000 2021,245,jenis senaman burn tinggi kalori per hour berbasikal kal zumba kal running kal berenang kal body weight kal boxing kal rt amp follow tips diet hari,None,0
Fri Mar 15 06:44:21 +0000 2024,0,jap jap betul korang rasa buat korang gagal diet ialah tahan nafsu makan cuba korang baca thread nih mungkin korang terkejut kebenarannya sebenarnya tahan nafsu makan self control mmg bantu korang berjaya diet so stop it,None,0
Tue Jan 07 08:18:38 +0000 2025,0,cek chopchop special mix rub original bumbu marinasi rendah kalori diet serbaguna gr harga rp dapatkan shopee sekarang [URL] [URL],None,0
Tue Jan 07 14:59:36 +0000 2025,292,tempodotco aneh memang programnya kata bergizi kok beberapa lokasi malah gaada ahli gizinya padahal buat subtitusi bahan a b menghitung kalori harian etc dasar ilmunya bukan asal tumplekin telor dadar biji and call it a day,None,0
Tue Jan 07 18:08:47 +0000 2025,0,hitung kalori pastikan kebutuhan kalori tubuh terpenuhi terlalu rendah berlebihan organ tubuh berfungsi optimal,None,0
Tue Jan 14 04:58:25 +0000 2025,5,buat hidupmu jadi lebih sehat weekly meal plan tepat pastikan menu harianmu mengandung cukup protein sayur amp buah tubuh lebih bugar siap hadapi hari ️ jadilebihbaik [URL],None,0
Tue Jan 14 08:35:01 +0000 2025,0,modern dibuat eps sih gak papa banyak cerita second lead kdg penting kalau historicalcostume dibuat eps orgil sih ibarat penulis naskah body ideal disuruh diet ketat penulis naskahnya meninggoy,None,0
Tue Jan 19 12:05:43 +0000 2021,1,makan diatas jam malam takut sekarang kamu gaperlu risau khawatir soal makan malam jumlah calorie besar paket geprek bensu low calorie solusi makan sehat kamu rasa takut ngitung kalori hilang geprekbensu lowcalorie opp [URL],None,0
Sun Jan 26 02:53:00 +0000 2025,32,buat hidupmu jadi lebih sehat weekly meal plan tepat pastikan menu harianmu mengandung cukup protein sayur amp buah tubuh lebih bugar siap hadapi hari ️ jadilebihbaik [URL],None,0
Sun Nov 17 02:16:18 +0000 2024,64,pasar pagi beberapa sesuai meal plan beberapa dibeli tertarik sayur pakis k memanglah langka sini kweni k daun bawangseledri genepin belanjaan k dikasih banyaak banget mau tambahin beli dibolehn barakallah laris manis abangnyaa [URL],None,0
Sun Oct 01 06:10:54 +0000 2023,1503,diethingy orang indo kalau selalu kalau denger diet artinya makan dikit pdhl luar diet justru makanan ato pola makan kayak diet keto artinya nutrisinya cenderung banyak fat kalau makan dikit istilahnya cutting,None,0
Sun Sep 15 23:05:50 +0000 2024,0,ahli diet beberkan cara aneh makan kiwi menyehatkan [URL],None,0
Thu Apr 11 22:16:03 +0000 2019,0,kamu menghindari makan kacang tinggi kalori no takut jerawatan masa [URL],None,0
Thu Apr 11 23:41:10 +0000 2019,0,kamu menghindari makan kacang tinggi kalori memghindari kacang takut asam urat [URL],None,0
Thu Aug 03 06:28:31 +0000 2023,612,notes to keep in mind penuhin perut sama makanan fulfilling tinggi protein perhatiin asupan serat minum air banyak if jangan terlalu fokus cut gulakalori fokus cut ultra processed foods jangan takut explore makanan [URL],None,0
Thu Aug 29 08:08:54 +0000 2024,6,darthconscious masi banyak dilakukan mulai diri sendiri makanan tinggi kalori gt diet defisit kalori puasa merokok kurangi gula garam skrining kesehatan puskesmas beraktivitas aktif selama bekerja coba cek apa si phbs,None,0
Thu Dec 05 02:41:09 +0000 2024,0,aksads hidup sehat perlu diet ketat hmm kayaknya malah bikin sakit deh mending diet konsumsi makanan feelgoodfoodid enak rendah kalori rendah lemak jadi cocok nih diet mau ah sehat kalian kapan,None,0
Thu Feb 20 11:43:21 +0000 2025,12,hplesromantic kak kunci diet kamu kondisi defisit kalori harinya optimalkan kamu konsumsi real food protein menu makanan hari rutin share resep masakan akun ku [URL],None,0
Thu Jan 02 08:17:50 +0000 2025,44,tanyakanrl guys buat semuanya diabetes type sembuh diet keto carnivore intinya kalau tubuh mampu ngolah gula hindari makan gula karbogula don t trust me or anyone dyor do your own research chanel youtube account dokter x banyak,None,0
Thu Jan 02 14:31:24 +0000 2025,0,surpluss kalori nder banyakin protein drpd karbo hitung kalori kebutuhan tubuh trus barengi olahraga angkat beban nambah masa otot jangan lupa tidur cukup,None,0
Thu Jan 09 02:22:58 +0000 2025,0,sedang mengedukasi orng percaya teh hijau bikin turun bby turun lah anjr orng lu bab mulupdhl bikin turun berat badan jaga kalori harian n rajin olahragasekalipun lu beli harga teh hijau sejuta lu jaga kalori harian alias surplus y gbkl turun berat badan,None,0
Thu Jan 09 14:25:08 +0000 2025,0,cek buku kumpulan menu diet rendah kalori wanita harga rp dapatkan shopee sekarang [URL] [URL],None,0
Thu Sep 21 12:48:55 +0000 2023,7,[URL] hospital upm menawarkan perkhidmatan klinik diet warga emas diterajui geriatrician bersama petugas kesihatan pelbagai disiplin dietitian we need your help to kindly like the vid to spread the benefit tq dietitian,None,0
Tue Apr 09 14:24:33 +0000 2024,55,defisit kalori mau turun berat badan eat what kamu want moderately kamu read it right idul fitri cuma x setahun penelitian menunjukkan kamu terlalu takut makan diet kakuketat resiko regain berat badan eating disorder gagal diet lebih tinggi nastar pertama,None,0
Tue Apr 11 09:34:40 +0000 2023,12,penurunan berat badan normal per bulan kilogram tergantung kondisi masingmasing kamu berhasil turun kilogram bulan youre doing great lambat perlu insecure diet bukan cepetcepetan turun berat badan,None,0
Fri Apr 12 08:53:31 +0000 2024,0,orang sering cheating kalau diet biasanya pola makannya too restrictive mungkin sama case nya orang pacaran,None,0
Fri Apr 14 14:19:51 +0000 2023,0,ngecek tabel informasi nilai gizi jgn kebiasaan jajan sembarangan jgn kebiasaan jajan minuman makanan flavornya over banget cek kadar kalori pake aplikasi misalnya kalau makan sama kalorinya berapa trus kalau kebanyakan imbangin sama olahraga kecil kayak jalan kaki,None,0
Fri Apr 21 11:00:03 +0000 2023,0,selesai lebaran berat badan naik yuk back on track dietnya langkah pertama coba hitung kebutuhan kalori harian kamu sini dulu hellosehat [URL],None,0
Fri Aug 09 05:07:52 +0000 2024,0,tanyarlfes tadi nonton makan terus nyesel soalnya nonton sengaja baca spoiler dr twtr,None,0
Fri Aug 11 05:28:14 +0000 2023,0,emg kalau nonton marineford gaboleh makan pengen muntahin makanan,None,0
Fri Aug 16 06:59:33 +0000 2024,540,kemarin baca kompas terkait pak eko jaga berat badan atlet angkat besi sangat sulit pak eko sendiri bersiasat mau kehilangan tenaga latihan fokusnya mengejar angkatan baru mendekati turnamen blio diet ekstrem makan hari,None,0
Fri Aug 30 06:01:26 +0000 2024,0,lihat orang muntahin makanan depan lo makan tuhan jadi minat makan,None,0
Fri Dec 01 14:18:42 +0000 2023,1,tips deficit calories defcal cukup melelahkan awal itung kalori lama kira sendiri hitung kalori pake aplikasi fat secret makanannya kalian tinggal browse aplikasinya lumayan lengkap jadi gampang banget [URL],None,0
Fri Dec 01 16:29:53 +0000 2023,0,fase galau bbrp bulan berat badan ralyn irit banget naiknya dsa cek lab segala macem hasilnya oke jadi dokter saranin buat cb kasih sufor tinggi kalori baca ttg sufor jadi makin galau mau kasih apa takut cocok aman anakku dompetku,None,0
Fri Dec 02 01:25:06 +0000 2022,433,jaga pola malan teratur tuh susah memang pola makan tuh bicara soal porsi variasi kombinasi makanan amp minuman berbeda dietmu habit makanmu frekuensi konsumsinya sehari gampangnya ngikut pedoman isi piringku [URL],None,0
Fri Dec 04 02:15:06 +0000 2015,0,asaltahu takut obesitas hindari empat minuman berikut bukan makanan mengandung tinggi kalori [URL],None,0
Fri Dec 06 14:35:03 +0000 2024,9,penjelasan sangat bagus kalau cuma scroll medsos tujuan tanda hormon dopamin menurun mending dibuat istirahat olahraga jaga pola makan ikut kajian kegiatan bermanfaat [URL],None,0
Fri Dec 08 02:58:39 +0000 2023,2,pernah korang rasa insecure berat naik after pregnant after bersalin takde la insecure more to damn rindunya badan lama [URL],None,0
Fri Dec 08 22:47:13 +0000 2023,59,efek samping penggunaan rhinos sr mungkin muncul ⁃gangguan saluran cerna anoreksia mual muntah nyeri lambung mukut kering ⁃pada kardiovaskular palpitasi takikardia ekstrasistole ⁃nyeri abdomen dispepsia reaksi anafilaksis pusing sakit,None,0
Fri Dec 27 08:42:03 +0000 2024,0,kok kamu kurus hey kurus gini bbku ideal status giziku normal baik,None,0
Fri Feb 07 01:13:50 +0000 2025,2,allah emosi banget berjuang ngelahirin anak badan body goals banget cakep banget lucu selingkuhin,None,0
Fri Feb 07 01:31:56 +0000 2025,2,semoga februari sehat glowing body goals tercapai banyak duit postivie vibes aamiin,None,0
Fri Feb 07 05:46:48 +0000 2025,1,gangguan makan gangguan makan terjadi penderita kehilangan kontrol atas kuantitas makanan konsumsi terus menerus henti sama sekali kasus berkembang menjadi bulimia nervosa penderita selalu memuntahkan,None,0
Fri Feb 07 09:17:49 +0000 2025,721,️ cowo bakal selingkuh kalau cewenya cantik mandiri body goals pretttttt pret preeettttt noh selingkuh selingkuhannya jelek suka morotin kaga tuh body goals memang dasarnya kurang bersyukur,None,0
Fri Feb 07 09:32:42 +0000 2025,31,modelan nya kaya iris wullur dilan ci agnez amanda cantik body goals mandiri selingkuhin kaya yaa ternyata cantik menjamin laki laki stay sama kalau memang nya merasa cukup,None,0
Fri Feb 07 09:54:49 +0000 2025,0,waktu dekat dipaksa makan serangga wefsetan,None,0
Fri Feb 07 09:56:13 +0000 2025,0,body goals banget pak ahy iki,None,0
Fri Feb 07 21:46:39 +0000 2025,0,sophia latjuba body goals gt ttp bude bude,None,0
Fri Feb 14 04:31:43 +0000 2025,1,tunyangi jadi body goals sekali,None,0
Fri Feb 14 05:19:05 +0000 2025,37,tunyangie pilates body goals banget hourglass shape [URL],None,0
Fri Feb 14 07:25:18 +0000 2025,0,adeknya body goals,None,0
Fri Feb 14 22:21:14 +0000 2025,0,jiwoo sangat body goals,None,0
Fri Feb 17 11:24:09 +0000 2023,1,suka pait suka mint benci aroma obat kebayang rasa atas pas niat maju mundur mau ngunyah akhirnya dikunyah kesulitan menelan akhirnya muntah perut jadi kosong tenggorokan jadi panas sebenarnya ternyata rasanya pait gitulah aroma obat [URL],None,0
Fri Feb 21 00:52:52 +0000 2025,0,selama kira gabisa if selalu begadang amp selalu lapar malam eh ternyata dah emg semua perkara mindset,None,0
Fri Feb 21 01:09:40 +0000 2025,12,yuk wujudkan body goals sama bestie kamu tahun mention bestie kamu yaa roadtobetteryouwithselection exercisewithselection bebettertogether [URL],None,0
Fri Feb 21 08:03:41 +0000 2025,1,body goals,None,0
Fri Feb 21 08:59:40 +0000 2025,4,cara paling bagus mencegah diabetes kurangkan pengambilan lemak tepu saturated fat exercise exercise exercise makin banyak exercise makin rendah risiko diabetes hadkan pengambilan kalori harian ataupun berhenti makan kenyang,None,0
Fri Feb 21 10:16:17 +0000 2025,13,cowo ngeluhin hopeless romantic sebenernya banyak mau sama dianya milih milih cantik body goals mulus nya paham,None,0
Fri Feb 21 11:45:33 +0000 2025,0,usahakan body goals,None,0
Fri Jan 05 03:55:19 +0000 2024,1,exercise burn banyak kalori bina otot kena cari exercise bina otot tujuan nak gain weight which is strength training selalu buat aktitiviti cardio endurance kuatkan jantung burn banyak kalori so align goal matlamat [URL],None,0
Fri Jan 10 03:52:39 +0000 2025,0,maap maap nih olahraga bukan buat bakar kalori buat bakar duitt,None,0
Fri Jan 10 05:04:24 +0000 2025,0,⃣ gangguan pola makan emotional eating berkembang menjadi gangguan pola makan binge eating disorder bed sering disertai perasaan bersalah malu kehilangan kontrol justru memperburuk stres memicu terjadinya emotional eating berulang,None,0
Fri Jan 13 23:35:13 +0000 2023,0,tips berdiet brapa target target nak kena realistik target kilogram sebulan goal goal nak kena strong cepat turun weight action buat strategi nak cari coach nak join programme namanya action pls komit amik pen amp kertas tulis points,None,0
Fri Jan 17 09:31:59 +0000 2020,3,autobase hay nder kalau kamu mau diet jgn kata cowomu diet kamu mau sehat please deh stigma cewek kurus cewek langsing ilangin dinilai harusnya lebih dr selama sehat why not mindsetnya buat sehat bukan kurus,None,0
Fri Jan 18 15:30:05 +0000 2019,1980,kategori berat badan mana kilogram kilogram si ramping kilogram kilogram cantik kilogram kilogram hebat kilogram kilogram sederhana kilogram kilogram comel kilogram kilogram mesti diet jangan marah ha,None,0
Fri Jan 20 02:37:21 +0000 2023,1063,diet guys riset tuh intinya bagus buat olahraga pagi sarapan abis puasa semaleman tidur jam makannya ngikutin sesuai ss nah masalahny abis masuk kuliah pagi kalau wo baru sore jam an saran makan amp berenti cont [URL],None,0
Fri Jan 24 06:41:08 +0000 2025,15,kirakira gini bentukan gentala kalau makan terus makanannya enak parah auto kepikiran cewenya plus langsung mau cabut soalnya cewe mesti nyobain man i have to go it s too good cewe mesti cobain [URL],None,0
Fri Jan 31 00:54:06 +0000 2025,1,overheard bogowonto popo elek seng penting body goals jeh feminism at it finest,None,0
Fri Jan 31 14:06:43 +0000 2025,0,rasis lu si paling body goals dah idup lu bang wah cakep banget sih ngehina orang gitu btw maut tau bang,None,0
Fri Jan 31 14:30:00 +0000 2020,21,sempat minder bentuk badan ideal terlalu kurus ajil merasa berubah apa ceritanya hingga ajil menjadi personal trainer simak kisah perjuangan ajil akudanjakarta terbaru cnnindonesia lewat tautan [URL] [URL],None,0
Fri Jul 16 08:02:33 +0000 2021,3,aktris wulan guritno kerap disebut wanita body goals usia rutin berolahraga intip deretan olahraga wulan [URL],None,0
Fri Jul 27 05:29:16 +0000 2018,413,orang badan berisi sesuai bila jadi kurus thats why kurus semestinya cantik badan berisi bila kurus jadi macam muka orang sakit sesuai sesuai lah apa berisi kurus tetap cantik paling penting jangan hisap dadah,None,0
Fri Jul 28 14:17:00 +0000 2023,7,foto lisa blackpink viral memamerkan bentuk tubuhnya intip sederet fotonya body goals idaman wanita [URL],None,0
Fri Jul 31 23:17:04 +0000 2020,0,motivasi diet langsing lebih percaya diri lebih mudah beribadah lebih mudah cari ukuran baju lebih sehat aktif penampilan lebih menarik lainnya tulis komentar zheyengg,None,0
Fri Jun 28 16:33:03 +0000 2024,356,sindrom makan malam dinamai night eating syndrome nes parahnya sindrom berkaitan risiko penyakit menular seseorang kok makananmakanan dipilih cenderung tinggi kalori garam gula lemak natrium,None,0
Fri Mar 14 03:12:46 +0000 2025,2,kamu pernah perhatikan perutmu kamu merendahkannya memuliakanmu kamu memuliakannya merendahkanmu a masy makan berlebihan menyebabkan berbagai penyakit obesitas diabetes gangguan hormon metabolik lainnya next [URL],None,0
Fri Mar 21 12:30:03 +0000 2025,5,cnnindonesia beras mahaldisuruh makan singkongdiet cabai mahal disuruh nanem sendiri makan pedas daging mahal disuruh jadi vegetarianmakan serangga wkwkwkkwkwwk stresssss,None,0
Fri Mar 21 23:47:32 +0000 2025,0,punya maag disuruh kurangi makan pedes gokill,None,0
Fri Nov 01 14:52:59 +0000 2024,0,happy tengok diet journey orang nih susah sangat nak turun hormon dah menentu selera makan turun naik kawal diri sendiri tetap kena cuba jaga makan amp exercise sikit sikit mana tahu tibatiba kurus kan insyaallah,None,0
Fri Nov 19 19:36:33 +0000 2021,0,berat badan ideal adele merasa insecure [URL],None,0
Fri Nov 20 06:43:08 +0000 2020,35,jennifer aniston memang menginjak usia tahun jadi body goals banyak wanita punya bentuk tubuh menawan jenniferaniston via wolipop [URL],None,0
Fri Nov 24 00:53:39 +0000 2023,45,efek samping simvastatin nyeri bagian perut konstipasi sakit kepala miopati rabdomiolisis anoreksia muntah pruritis kehilangan libido disfungsi ereksi mempercepat katarak optalmoplegia,None,0
Fri Nov 24 07:12:37 +0000 2023,1213,keperluan kalori orang berbeza mengikut jantina umur paras aktiviti harian amp berat dinamakan maintenance calorie jumlah kalori harian kekalkan berat eg berat sekarang ialah kilogram amp kurang bersenam so perlukan kcalday kekalkan berat kilogram,None,0
Fri Nov 25 04:43:09 +0000 2022,6,menginjak usia tahun wulan guritno punya body goals punya tubuh ideal wulan guritno terapkan pola hidup sehat konsumsi gula cek rahasianya [URL],None,0
Fri Nov 27 00:51:02 +0000 2020,5,gendut solusinya olahraga jaga pola makan hamil nikmat abis keguguran sedihnya setengah mampus hamil berat badan naik kgmonth menyusui trus jadi gendut lumrah kelar fase olahraga sesederhana memang feminis ajarin [URL],None,0
Fri Oct 04 23:36:53 +0000 2024,363,max sehari kalori orang dewasa kcal kemudian sumbat gula rugi rugi sumbat ayam bakar sekor contohnya baru berbaloi,None,0
Fri Oct 21 15:14:25 +0000 2022,0,berat badan naik usai hamil melahirkan sempat bikin istri rizky alatas adzana bing slamet insecure simak bagaimana artis ftv tersebut menghadapinya [URL],None,0
Fri Oct 25 09:00:03 +0000 2024,0,sate taichan resep clean eating guilty free dijamin enak solusi meal plan buat suka insecure berat badan [URL] viral promediateknologiindonesia timesumut satetaichan,None,0
Fri Oct 26 02:08:39 +0000 2012,0,masuk daftar terlalu kurus katanya kalau bsk ktmu dong anita rt anitakurniaa irfal besok kikaakiki,None,0
Fri Sep 02 06:52:34 +0000 2022,0,elon musk ternyata insecure usai disebut punya kelebihan berat badan ayahnya sendiri pernah ditawari minum obat pelangsing sang ayah [URL],None,0
Fri Sep 02 08:30:52 +0000 2022,7,elon musk ternyata insecure usai disebut punya kelebihan berat badan ayahnya sendiri pernah ditawari minum obat pelangsing sang ayah [URL],None,0
Fri Sep 13 09:51:14 +0000 2024,0,dulu sering lihatt layar tv sekarang berubah banget dewi hughes iya sih memang banyak ngomong beliau program diet keto berhasil weeew,None,0
Fri Sep 20 13:20:36 +0000 2024,27,yulfian sangat tinggi diturunkan jaga pola makan olahraga kalau uda segitu baiknya dibantu obat,None,0
Mon Aug 13 02:25:17 +0000 2018,0,sahabat sonora pernah mendengar istilah kedokteran gastroparesis share disini dooong sering merasakan muntah mual perasaan kenyang makan sedikit perut kembung jadi sahabat sedang [URL],None,0
Mon Aug 21 12:38:01 +0000 2023,0,olahraga alesannya bakar kalori padahal pengen bakar memori,None,0
Mon Aug 21 19:31:02 +0000 2023,0,pup dimalam hari salah satu cara mengurangi rasa bersalah seharian jajan sama makan banyak diri katanya mau diet mau jogging pernah terlaksanakan [URL],None,0
Mon Aug 26 01:58:06 +0000 2024,7,keracunan paparan racun zat berbahaya zat kimia logam berat menyebabkan mual muntah serius gangguan makan gangguan makan bulimia mana seseorang sengaja memuntahkan makanan makan menyebabkan mual,None,0
Mon Aug 26 12:29:27 +0000 2024,0,jalan kaki termasuk olahragabakar kalori kan menit ye jalan cuma meter makan wkt menit pelan bunting tuh masuk olahragabakar kalori woakwoakwokao,None,0
Mon Dec 26 04:42:28 +0000 2022,3189,nendralin edisi raline insecure sama berat badan padahal pesen baju pengantin [URL],None,0
Mon Dec 30 12:53:51 +0000 2024,1,bismillah mau menyiapkan meal plan food prep menuju hemat,None,0
Mon Dec 30 23:40:50 +0000 2024,0,mau sehat amp awet muda coba teknik puasa makan jam hour fasting misal stop makan jam malam baru makan jam pagi mudah kan manfaatnya tingkatkan energi kurangi risiko penyakit kronis support proses detoks tubuh,None,0
Mon Feb 03 03:24:56 +0000 2025,0,faktor psikologis stres depresi gangguan makan makan berlebihan binge eating menjadi penyebab,None,0
Mon Feb 03 17:36:18 +0000 2025,1,body goals banget jir,None,0
Mon Feb 10 03:31:39 +0000 2025,2,mulai body goals,None,0
Mon Feb 10 13:06:16 +0000 2025,21,yuk mulai produktif terciptanya body goals mayan belajar renang hari gaya katak dikit [URL],None,0
Mon Feb 10 13:30:54 +0000 2025,10,vs usahakan body goals [URL],None,0
Mon Feb 10 14:05:23 +0000 2025,0,kepikiran terus mau makan nafsu,None,0
Mon Feb 10 15:00:31 +0000 2025,3,anjir dah share meal plan buat bulan sahur pertanda mulai nyiapin rencana mau sahur pake motekar warteg sih ‍️,None,0
Mon Feb 17 14:55:05 +0000 2025,421,pengen banget jadi cantik muka jerawatan badan ideal terlalu kurus terlalu gemuk kulit bersih mulus amp sehat semuanya perlu money,None,0
Mon Feb 17 16:59:21 +0000 2025,0,makan coklat tengah malem maaf takut gendut gendut soalnya,None,0
Mon Feb 24 00:09:28 +0000 2025,0,gawon body goals banget,None,0
Mon Feb 24 09:29:01 +0000 2025,1,artinya kalau tujuan utamanya ngejaga kesehatan keseluruhan ajaran islam lebih seimbang kalau mau fokus pengendalian porsi makan hhb lebih efektif kalau lebih mencegah makan emosional amp memperbaiki kebiasaan makan mindful eating lebih cocok terbukti,None,0
Mon Feb 24 11:28:04 +0000 2025,2,bukan body goals cwe tebel mah,None,0
Mon Feb 24 11:38:07 +0000 2025,8,tanyakanrl jelasin pake bahasa bocil nder diibaratin makan trus dipaksa makan banyak kuat abis muntah kurleb gitu ibaratnya kalau buat bocah,None,0
Mon Feb 24 12:26:45 +0000 2025,3,basebdg maksud kamu single cantik karir bagus body goals terbang kebal bacok adfhjklkhgxckjttuicghjdbsnk,None,0
Mon Feb 24 15:12:30 +0000 2025,0,gangguan makan beberapa orang mungkin mengalami perubahan pola makan respons stres emosional diakibatkan selingkuh kehilangan nafsu makan berat badan menurun mungkin makan berlebihan cara,None,0
Mon Feb 27 04:05:09 +0000 2023,254,diethingy central obesitas memang defcal nder clean eating olahraga metabolisme lancar kurangin makan gula micin sama makanan bikin bloating abis baru deh fokus ngebentuk perut,None,0
Mon Jan 01 02:44:00 +0000 2024,0,bkn pesmol ekor nya dikasih teman icip kok ternyata enak nyesel bikin banyakan makan terus mau bikin males banget,None,0
Mon Jan 06 10:20:15 +0000 2025,88,barengwarga [URL] bahaya banget menjijikan pake piring digilir orang bayangin kalau nempelin upil piring muntahin makanan masukin makanan diluar dikasih semisal masukin udang apapun orang setelahnya alergi damn euyhh jijik,None,0
Mon Jan 06 13:24:38 +0000 2025,0,gangguan makan,None,0
Mon Jan 07 07:13:45 +0000 2019,368,kegagalan orang nak menurunkan berat badan selepas bersenam hadiahkan diri makan lebih banyak bersenam membakar kalori sebanyak kalori hadiah diri sendiri makan dah sebanyak kalori berat turunturun,None,0
Mon Jan 13 04:15:00 +0000 2025,0,langsing makan sedikit salah faktanya makan terlalu sedikit bikin metabolisme tubuh menjadi melambat tubuhmu malah menyimpan lemak lebih banyak energi jadi lemah,None,0
Mon Jan 20 02:34:58 +0000 2025,3,konsumsi tepung jumlah wajar konteks diet seimbang bervariasi berbahaya tepung menjadi sumber utama kalori harian saatnya risiko kesehatan mulai muncul beberapa alasan berikut,None,0
Mon Jan 20 11:49:25 +0000 2020,4,kartika berliana doyan sekali berolahraga biasa melakukan empat kali seminggu [URL],None,0
Mon Jan 24 00:32:19 +0000 2022,0,banyak alasan orangorang berupaya lebih langsing berbagai metode baik diet olahraga program lainnya alasan sangat tepat langsing inilah alasan [URL],None,0
Mon Jan 27 12:31:09 +0000 2025,0,fu w lgi haid mual tpi dipaksa makan terus ad muntah menudh brp kali w hampir muntah hari brou,None,0
Mon Jan 27 23:46:41 +0000 2025,0,pacarku munimuni turun katanya sekarang kilogram terlalu kurus tetap jaga pola makan ifnya seketat dulu,D,0
Mon Jul 01 17:40:38 +0000 2024,0,cara merasa bersalah makan martabak manis gedein otot liver otot jadi tempat pembuangan gula tubuh cuma otot gede,None,0
Mon Jul 04 09:50:41 +0000 2022,1821,sobat ngambissibuk demen makan telat hati kalau dah ngerasain nyeri perut berat mual berkesudahan muntah makan nyeri dada makan fesespoop warna hitam legam nafsu makan berat badan turun drastis semuanya red flag periksa segera,None,0
Mon Jul 12 04:03:37 +0000 2021,2,bayi tetep bayi makasih yaa hari ngespam makasih yaa ngabarin cepet sehat lagiiijangan insecure berat badan nya turun tinggal makan banyak sama olahraga okeyy love u xuxi️ 루카스버블 [URL],None,0
Mon Jul 15 20:34:25 +0000 2024,2,blio berlagak ruminansia sok muntahin makanan,None,0
Mon Jul 19 04:50:21 +0000 2021,13,banyak artis berusia an dipuji penampilan awet muda wajah cantik terlihat muda tubuh body goals hasil olahraga siapa [URL],None,0
Mon Jul 22 10:51:18 +0000 2024,18,badan tinggi gede suara berat dada rata kdg insecure gmn cakep kl kt mama,None,0
Mon Jun 08 02:08:43 +0000 2020,421,tandatanda keracunan makanan ialah sakit perut perut kejang muntah cirit birit menggigil mual membawa maut dirawat segera lebih tip keselamatan makanan ikuti bkkmputrajaya worldfoodsafetyday,None,0
Mon Jun 21 12:17:48 +0000 2021,1571,upaya menjaga kesehatan amp kewarasan diet emosi baca tweet ketrigger marah scroll sedih pindah ig lihat foto ketrigger cemburu ig story gembira story berikutnya ketrigger takut pindah wa baca wa jadi kangen pernah ngalami emotional rollercoaster thread [URL],None,0
Mon Jun 24 01:48:40 +0000 2024,971,ultra processed food dihindari calorie dense massanya kecil kalorinya tinggi memang dibuat memuaskan palate misal extra manis extra gurih crunchy nah kombinasi point leads to overeating,None,0
Mon Mar 03 13:39:43 +0000 2025,932,diethingy puasa sih semoga kamu memang terpaksa nder sama menu sahur jangan lupa penuhin kebutuhan kalori harian,None,0
Mon Mar 05 00:03:44 +0000 2018,298,berjalan kamu membakar kalori sebanyak lebih kurang kalori langkah lebih kurang kamu kkm menggalakkan rakyat malaysia berjalan langkah hari nak minum teh tarik pagi lepas azam jalan kamu bakar kalori [URL],None,0
Mon Mar 10 02:40:26 +0000 2025,124,jaga pola makan gaya hidup sehat mulai hidup sehat mengonsumsi makanan bergizi seimbang sayur buah protein sehat karbohidrat kompleks kurangi makanan olahan gorengan gula berlebih pastikan minum cukup air hari pola makan,None,0
Mon Mar 10 14:13:20 +0000 2025,1,kunci boros selama bulan ramadhan jaga pola makan sehat,None,0
Mon Mar 10 19:26:39 +0000 2025,38,mencintai diri sendiri bukan soal menerima diri apa adanya memberikan terbaik tubuh pikiran salah satu bentuk cinta diri paling sederhana bermakna menjaga pola makan sehat memilih makanan,None,0
Mon Mar 17 05:06:01 +0000 2025,207,penyakit asam lambung kumat tuh kirain penyebabnya menjaga pola makan ternyata menjaga pola pikir alias segala dipikirin stress tertolongg,None,0
Mon Mar 17 14:09:27 +0000 2025,0,pesanan pkkm sempena ramadan h ️ sekiranya rasa loya muntah ciritbirit sakit perut segera klinik dapatkan rawatan kerana mungkin keracunan makanan️ jadi penting sentiasa amalkan ️⃣ langkah mudah elakkan keracunan makanan [URL],None,0
Mon Mar 17 18:47:10 +0000 2025,41,melakukan olahraga ringan rutin meningkatkan produksi endorfin hormon membantu menurunkan tingkat stres membuat merasa lebih bahagia jadi cobalah berolahraga menjaga pola makan sehat hari,None,0
Mon Mar 18 12:49:44 +0000 2024,0,bagaimana ngatasinnya kelelekan tulang eh apalah indonya muntahin makanan masi nyangkut tenggorokan,None,0
Mon Mar 21 14:03:11 +0000 2022,1,diet nyiksa badan kok tiap malam makan enak porsi besar masalah badan tetap ideal perut langsing perlu obat pola hidup sehat batasin asupan glukosa amp kurangin karbo lebih cukup [URL],None,0
Mon Mar 21 14:17:09 +0000 2022,0,selamat malam rekan sebaya lnoms barengan fierza ojun mau kepo dong kamu pernah insecure gaa sih sama berat badan kamu bagaimana respon kamu kalau disuruh diet sama temen jangan lupa request single favorti kamu yaw fierzajm siomdojun,None,0
Mon Mar 22 11:25:28 +0000 2021,236,eating disorder salah satu gangguan mental individu dewasa jarang terdengar indonesia orangorang gangguan makan jadi unaware sulit mencari bantuan profesional sekarang ditambah komentar empatik gini [URL],None,0
Mon Mar 22 12:42:16 +0000 2021,1510,gangguan makan bukan cuma urusan naikturun berat badan dibaliknya coping stressor trauma depression anxiety disorder social isolation child maltreatment peer pressure disederhanakan jadi kesalahan personal orang ngalamin,None,0
Mon Mar 25 04:40:47 +0000 2024,0,cek sessi bumbu rendah kalori marinasi instan rasa original favorite dry rub no msg harga rp dapatkan shopee sekarang [URL] [URL],None,0
Mon Mar 25 05:37:00 +0000 2024,1,foto usai berhasil menurunkan berat badannya penampilan amanda manopo kini dipuji jadi semakin cantik nih detikers body goals wajah tirusnya bikin salfok [URL],None,0
Mon Mar 25 22:05:33 +0000 2024,2,sedih banget ngeliat ngedenger idol insecure sama berat badan cewecewe elu underweight bro kl turun berat badan langsung keleyengan brutal,None,0
Mon Mar 30 00:05:51 +0000 2020,377,suka gila main skipping penat berbaloi banyak kalori rentung kena bakar pernah lagilah melompat sejam biasanya min lebih kurang kalori terbakar dah rasa perbezaannya especially inchloss berat kilogram [URL],None,0
Mon May 15 05:37:16 +0000 2023,5,dyandlions putkth diethingy bed binge eating disorder gangguan makan bikin penderitanya bakal terus makan memenuhi kebutuhan emosional bakal kontrol biasanya bakal leading bulimia perasaan bersalah makan banyak circle of hell,None,0
Mon May 17 16:39:40 +0000 2021,6,salah satu kunci ngedirect objek foto insecure berat badan pose ala model katanya ajakin ngobrol be your self pede gayanya sendiri [URL],None,0
Mon May 18 05:46:32 +0000 2015,0,naik kilogram jelang pernikahan chelsea olivia malah dilarang diet terlalu kurus katanya kan [URL],None,0
Mon May 18 14:18:03 +0000 2020,243,tanda² mkn byk mknn bergorenglemakgulagaram senang naik berat badan diet berat stagnant kulit kusam amp berjerawat cepat letih amp lesu masalah pencernaan sembelit hilang fokus nampak tua usia rt amp follow more tips,None,0
Mon May 24 03:35:03 +0000 2021,0,pernah insecure cara jessica mila menurunkan berat badan [URL],None,0
Mon May 24 09:39:43 +0000 2021,12,pernah insecure jessica mila melakukan diet ekstrem bahkan makan sop tahu hari penasaran sama cerita mila jessicamila [URL],None,0
Mon May 29 15:26:00 +0000 2023,0,audy item ungkap pernah insecure bertahuntahun berat badan kini [URL],None,0
Mon Nov 02 09:06:04 +0000 2020,0,ngurangin food waste makan sedikit cepat kenyang lebih selera sih tetep jauh kata langsing wqwq emak kaya handel bayi besar kali jadi kebagian jatah kudu abisin makanan selalu,None,0
Mon Nov 09 13:49:33 +0000 2020,3,hindari rasa bersalah makan besar cara alami detoksifikasi tubuh [URL] tempocantik,None,0
Mon Nov 22 15:40:26 +0000 2021,0,respons ussy sulistiawaty soal turunkan berat badan insecure ungkap tips kurus [URL],None,0
Mon Nov 22 18:23:16 +0000 2021,6,ussy sulistiawaty tampil lebih beda sang artis mengaku berat badannya memang turun kilo [URL],None,0
Mon Nov 30 04:50:46 +0000 2020,83,coba cari solusi atas keinsecureanku jerawat amp berat badan berlebih solusinya tau kucoba jalani self love buatku sekadar nerima kenyataan kurang diriku semua orang punya kekurangan bagaimana memperbaikinya lebih baik,None,0
Mon Oct 02 01:35:03 +0000 2023,0,taylor pernah baru selesai makan malem tbtb diajak mam keluar sama mas crush jadi muntahin makanan mam sama,None,0
Mon Oct 02 02:25:00 +0000 2023,0,azab buat u rela muntahin makanan buat orang,None,0
Mon Oct 03 06:00:29 +0000 2022,677,exercise bakar lemak perut mount climber x sets benefits tingkatkn degupan jantung burn more calories tingkatkn stamina tingkatkan fleksibiliti badan bakar lemak perut defisit kalori diet utama loss weight rt amp follow more tips kurus [URL],None,0
Mon Oct 21 05:51:48 +0000 2019,409,terserah makan luar yuk ayok kamu mau makan apa terserah nasi goreng yah banyak lemak nya kan diet hmm gmna mcd sama nya terus mau apa terserah buka hp serch mknan terserah,None,0
Mon Oct 24 14:43:58 +0000 2011,0,buku kulit menyebabkan mualmual muntahmuntah perasaan enak perut dianjurkan dibaca saatsetelah makan,None,0
Sat Apr 16 13:55:01 +0000 2022,14,tips diet pemula herwel herslim mencukupi nutrisi harian program weight loss membuat tubuh awet kenyang meningkatkan imunitas tubuh membantu program maintain body goal membantu mengubah lemak menjadi energi harga link [URL] [URL],None,0
Sat Aug 03 02:35:16 +0000 2019,0,dr john yudkin buku eat well slim well london collins © mengatakan diet mengandung lebih sedikit kalori makanan minuman dikonsumsi menjadi langsing [URL],None,0
Sat Aug 03 15:02:18 +0000 2024,1529,anak menantu adik ipar sepupu keponakan orang dekat lainnya hingga penjilat mk ma nikel meubel batu bara hutan gunung bahkan jalan pintas menuju sidratul muntaha dikunyah satu waktu kawan bertanya 𝘙𝘢𝘬𝘶𝘴 [URL],None,0
Sat Aug 31 01:56:46 +0000 2019,18,friendly reminder tementemen sedang dietampmengganti pola hidup menjadi lebih sehat kalau mau makan kotor hari makan jangan lupa u makan sesuai porsiampgak berlebih usah merasa bersalah langsung lanjutin makan sehat,None,0
Sat Dec 14 02:34:50 +0000 2024,1,wkwkwkwk bos baru notebooknya dipinjem direksi kirain mau nulis apaan taunya blio bikinin meal plan diet kamu terngakak bos w suka makan,None,0
Sat Dec 17 16:13:13 +0000 2022,8,gisel suka banget olahraga termasuk ngegym bahkan dinilai punya body goals diimpikan banyak orang [URL],None,0
Sat Dec 21 08:37:20 +0000 2024,73,beza crash diet amp healthy lifestyle crash diet target waktu singkat nak kurus cepat tahan rasa lapar stress berat badan terlalu push exercise berat turun naik lock ideal healthy lifestyle target long term konsisten bentuk habit bagus,None,0
Sat Dec 28 01:37:50 +0000 2024,98,rules to burn fat create a calorie deficit paling penting elak minuman tinggi kalori senaman sekurangkurangnya x seminggu makan protein hidangan tambah sayur diet tidur jam malam lebihkan pergerakan harian konsisten amp,None,0
Sat Dec 28 02:43:01 +0000 2024,0,abis lahiran hari nyletuk kok perutnya gede lah ngana pikir ah dahlah males pas kecil komen si mulut nganggur jangan diet kasian bayinya asinya seret entar dasar anak jaman sekarang takut gendut lahhhhhh mbuh ah,None,0
Sat Dec 28 03:22:20 +0000 2024,0,nak disiplin semasa diet tetapkan matlamat jelas rancang menu harian kawal saiz hidangan elak stok makanan sihat makan sedar kunyah perlahan rt amp follow tips sihat,None,0
Sat Dec 28 10:47:41 +0000 2024,0,seharian makan kepikiran terus,None,0
Sat Dec 28 19:32:43 +0000 2024,1,menjaga berat badan ideal rendah kalori tinggi serat sayuran membantu mengendalikan nafsu makan menjaga berat badan memberikan rasa kenyang lebih lama membantu pengendalian kalori harian,None,0
Sat Feb 01 11:49:02 +0000 2025,0,anying diboyong dipaksa makan duren cok,None,0
Sat Feb 01 14:05:42 +0000 2025,7,sumpah terkejoed lihat dok nc nyaa cakep bagettt body goals terus pas visite px lapor pasien denger advis nya liatin mukanya nyatet biasakan nc preman semua soft calm gtu,None,0
Sat Feb 01 17:02:54 +0000 2025,0,real slap on my face when orang muda than me lebih jaga makan jaga badan my diet dah kelaut and sangat slow nak adjust balik next week nak try start push if terus pray for me,D,1
Sat Feb 08 00:51:15 +0000 2025,3,kata siapa modal cantik body goals jamin laki setia,None,0
Sat Feb 08 12:22:19 +0000 2025,0,kaya raya makin cantik body goals tambah pinter ketemu jodoh glass skin karir bagus aamiin,None,0
Sat Feb 08 14:13:44 +0000 2025,1,bodynya lala mungkin body goals mayoritas ce punya job modelling,None,0
Sat Feb 08 14:58:24 +0000 2025,877,farah cegil ngws plg malming [URL] fuji chan bening body goals [URL] hallomy preng bapak ojek [URL],None,0
Sat Feb 08 20:55:13 +0000 2025,2,ica kane body goals banget idaman garangan [URL] [URL],None,0
Sat Feb 15 08:23:04 +0000 2025,80,sudahkah kamu olahraga hari yuk semangat tercapai body goals [URL],None,0
Sat Feb 15 15:22:15 +0000 2025,5,pas kemaren test cpns ambil kemenkes semua peserta ceweknya jelek mukanya influencer semua cantik body goals makeup nya kece badai pinter,None,0
Sat Feb 17 06:30:29 +0000 2024,4057,hatihati bnyk banget masuk rs gara telat makan padahal tubuh ngasih tanda pusing lemes mual berkesudahan muntah makan nyeri perut terus peringatan makanya kalau lapar sebaiknya hentikan aktivitasmu lalu makan jgn ditunda,None,0
Sat Feb 22 03:05:55 +0000 2025,3,pengen ngegym pengen punya body goals pengen clear skin aaaaa bismillah yok,None,0
Sat Feb 22 03:48:13 +0000 2025,4,usahakan body goals [URL],None,0
Sat Feb 22 03:51:39 +0000 2025,0,finally hari kucingku mau makan dipaksa hari mau makan sendiri kasian tiap abis makan muntah terus,None,0
Sat Feb 22 04:19:47 +0000 2025,138,semangat mengejar body goals ituwkwk memotivasi diri sendiri [URL],None,0
Sat Feb 22 08:34:51 +0000 2025,0,repost from dkksemarang punya badan ideal siapa sih manfaat menjaga berat badan menunjang rasa percaya diri kesehatan tubuh lebih terjaga memiliki tubuh ideal bukan berarti punya badan kurus berat badan berlebihan memang [URL],None,0
Sat Feb 22 10:50:21 +0000 2025,0,gaperlu gym kaya kamu badannya body goals cacingen,None,0
Sat Feb 22 11:40:14 +0000 2025,188,real vs ai mending mana usahakan body goals [URL],None,0
Sat Feb 22 12:29:37 +0000 2025,4336,termasuk body goals sih [URL],None,0
Sat Feb 22 15:01:26 +0000 2025,38,hiyyih body goals omg [URL],None,0
Sat Jan 11 09:30:10 +0000 2025,1,kcg kittenku bulan blm kilogram tiap slsi makan minum asi selang jam selalu muntahin makanan dibarengi pup cair perutnya buncit diobati apa mau vet blm biaya,None,0
Sat Jan 18 02:04:03 +0000 2025,170,dsinathrya mendingan usah makan gratis anggaran mending bwt perbaiki sekolah perbaikan kualitas guru dipaksa makan gratis tar anak bilang makannya enak ditabok deddy corbuzier,None,0
Sat Jan 25 10:55:08 +0000 2025,2,jog resolusi body goals kalau mau partner pt gym tau alat koment area concat,None,0
Sat Jul 06 17:07:32 +0000 2024,0,sebel bangettt kan tadi pura pura tidur pas nyokap buka kamar taunya bokap ama nyokap abis pesen makan terus ngajak makan bareng apasih kan mauuu sumpah nyesel,None,0
Sat Jul 13 04:48:29 +0000 2024,1,dah macam bulimia nih semua hat makan keluaq balik bukan bulimia nahhh gastric dok batuk pulun sangat habis muntah semua,None,0
Sat Jun 10 10:52:00 +0000 2023,5,foto seiring bakat bermusiknya jennie blackpink kini disoroti netizen aksinya serial the idol punya body goals apa tips sehat ala jennie [URL],None,0
Sat Mar 01 03:37:43 +0000 2025,1,pre ramadhan binge eating sahabat,None,0
Sat Mar 08 11:51:46 +0000 2025,1,seminggu puasa berasa kurus banget,None,0
Sat Mar 15 04:49:53 +0000 2025,183,selfcare tindakan merawat diri fisik emosional mental menjaga pola makan tidur cukup berolahraga contoh sederhana perawatan diri fisik,None,0
Sat Mar 22 02:09:39 +0000 2025,0,sih ngasih solusi lebih baik bagaimana kalau harga beras naik apa bakalan disuruh kurangi makan,None,0
Sat May 04 23:13:40 +0000 2024,4504,tanyakanrl bilang kurus gt dibilang gemukberisi salah memang benernya wanita tulang rusuk bengkok dipaksa lurus patah kl dilurusin yaa bakalan bengkok terus,None,0
Sat May 22 22:57:51 +0000 2021,187,akhirnya sekarang makan takut berat badan naik jadi insecure deh buat kalian mau coba tips checkout sini yaa [URL],None,0
Sat May 25 10:51:36 +0000 2024,1,kalian kalau gugupovt perutnya sakit merinding terus perutnya enak gitu lapar mual makannya kalau lapar langsung makan kepikiran apaapa kalau kepikiran hadi susah makan,None,0
Sat Nov 09 09:03:34 +0000 2024,3,memenuhi kebutuhan harian tubuh kalori diet alami perlu diperhatikan asupan kalori harian kebutuhan kalori orang berbedabeda tergantung usia jenis kelamin aktivitas fisik kondisi kesehatan keseluruhan misalnya wanita,None,0
Sat Nov 09 09:03:35 +0000 2024,3,kebutuhan kalori harian bertambah berkurang tergantung aktivitas fisik lakukan seharihari sebaiknya melebihi kebutuhan kalori harian bila menurunkan berat badan alami bila mengonsumsi kalori melebihi,None,0
Sat Nov 13 05:18:51 +0000 2021,7,atta halilintar punya cerita soal perasaan insecure soal berat badan ceritanya [URL],None,0
Sat Nov 13 06:48:10 +0000 2021,0,atta halilintar punya cerita soal perasaan insecure soal berat badan ceritanya [URL],None,0
Sat Nov 13 07:10:45 +0000 2021,1,atta halilintar punya cerita soal perasaan insecure soal berat badan ceritanya [URL],None,0
Sat Nov 23 04:00:05 +0000 2019,0,pelangsing fenomenal tahun menggunakan sliming candy chitin chitosan tepat membantu kamu menurunkan berat badan mudah diet berolahraga menjadikan penampilan kamu lebih ideal langsing bebas perut buncit lemak berlebih [URL],None,0
Sat Nov 23 17:00:40 +0000 2024,0,mau sharing si ttg yoga amp poundfit kalau poundfit olahraga cardio hiit lebih banyak bakar kalori dibanding yoga bikin ngos an hr tinggi smpe an seru teriak having fun with music kalau yoga olahraga buat otot ngebentuk otot lah,None,0
Sat Nov 25 12:49:52 +0000 2023,1,suka ngerasa insecure sama badan sendiri ngerasa gendut ternyata kelebihan berat badan cuma bikin insecure menyebabkan banyak penyakit makanya mimin mulai menjalani gaya hidup sehat salah satunya menjaga pola makan dulu tuh susah cari makanan [URL],None,0
Sat Oct 01 09:57:13 +0000 2022,4,selebritis putri marino beberapa kali membagikan momen olahraganya instagram kerap dipuji lantaran punya body goals begini potretnya [URL],None,0
Sat Oct 26 13:29:30 +0000 2019,174,buat beberapa orang menjadi kurus memahat gunung bromo susah dilakukan bahkan mustahil makanya jangan diet diet berat dilan inikita,None,0
Sat Sep 07 10:50:23 +0000 2024,6,kamu suka jadi kurus ideal semok gemoy,None,0
Sat Sep 10 14:25:16 +0000 2022,32,memiliki penampilan menawan meski mempunyai anak heran nikita willy kerap jadi sorotan fotonya barubaru dibagikan [URL],None,0
Sat Sep 14 13:43:12 +0000 2024,0,muntahin makanan lu makan kaum miskin chik,None,0
Sat Sep 30 13:52:37 +0000 2023,323,emotional eating merujuk amalan makan berlebihan terkawal respons emosi tekanan bukan kerana keperluan fizikal sering berlaku apabila seseorang cuba mengatasi emosi negatif makanan,None,0
Sun Apr 07 13:16:03 +0000 2024,0,bagaimana cara mengatasi rasa bersalah makan makanan sehat makan sembarangan,None,0
Sun Apr 09 01:50:00 +0000 2023,6,samping metode parentingnya body goals ala nikita willy kerap menuai perhatian netizen balik tubuh fitnya begini rutinitas sosok ibu anak [URL],None,0
Sun Apr 09 13:42:11 +0000 2023,4,kacangkoa tanyarlfes eating disorder kak gangguan makan ed kebagi macem jenis paling umum restricting eating mmbatasi mkn scr ekstrem hasilnya anoreksia bulimia makan banyak dimuntahin trakhir binge eating makan terkontrol jmlh bnyak cmiiw,None,0
Sun Apr 16 23:19:00 +0000 2023,5,kylie jenner kerap menjadi sorotan tubuhnya selalu tampak sehat bugar apa sih rahasia balik body goals kylie [URL],None,0
Sun Apr 17 08:08:17 +0000 2022,2,hahahahahahaha babi lawak lah cringe gila woi insecure pasal berat badan pi la exercise,None,0
Sun Aug 02 14:39:34 +0000 2020,0,motivasi diet langsing lebih mudah beribadah lebih sehat amp aktif lebih mudah cari ukuran baju penampilan lebih menarik lebih percaya diri nafas ngosan lainnya yuxguysss tulis komentar,None,0
Sun Aug 15 05:56:55 +0000 2021,193,kena buat nak kurus calorie deficit waktu makan betul kali sehari keep hidration cukup rehattidur avoid garam gula goreng exercise kali seminggu rt amp follow for more diet tips,None,0
Sun Aug 23 12:18:01 +0000 2020,0,motivasi diet alasan langsing lebih percaya diri lebih sehat aktif penampilan lebih menarik lebih mudah cari ukuran baju mau menikah lanjutkan alasan bebs,None,0
Sun Aug 28 10:51:59 +0000 2022,15,mikha tambayong aktif membagikan pola hidup sehatnya melalui instagram pribadinya sering melakukan olahraga hingga memilih diet karbo [URL],None,0
Sun Dec 06 15:51:57 +0000 2020,1,pede pede pamer badannya naik sekilo panik gak papa orang idup kan punya dinamika masing sih pedean insecure sama berat badan and am w that jaga kesehatan bonus gausa beli beli baju ukuran baru,None,0
Sun Dec 11 03:26:06 +0000 2022,269,fenomena mana makan bukan kerana lapar makan kerana trigger emosi majoriti emosi trigger benda nih ialah emosi dikategori ve mcm sedih kecewa risau bosan amp sebagainya lebih tinggi risiko orang jenis jaga makan or berdiet,None,0
Sun Dec 11 04:15:49 +0000 2022,756,dok mau gemukin badan dok mau ngurusin badan awalan belajar apa kalau rumah pendapat belajar squat dulu olahraga dilakukan rumah bakar cukup banyak kalori melatih banyak muscle group squat variasi gerakannya banyak,None,0
Sun Dec 11 09:20:01 +0000 2022,5,menjadi artis kerap disorot publik membuat park shin hye memperhatikan penampilannya tetap body goals melakukan diet ekstrem diet mentimun [URL],None,0
Sun Dec 22 06:45:34 +0000 2024,0,bukannya takut gendut emg makanku sedikit,None,0
Sun Dec 29 11:49:36 +0000 2024,8,resolusi pengen kurus ideal,None,0
Sun Feb 02 05:39:45 +0000 2025,0,kdrt lapar dipaksa makan apa anti lapor komnas perlindungan lelaki,None,0
Sun Feb 02 13:22:04 +0000 2025,1,sebulan kkn yuk makin pulen body goals [URL],None,0
Sun Feb 05 07:37:08 +0000 2023,3,mempunyai tubuh ramping sehat bugar menjadi impian banyak wanita luar sana mikha tambayong jadi salah satu artis memiliki tubuh idaman sehat [URL],None,0
Sun Feb 09 02:52:28 +0000 2025,1,hi rekomendasi app buat itung kalori harianmakanan buat diettt enak kalau oot akuuu hapusss,None,0
Sun Feb 09 03:05:48 +0000 2025,170,nu gym squad debluelight achieve body goals ituh [URL],None,0
Sun Feb 09 05:50:36 +0000 2025,0,jujur cwo lebih suka cwe gendut tobrut kurus ideal [URL],None,0
Sun Feb 09 14:28:44 +0000 2025,40,ica kane body goals banget idaman garangan [URL] [URL] [URL] [URL] [URL] [URL] [URL],None,0
Sun Feb 16 02:28:58 +0000 2025,2,baca au daniel kaia bikin mual rasanya mau muntahin makanan pagi jni orang egonya gede banget daniel suka mainnya egois sukanya ngelawan bad thing with bad thing ketemu sama kaia egois suka guilt trip,None,0
Sun Feb 16 11:54:40 +0000 2025,353,moqeel nih body goals cocok banget plizzz ane kwaaattddd [URL],None,0
Sun Feb 23 01:45:15 +0000 2025,2,kejar santai setoran body goals ‍️ [URL],None,0
Sun Feb 23 07:55:59 +0000 2025,0,kekurangan tidur menyebabkan peningkatan ghrelin penurunan leptin membuat seseorang merasa lebih lapar cenderung mengonsumsi makanan tinggi kalori terkait stres kelelahan emosional mendorong makan emosional,None,0
Sun Feb 23 08:11:14 +0000 2025,5,thisnotflag asli temen kemaren post gitu kirain beneran badan cuy soalnya memang baru melahirkan mungkin secepat balik badan keadaan normal langsung body goals ternyata pas baca komen pake ai,None,0
Sun Feb 23 10:29:57 +0000 2025,1,repost from dkksemarang punya badan ideal siapa sih manfaat menjaga berat badan menunjang rasa percaya diri kesehatan tubuh lebih terjaga memiliki tubuh ideal bukan berarti punya badan kurus berat badan berlebihan memang [URL],None,0
Sun Feb 23 12:37:31 +0000 2025,444,perhatikan kalau kamu sering telat makan jangka panjang amp mulai ngalamin nyeri perut hebat mual berkesudahan muntah makan nyeri dada makan feses hitam legam berat badan turun drastis jelas hatihati jangan diabaikan segera periksa,None,0
Sun Feb 23 23:04:32 +0000 2025,0,kapan badan se yeji my body goals banget nih,None,0
Sun Jan 07 16:19:11 +0000 2024,1,losing weight is easy its maintaining part thats hard dah achieve weight goal mkn mcm nih orang makanan asasi memang nasi diet ganti nasi nih sustainable we always advise to reduce portion bukan ganti jalan susah memang takde nak dgr,None,0
Sun Jan 26 13:29:57 +0000 2025,1,usahakan body goals,None,0
Sun Jan 28 12:22:20 +0000 2024,0,jadi inget waktu proyek semarang kemarin bongkar bunker jaman belanda septictank mall pas bongkar bunker keluar jurig pas bongkar septiptank kuli semuanya turun kagak makan hari sekali makan orang anoreksia dimuntahin,None,0
Sun Jul 14 13:42:15 +0000 2024,0,ekonomi momen anying banget ujian ekonomi remed aneh soalnya bahkan ngerasa gampang banget ngerjain soal cara ngasih tau remed cara telfon diundang rumah disajiin makan terus remednya disuruh bikin ppt rangkuman materi semester,None,0
Sun Jul 25 08:02:39 +0000 2021,0,motivasi diet langsing lebih percaya diri lebih mudah beribadah lebih mudah cari ukuran baju lebih sehat aktif penampilan lebih menarik lainnya tulis dikomentar semangat day peserta kelas dietku,None,0
Sun Jul 26 14:03:38 +0000 2020,1,motivasi diet langsing lebih percaya diri lebih mudah beribadah lebih mudah cari ukuran baju lebih sehat aktif penampilan lebih menarik lainnya tulis komentar,None,0
Sun Jul 28 01:02:42 +0000 2019,1697,serius nanya cewek takut gendut padahal gendut kan gemesin,None,0
Sun Jul 30 02:47:26 +0000 2023,48,op baekhyun ah bingsu susu kalorinya b sbntr cek kalorinya typing sopan gemes bkn yo yot kynya op diet kl makan sharing gak papa cm kalori eyy kl sih gapapa hehe kl stlh makan bilang i ate well ngefek kok dietnya bikin gendut,None,0
Sun Jun 02 20:44:24 +0000 2024,0,begadang berpengaruh nyata perilaku binge eating pls butuh kajiannya,B,1
Sun Jun 05 12:54:32 +0000 2022,399,bnyk banget masuk rs gara telat makan kaya gini padahal tubuh ngasih tanda pusing lemes mual berkesudahan muntah makan nyeri perut terus lapar sebaiknya hentikan semua aktivitas lalu makan jgn ditunda peringatan,None,0
Sun Mar 02 22:15:41 +0000 2025,122,malam lapar lepas tarawih apa patut makan ambil snack sihat greek yogurt amp buah elak makanan berat tinggi kalori jangan terus tidur lepas makan masa hadam pastikan berbuka makanan seimbang repost amp follow tips kurus hari,None,0
Sun Mar 09 12:43:01 +0000 2025,80,diet seruan sekarang fase lebih happy ngejalaninnya tetep konsisten disiplin tetap dengerin tubuh sendiri kalian fase berapa nih semangat terus yaa olahraganya yosh [URL],None,0
Sun Mar 09 15:39:40 +0000 2025,3660,sefruitmanusia defisit kalori kurangin gula garem muka bloated kardio jalan biasa hari menit mewing hari rutin mewing instan semua disiplin kalau nanya diet bingung berarti diet lu salah,None,0
Sun Mar 16 04:24:51 +0000 2025,1,ngapa orangorang takut gendut sih,None,0
Sun Mar 16 18:48:27 +0000 2025,2,rek serius nanya obat jerawat mempan apaan sender uda sering banget coba dri bhn natural bnyk makan tomat jaga pola makan sender sering jerawatan bbrpa area wajah doang kambuhnya saran dong please,None,0
Sun Mar 31 16:10:10 +0000 2024,2769,gerakan senaman bakar kalori jumping jacks squats high knees lunges min march min wall sit seates dips crunches push up buat all bakar kalori bleh rest second between exercise rt amp follow more tips kurus,None,0
Sun May 19 08:52:11 +0000 2024,1,diabetes engga peduli bentuk tubuh mau kurus mau berisi mau ideal usia otot otomatis menciut sebanyak [URL],None,0
Sun May 26 00:43:14 +0000 2024,6,tanyarl segini tuh itungannya kurus ideal si [URL],None,0
Sun Nov 14 14:22:02 +0000 2021,0,atta halilintar pernah insecure punya berat badan bawah kilogram [URL],None,0
Sun Nov 20 02:55:10 +0000 2016,369,makanan kurang kalori kedai mamak capati capati dhal kal roti canai dhal kal tipskurus healthylifestyle [URL],None,0
Sun Oct 08 02:23:22 +0000 2023,0,sdnarm betul pak fungsi olahraga pembentuk badanmenaikan masa otot penelitian turun berat badan defisit kalori kalau makan surplus kalori berat badan turun olahraga berperan sedikit defkal capek abis larilari pagi [URL],None,0
Sun Oct 13 08:21:00 +0000 2024,2126,keringat bukan jumlah kalori keluar keringat mekanisme tubuh stabilkan suhu inti tubuh kalori keluar melalui energi dikeluarkan via kontraksi otot kalau keringat kalori kamu deket api unggung tahun,None,0
Sun Oct 23 08:57:08 +0000 2022,5,model pemeran badarawuhi kkn desa penari aulia sarah kerap menuai pujian lantaran punya body goals rahasia balik body fit energiknya [URL],None,0
Sun Sep 29 03:12:33 +0000 2024,7,diet kalian konsul ahli gizi buat program defkal konsul siapa saran pengen konsul ahli gizi buat dibuatkan meal plan sesuai kondisi tubuh blm tau nyoba,None,0
Thu Aug 01 02:42:55 +0000 2024,0,tahap kedua sering muntah badan sempoyongan kecemasan mulai timbul nafsu makan menurun berat badan menurun emosional naik turun tenggorokan sakit mulut pahit asam nyeri diperut,None,0
Thu Aug 24 15:06:09 +0000 2023,0,olahraga alasannya bakar kalori padahal pengen bakar memori,None,0
Thu Aug 29 08:53:47 +0000 2024,5,jadi keinget dulu pas sd katolik waktu main dirumah sama tementemen segang orang islam makan dirumah pake semur daging sapi dimasak mbak islam hari kedua temen disurub muntahin makanan dah dimakan dirumah,None,0
Thu Dec 02 13:55:57 +0000 2021,1688,jenis exercise bantu bakar kalori lebih cepat mountain climb sec push up sec squat sec plank sec leg raises sec buat set rest sec set rest nih bergantung rt amp follow tips diet hari,None,0
Thu Dec 26 10:43:32 +0000 2024,8,garagara jadi kepikiran keluarga kecil harvard zerlyn isinya soft spoken semua damai sejahtera berantemnya cuma beda selera mau makan apa habis salah satu langsung ngalah terus makan bareng meja makan terus penutupnya es krim coklat,None,0
Thu Feb 06 00:22:31 +0000 2025,0,mana dulu terlampau kurus bulking badannya jadi ideal banget shouldernya sepanjang cm kebantu bulking [URL],None,0
Thu Feb 06 09:37:46 +0000 2025,4,nyegah diselingkuhin sih mau cantik ganteng kaya nemenin sukses body goals tetep chance diselingkuhun naikin value diri jadi kalau amit diselingkuhin ngenes kaya ci agnes tinggal cari wong banyak antri haha,None,0
Thu Feb 13 06:11:10 +0000 2025,0,body goals banget,None,0
Thu Feb 13 06:23:07 +0000 2025,0,shenina definisi body goals buat ciwiks jdi ibu macam,None,0
Thu Feb 13 08:20:57 +0000 2025,219,langsung berharap body goals modal workout detik doang [URL],None,0
Thu Feb 13 10:47:09 +0000 2025,0,makan nafsu kepikiran terus,None,0
Thu Feb 13 16:26:37 +0000 2025,0,yourneedsco menarik jerawat pelipis ternyata bukan cuma soal makanan jadi sinyal stres kebiasaan makan emosional jadi menjaga pola makan penting buat mengelola stres baik,None,0
Thu Feb 16 22:55:45 +0000 2023,4,pesonanya deretan artis dinilai hot mama penampilan sering disebut body goals netizen [URL],None,0
Thu Feb 20 01:15:33 +0000 2025,1,hasilnya ️⃣ fruktosa jumlah isokalorik menambah total kalori harian menyebabkan fatty liver ️⃣ fruktosa jumlah hiperkalorik kelebihan berpotensi meningkatkan fatty liver efek mungkin disebabkan kelebihan kalorinya bukan fruktosa,None,0
Thu Feb 20 05:04:06 +0000 2025,0,satu kucing kitten usia bulan akhir memang suka muntah sih muntahnya tuh hair ball pokoknya bulunya gt terus muntahin rumput tapiii tadi pagi tibatiba muntahin makanan amp satu cacing pita aslii serem banget akhirnya td pagi kasih,None,0
Thu Feb 20 17:25:46 +0000 2025,0,sigoblok muntahin makanan seharian pantesan enak bener tidur jam taunya sekarang jackpot,None,0
Thu Feb 27 02:04:25 +0000 2025,0,usahakan body goals abis lebaran,None,0
Thu Feb 27 02:55:31 +0000 2025,0,cek healthy republic bumbu marinasi serba rendah kalori rendah lemak spices gram harga rp dapatkan shopee sekarang [URL] [URL],None,0
Thu Feb 27 02:59:11 +0000 2025,0,cek snack buah strawberry kering freeze dried strawberry cemilan sehat strawberry kering cemilan snack diet rendah kalori dried freeze whole strawberry harga rp dapatkan shopee sekarang [URL] [URL],None,0
Thu Feb 27 13:02:27 +0000 2025,0,takut kok sama gendut takut sama tuhan,None,0
Thu Jan 02 07:09:49 +0000 2025,0,benarkah diet keto efektif mengontrol gula darah penderita diabetes tipe [URL] businessloungejournal entrepreneur entrepreneurship management marketing marketingstrategy quotes healthylifestyle health diabetes diabetesawareness ketogenic [URL],None,0
Thu Jan 03 13:15:15 +0000 2019,147,nctzh fokus nyetir lapar makan yuk ah mlm diet heleh mnt kemudian burger nasi padang nasi padang hehe makanya gausah sok diet suka kamu kayak gini gemes blg nya gemes mukanya datar gt kan fokus nyetir sayang [URL],None,0
Thu Jan 16 13:42:24 +0000 2025,0,anoreksia sering disamakan bulimia beberapa perilakunya mirip memuntahkan makanan [URL],None,0
Thu Jan 18 07:22:27 +0000 2024,787,chrbenito baca penyebabnya pengolahan konsumsi berlebihan jeroan banyak vitamin penumpukan beberapa jenis vitamin justru baik contohnya kelebihan vitamin a justru buat mual muntah sakit kepala diare,None,0
Thu Jan 23 04:05:11 +0000 2025,4,investasi fix buat kesehatan body goals im cominggggg,D,1
Thu Jan 25 15:40:49 +0000 2024,0,orang tua pasien mengeluhkan pasien sulit tidur maupun gelisah malam hari beberapa kasus pasien memiliki keluhan tambahan anoreksia penurunan berat badan nyeri perut mual muntah diare,None,0
Thu Jan 30 03:56:47 +0000 2025,6,makin berumur makin lebih perhatiin diri sendiri salah satunya merawat kesehatan mulai asupan makanan olah raga salah satu kebiasaan baru jajan swalayan cek nutrition fact kemasan kudu detail pelototin bagian kalori gula amp garam cont,None,0
Thu Jan 30 06:09:24 +0000 2025,1,sederhana bikin badan amp pikiran jauh lebih fresh rajin dilakukan dapetin body goals idaman tahun sih mau kan tutorial langsung fitness coach terthe best dede haris crtvkly crtvklyvid fimelaupdate fitness workouttutorial [URL],None,0
Thu Jan 30 15:58:13 +0000 2025,21,habis liburan panjang jadi rame banget nih mana tadi mas² tinggi badannya bentuk body goals banget [URL],None,0
Thu Jul 08 07:46:59 +0000 2021,9,prnah ngerasa insecure sama berat badan,None,0
Thu Jul 11 11:14:19 +0000 2024,0,habiss muntahin makanan enak,None,0
Thu Jul 22 07:54:39 +0000 2021,11,memiliki wajah cantik tubuh ideal heran ariel tatum banyak diidolakan ternyata memperoleh penampilan ariel tatum rutin melakukan yoga [URL],None,0
Thu Jul 23 11:00:13 +0000 2020,2254,jadi jelas bercanda bilang kali makan kemungkinan tersedak sesak meninggal baru terjadi kemarin gumoh muntah makan hiro tampak wajahnya biasa jelas kan ekspresi om tante,None,0
Thu Jun 01 03:53:44 +0000 2023,1,ngelarang doang ngasih solusi lagian semua orang sakit diabet penyakit perlu diet life style modification kalau orangnya anoreksia gamau makan dikasih makanan katanya sehat bagaimana mau dibiarin mati kelaperan orangnya,None,0
Thu Jun 02 04:03:31 +0000 2022,668,iya bahaya lapar hentikan semua aktivitas lalu makan jgn ditunda pola makan g teratur akibat telatnunda makan bikin stres lambung amp stabilitas gula darah risiko kena penyakit lambung amp diabetes meningkat bnyk banget masuk rs gara telat makan hati,None,0
Thu Jun 06 13:52:50 +0000 2019,291,jawaban kalian kurus ttp ngerasa badan kalian jelek kalian bukan gendut bukan cuma terbentuk jadi kalau kurus merasa buncit coba terapin pola latihan idup sehat gaperlu diet diet,None,0
Thu Jun 15 06:51:25 +0000 2023,0,sahabat prodia siapa sering merasa insecure berat badan simak tips lebih mindful melangkahlebihjauh [URL],None,0
Thu Jun 18 04:14:42 +0000 2020,45,cinta laura terkenal gaya hidup sehatnya cinta suka melahap menu berbasis sayuran protein yuk intip pola makan sehatnya polamakan via detikfood [URL],None,0
Thu Jun 27 11:18:07 +0000 2013,2,pola makan anak jadi sehat terangterangan disuruh diet [URL] via detikhealth,None,0
Thu Jun 30 15:02:11 +0000 2022,1,rek insecure banget cewe ngoroknya buanter jane ngorok iku berat badan struktur gigi faktor genetik sih,None,0
Thu Mar 02 13:58:41 +0000 2017,93,pertama total daily energy expenditure tdee kalori gunakan per hari diambil kira sekali bersenam,None,0
Thu Mar 02 14:29:44 +0000 2017,80,apa strategi nya pertama jumlah kalori masuk badan per hari mestilah lebih banyak jumlah kalori dibakar tdee,None,0
Thu Mar 13 00:16:00 +0000 2025,7,tanyakanrl kejadian pas sma kalau salah wkt mampir temanggung nah lewatin hutan gelap banget lihat gatau ky makhluk kecil nemplok ujung mobil sblmnya tdr pusing banget terus itupun tbtb kebangun badan rasanya berat stlh lihat ky pgn muntah makin pusing,None,0
Thu Mar 13 12:18:55 +0000 2025,2,lveisyou ikanya kurus banget,None,0
Thu Mar 13 18:33:54 +0000 2025,34,womanfeedsid double cleansing tiap hari kali sehari walaupun pake makeup pake skincare kandungan salicylic acid kalau sih fw cosrx merah masker kandungan mugwort jgn lupa rajin minum air putih jaga pola makan pola hidup sama hindari terlalu stress dibawa happy,None,0
Thu Mar 17 06:47:28 +0000 2022,5,seorang artis ariel tatum memperhatikan penampilan fisiknya ternyata pola makan jalani mendapat berat badan ideal [URL],None,0
Thu Mar 20 00:42:51 +0000 2025,32,cananmelia kak saranin jaga pola makan pola hidup perawatan daerah berambut ketiak kemaluan pakai sabun antibakteri lulur body scrub persepirex deodorant pakai body butter ditimpa minyak wangi,None,0
Thu May 16 04:05:01 +0000 2024,0,suami diet keto bulan mukanya jadi bocil tambah cerah ganteng banget tuhan memberikanku laki jaga badan memberikannya istri pemalas,D,1
Thu May 20 13:20:10 +0000 2021,0,insecure sama fisik tuh pernah insecure sama jerawat berat badan or semacamnya insecure sama mutlaksusah diubah contoh tinggi hidung warna mata gitu mutlak susah ubah,None,0
Thu Nov 07 10:42:46 +0000 2024,5,daya beli memamg sedang turun rispek sama fnb bertahan sekuatnya jualan bertahan bukan jual makanan basi habis muntahin pempek,None,0
Thu Nov 07 10:58:22 +0000 2024,0,sering merasa bersalah makan snack favorit baca nih cek link bio dailymeals mealprep lezat low kalori caradiet resepsehat tipsdiet paduandiet buahbuahan serat tipsolahragakurus tipskurus kesehatan faktadiet dagingmarinasi kalori [URL],None,0
Thu Nov 14 10:16:07 +0000 2024,0,siap memulai petualangan hidup sehat bersama vitacimin meal plan menanti nih membantu menjaga asupan nutrisi harian tambahan vitamin c vitacimin [URL],None,0
Thu Nov 18 15:31:34 +0000 2021,6,adele merasa insecure berat badan turun kilogram [URL] tempocantik,None,0
Thu Nov 28 13:14:58 +0000 2024,0,diet guys kalian pernah diet konsul dokter gizi review dong rekomen kalian dikasih meal planwo plan,D,1
Thu Nov 28 20:08:54 +0000 2024,2,memperoleh berat badan ideal stabil tahan lama disarankan melakukan diet cara mengurangi asupan kalori berlebihan idealnya diet sehat dilakukan mengurangi kalori kebutuhan kalori harian tubuh,None,0
Thu Oct 15 11:24:45 +0000 2020,66,diet jepang diyakini membantu menurunkan berat badan cepat apabila dilakukan disiplin apa dietjepang via wolipop [URL],None,0
Thu Sep 05 01:50:27 +0000 2024,0,bener baiknya jaga pola makan turut berduka nder semoga kamu sehat sehat selalu jangan lupa jaga pola makan nder jarena memang benul penyakit tersebut sangat riskan dampaknya mana plus ceprt banget,None,0
Thu Sep 12 10:31:05 +0000 2024,9,makan sekali sehari dianggap tindakan abnormal disertai gejala gangguan makan perasaan cemas berlebihan makanan berat badan penampilan tubuh gangguan makan anoreksia nervosa gangguan makan berlebihan sering,None,0
Thu Sep 12 14:42:25 +0000 2019,0,diet sehat mahal tubuh lebih langsing hari madu diet aththoifah harga rp termasuk ongkir madu diet ath thoifah merupakan madu murni pilihan diformulasikan [URL],None,0
Thu Sep 19 17:33:26 +0000 2024,1,ngopi sendiri rumah malah bagus bonding sama keluarga olahraga mesti sifatnya langganan beli mobil kalau memang butuh disesuaikan sama kondisi keuangan makan kalau masak sendiri meal planmeal prep lebih murah,None,0
Thu Sep 22 23:25:03 +0000 2016,0,disiplin diet ketat dikenalkan era wenger [URL],None,0
Thu Sep 24 02:40:41 +0000 2020,0,work baru pertama kali dapet undangan interview beberapa hari nafsu makan sama stress kepikiran terus bawaannya gabisa tidur lemes,None,0
Tue Apr 02 13:54:18 +0000 2024,3037,foodfess maaf bukan mau jadi party pooper mau ngingetin kalau kalorinya nyarin alias kalorinya lebih banyak kalian makan nasi centong ayam bakar sepotong tempe goreng sama bening bayam secentong jadi kalau makan buat camilan,None,0
Tue Apr 04 08:41:22 +0000 2023,0,diethingy makan mah makan asal jgn tiap hari nasinya jangan dihabisin jangan pernah merasa bersalah makan melanggar diet,None,0
Tue Apr 04 20:39:09 +0000 2023,0,inget banget jaman insecure naik berat badan kilogram hit tahun sekarang naik kilogram hit tahun anggap berat badan umur nambah jadi issue [URL],None,0
Tue Apr 11 21:43:29 +0000 2023,0,apapun ituuu bang pantaji tetep sayang sama bang hwiii jangan insecure berat badan nambah tetep ganteng pooolll,None,0
Tue Apr 18 12:41:13 +0000 2023,0,sialan habis makan terus scroll pin buat cari game malah ketemu mau muntahin semua makanan jadinya [URL],None,0
Tue Apr 27 15:45:16 +0000 2021,0,orang memandang sebelah mata fisik katanya terlalu gemuk katanya terlalu kurus katanya terlalu tinggi katanya terlalu pendek katanya banyak jerawat sedihtidk dihargai pnya fisik sesuai standar mrkatapi tetap bangga dri sendiriaku,None,0
Tue Aug 15 11:40:29 +0000 2023,0,kucing muntahin makanan fia makan tuh,None,0
Tue Dec 03 11:49:33 +0000 2024,1,semua orang mulai give attention sama daily steps sangat membantu metabolisme kesehatan kebugaran jaga pola makan [URL],None,0
Tue Dec 06 07:23:57 +0000 2022,51,diet sender makan nasi padang bulan diet seneng ngerasa bersalah sender nasinya proteinnya sender ambil telur dadar sama ayam bakar sayurnya ternyata dikasih sayur nangka sama sayur ubi sambelnya sender makan semua cont [URL],None,0
Tue Dec 08 20:37:10 +0000 2020,0,hancur hati lihat ketiga kalinya masuk rumah sakit kamu pimiu ayoo dong istirahat jangan terlalu berat kerjanya kamu kurus banget nangissss mana katanya gejala usus buntu allah [URL],None,0
Tue Dec 10 03:44:24 +0000 2024,2,kendaraan aman penginapan booked meal plan pakaian selesai dipack spot wisata dilist sejam jalan tibatiba cancelki ananaka kodong allah,None,0
Tue Dec 31 06:47:40 +0000 2024,1,hi guys tahun menjadi lebih baik mengajak kalian buat drill for wellness bersamasama mengukur kalori aktivitas harian its totally free mau sendiri lihat progres masingmasing,None,0
Tue Dec 31 13:59:00 +0000 2024,2,pantesan badan kurus banget waktu scene hidden love soal insecure sama berat badan nangis nada suaranya kaya real banget,None,0
Tue Feb 04 03:19:19 +0000 2025,7,apralzolam mau sekali dipaksa makan,None,0
Tue Feb 04 04:30:08 +0000 2025,19,ubur ubur ikan lele body goals nih le [URL],None,0
Tue Feb 04 11:37:28 +0000 2025,15,tadi jadinya masak tumis telor tomat hehe buat makan siang pagi masi leha leha wkwk besok pengen buat soalnya masakan selalu comforting maap yh tampilannya estetik lapar banget soalnya [URL],None,0
Tue Feb 04 14:23:41 +0000 2025,0,nafsu makan kepikiran terus,None,0
Tue Feb 04 19:01:45 +0000 2025,3,banyak duit kurus banyak uang langsing banyak cuan ideal kaya pulen,None,0
Tue Feb 11 02:27:41 +0000 2025,1,penghematan ekstrim ala prabowo sangat mengkhawatirkan analogikan diet manusia diet tepat menyehatkan dietnya ekstrim menyebabkan anoreksia kurus kering kerontang,None,0
Tue Feb 11 11:28:50 +0000 2025,0,jarang insecure sama berat badan selalu insecure sama tinggi badan kayak normal disebut laki pendek banget,None,0
Tue Feb 11 11:32:12 +0000 2025,1,shyshypurple merekomendasikan diet ekstrim omad asupan kalori harian bakal sangat kurang bmr normalnya sih pembatasan kalori defkal latihan beban buat program fat loss asupan kalori harian kurang tdee amp lebih bmr,None,0
Tue Feb 18 03:29:35 +0000 2020,529,suka gila main skipping penat berbaloi banyak kalori rentung kena bakar pernah lagilah melompat sejam biasanya min lebih kurang kalori terbakar dah rasa perbezaannya especially inchloss berat kilogram [URL],None,0
Tue Feb 18 12:36:27 +0000 2025,15,ohmybeautybank bikin keliatan tinggi body goals ahahahah [URL],None,0
Tue Feb 18 13:34:59 +0000 2025,12,meowntf body goals banget njirrr,None,0
Tue Feb 21 09:07:15 +0000 2023,0,pas beli makan ngerasa bersalah makan yaa kok dipikir besok makan apa yaa duit abis apa refund dalem perut,None,0
Tue Feb 25 01:04:48 +0000 2025,0,tetangga kasih henna buat tangan gitu ibu bilangnya coklat suruh makan pas makan pahit banget setaaaannnn yaiyalah orang buat tangan malah disuruh makan memang ibu benci tai sekarang muntah muntah banyak [URL],None,0
Tue Feb 25 01:15:55 +0000 2025,0,guys kalian punya gangguan sama nafsu makan,None,0
Tue Feb 25 04:03:37 +0000 2025,1,cek protein cookies forayya g cemilan sehat tinggi protein gluten free rendah kalori harga rp dapatkan shopee sekarang [URL] [URL],None,0
Tue Feb 25 05:09:02 +0000 2025,2,mah salah sendiri kontrol makan ngemil tau banget hormon hamil sangat mempengaruhi balik self control buat makan berlebihan mungkin naik sebanyak kalau kontrol makan mah,None,0
Tue Feb 25 08:53:39 +0000 2025,0,semua body goals masanya,None,0
Tue Feb 25 10:24:55 +0000 2025,3,batal dah lebaran body goals,None,0
Tue Feb 25 12:07:35 +0000 2025,1,body goals banget sih [URL],None,0
Tue Feb 25 12:28:57 +0000 2025,21,tanyarlfes muntah puasanya batal makanminum wajib menahan makan amp minum smpe maghrib wajib mengganti puasa batal tsbut,None,0
Tue Feb 25 14:30:00 +0000 2025,0,body goals banget dah si pansa ginza beauty x ml shiseidogroupthxmilklove,None,0
Tue Feb 25 16:57:25 +0000 2025,6,abis bikin meal plan bingung sahurbuka pake apa,None,0
Tue Feb 25 19:08:41 +0000 2025,0,oi anak pangan siapa punya tips cara mengolah sayur dimakan sama orang benci sayur makan sayur jadi muntah alasan gasuka sayur tekstur baunya aneh gmn cara menghilangkan tsb menghilangkan kandungan gizinya,None,0
Tue Jan 14 12:16:54 +0000 2025,0,makan terus kepikiran indra bekti orangnya mana yak,None,0
Tue Jan 14 16:49:53 +0000 2025,0,toksalah omad intermittent fasting sangat makan jaga nak kuruih kat plkn makan kali sehari it s about portion and healthy diet and exercise okay probably he skipped some meal,None,0
Tue Jan 16 02:51:45 +0000 2024,59,diethingy keluar keringat bukan berarti kalori kamu hilang nder kalaupun berat badan kmu turun cairan ditubuh berkurang kalau keringat jadi indikasih turun kalori orang hiperhidrosis ky mungkin uda anoreksia kali cb nntn ttg fat burn [URL],None,0
Tue Jan 21 12:10:08 +0000 2020,25,barbie kumalasari menunjukkan bentuk tubuhnya kala mengisi acara trans tv tampil busana olahraga ketat kirakira body goals nih [URL],None,0
Tue Jan 21 16:27:50 +0000 2025,0,lu pernah gasi diem tiba² kepikiran makan terus tiba² gigi copot bagaimana coba,None,0
Tue Jan 28 00:54:22 +0000 2025,2,obesitas sedang diet ketat anggur memiliki kalori gula alami tinggi konsumsi berlebihan menambah asupan kalori harian berpotensi menghambat penurunan berat badan,None,0
Tue Jan 28 06:01:49 +0000 2025,3872,jeqish body goals banget [URL],None,0
Tue Jan 28 13:28:38 +0000 2025,342,sebuah percakapan bajunya muat lagiii loh kemaren muat kok gara kamu kasih makan terus sih makanya menggendats dikasih makan sesuai aturan kok x sehari cumacemilannya tiap jam [URL],None,0
Tue Jan 28 14:30:00 +0000 2020,17,sempat minder bentuk badan ideal terlalu kurus ajil merasa berubah apa ceritanya hingga ajil menjadi personal trainer tunggu akudanjakarta kamis cnnindonesia [URL] [URL],None,0
Tue Jan 28 14:50:00 +0000 2025,4,masyarakat jepang dikenal memiliki pola hidup membantu tetap langsung apa budaya warga jepang ditiru [URL],None,0
Tue Jul 09 03:01:36 +0000 2019,0,cieeee susah diet make gamis cie tenang mahya hitam bikin kamu keliatan lebih langsing diet,None,0
Tue Jul 30 08:57:24 +0000 2024,5665,kebiasaan makan buruk amp berisiko kalau keterusan nunda makan pdhl lapar makan tengah malem junkfood tiap hari rebahantidur mam makan keburuterlalu cepet too much karbo emotional eating jam makan berantakan mana sering dilakuin,None,0
Tue Jun 01 04:36:03 +0000 2021,8,i kenal my boyfriend since botak rambut balik and since slalu insecure berat badan dh capai berat ideal and he stays with me masa i breakout i dh heal balik and korang rasa i materialistic,None,0
Tue Jun 06 09:12:24 +0000 2023,10,gained my confidence back thanks to myself selalu semangat konsisten berat badan sehat capek capek insecure ‍ kilogram [URL],None,0
Tue Jun 13 02:28:00 +0000 2023,7,wulan guritno menarik perhatian pemotretan terbarunya pamer perut rata jadi body goals banyak orang potretnya [URL],None,0
Tue Mar 02 03:56:03 +0000 2021,934,nah kamu perlu tahu kebutuhan kalori amp angka bmr tiap orang bedabeda tenang kamu hitung mandiri kok gratis caranya cari tahu disini [URL],None,0
Tue Mar 04 07:45:09 +0000 2025,270,diethingy nasi jahat kamu ganti pake jenis karbo kentang ubi oat beras merah apakek aduh maaf keras nder sehat kamu paham bmr kalori harian kamu,None,0
Tue Mar 11 06:05:09 +0000 2025,7,mbak ariana grande memang diet apa bagaimana kok kurus banget kulitnua kriput,None,0
Tue Mar 11 21:56:16 +0000 2025,0,membantu menurunkan berat badan manfaat talas membantu menurunkan berat badan memiliki kandungan nutrisi sehat rendah kalori serat talas membantu mengurangi nafsu makan mencegah ngemil berlebihan membantu mengendalikan asupan kalori harian,None,0
Tue Mar 12 09:53:04 +0000 2024,0,muntahin makanan saur lo ttawansimp [URL],None,0
Tue Mar 18 03:20:20 +0000 2025,0,terakhir lihat fadlan holao berisi gemoy gitu sekarang kurus banget sejak kapan wey dietnya bagaimana kepo mau diet,None,0
Tue Mar 18 10:11:35 +0000 2025,2,mengurangi gula tepung minyak no karbo defisit kalori puasa gym x seminggu hasilnya berat badan stuck giliran kagak nge gym hampir seminggu pola makan jaga malah berat badan turun hampir kilogram kan bangkeee,None,0
Tue Mar 18 12:43:53 +0000 2025,0,izin off keponakan ku sakit ku jagain engga pegang hp lamalama jaga kesehatan kalian semua jaga pola makan tidur,None,0
Tue Mar 18 19:56:20 +0000 2025,5,kadang ngerasa capek banget jadi perempuan mau olahraga amp jaga pola makan sebaik apapun hampir sepanjang bulan ttp ngerasain sakit sebulan minggu bergulat sama siklus mentruasi minggu sisanya nnti tiba pusing tiba mual tiba demam gtu terus tiap bulannya,None,0
Tue Mar 22 11:34:58 +0000 2022,33330,kamu sibuk banget telat makan amp tbtb ngerasain nyeri perut hebat mual berkesudahan muntah makan nyeri dada makan fesespoop warna hitam legam berat badan turun drastis hatihati semua red flag badanmu kirim sinyal bahaya,None,0
Tue May 25 02:00:32 +0000 2021,16,diet bikin menyiksa cuma percaya sama noera slim boost ampuh banget buat anti ribet jadinya insecure sama berat badan buat kamu mau coba noera slim boost yukk checkout sini link shopee [URL],None,0
Tue May 25 12:23:47 +0000 2021,33,akhirnya insecure deh makan banyak mikir berat badan noera slim boost buat kalian mau tips buat nurunin berat badan checkout disini [URL],None,0
Tue Nov 01 03:04:47 +0000 2022,0,wika salim sering disebut miliki body goals ngaku rutin menjaga kesehatan tubuh kulit caranya memberikan terbaik penggemarnya potretnya [URL],None,0
Tue Nov 01 03:46:13 +0000 2022,2,pedangdut wika salim disebut memiliki body goals idaman sejuta umat ternyata rahasia cantik wika salim [URL],None,0
Tue Nov 12 12:04:42 +0000 2024,0,kalau gini tuh brrti emg cocoknya sama celana longgar kalau gambar keliatan ideal kok keliatan kurus [URL],None,0
Tue Nov 12 12:46:54 +0000 2024,0,nsok tipikal kalau pacarnya mau muntahin makanan tangan siap nadahin ️️️️️️️️️️️️️️️️️️️️️️️️️️️️️️️️️️ [URL],None,0
Tue Nov 19 01:13:03 +0000 2024,0,dietnya kebablasan apa gmn asal jgn bulimia,None,0
Tue Nov 26 16:54:15 +0000 2024,30,telyu mau sharing penderita diabetes beli selai brand punya image pemanis rendah kalori ternyata habis konsumsi selama harian sarapan gula darah rada tinggi akhirakhir baca komposisinya ternyata cont,None,0
Tue Oct 04 06:53:08 +0000 2022,12,ariel tatum menjadi sorotan akibat penampilan anggunnya gelaran paris fashion week ternyata rahasia body goals dimilikinya [URL],None,0
Tue Oct 17 10:31:50 +0000 2023,253,olahraga aerobik olahraga efektif banget buat bakar kalori tubuh terutama mengurangi lemak perut kamu lakukan olahraga dg intensitas durasi sesuai kemampuanmu latihan beban latihan penting buat ngurangin lemak perut malahan,None,0
Tue Oct 25 10:54:12 +0000 2022,10,tahun baru kali cinta laura masuk rumah sakit cinta laura mengalami burnout [URL],None,0
Tue Oct 27 10:07:37 +0000 2020,279,buka linknya kalian isi dibutuhin disitu tinggi badan berat badan usai jenis kelamin intensitas aktifitas perhari langsung muncul jumlah kalori kalian butuhkan [URL],None,0
Tue Oct 29 15:15:48 +0000 2024,332,fakta k langkah hari kamu amp bakar kalori manfaat kurangkan risiko penyakit turunkan paras kolestrol tingkat fitness amp kecerdasan otak kuatkan otot amp tingkat stamina kurangkan stress bantu turun berat amp kekalkan ideal weight rt amp follow tips,None,0
Tue Sep 01 07:39:56 +0000 2020,19,youtuber korea reomit jang hansol tengah berdiet cheat day disuruh makan kilogram karbohidrat sehari apa pilihan menunya koreareomit via detikfood [URL],None,0
Tue Sep 03 15:19:35 +0000 2024,0,mau bersyukur sebulan revenge eating makan apa mau makan ayo juna pelanpelan bangun hubungan sehat makanan jangan muntahin makanan kalau takut gendut jangan makan terlalu banyak makan lama makan cukup,None,0
Tue Sep 12 08:19:35 +0000 2023,30,tanda lapar palsu strategi ngatasinnya muncul tiba jenis makanan diinginkan spesifik merasa puas makan rasa lapar selesai makan diikuti rasa bersalah makan,None,0
Tue Sep 12 08:19:35 +0000 2023,1,kalau lapar beneran biasanya begini muncul perlahan makan apapun namanya lapar merasa puas makan rasa lapar selesai makan rasa bersalah makan,None,0
Tue Sep 20 08:48:36 +0000 2022,6,istri penyanyi adam levine behati prinsloo terlihat langsing meski sedang hamil anak ketiganya intip foto body goalsnya [URL],None,0
Wed Apr 26 12:49:31 +0000 2023,2,hari memutuskan free fall gamau kepatok sama jumlah kalori atur menu set repetisi hari ngejarnya apus rasa bersalah dulu makan kontrol [URL],None,0
Wed Aug 03 07:28:27 +0000 2022,1,menjadi orang terkaya dunia miliarder elon musk kerap makan sembarangan sang ayah menyuruhnya diet lalu bagaimana tanggapan sang ceo tesla [URL],None,0
Wed Aug 28 08:14:39 +0000 2024,3,gangguan makan kesehatan mental gangguan makan anoreksia bulimia binge eating disorder sering kali berkaitan masalah kesehatan mental kecemasan depresi masalah emosional mempengaruhi cara seseorang melihat tubuh,None,0
Wed Dec 01 14:32:38 +0000 2021,22,cara mengecilkan perut buncit butuh proses didapat waktu semalam perlu disiplin menjaga pola makan disertai olahraga [URL],None,0
Wed Dec 11 05:25:36 +0000 2024,0,ive been eating like crazy bukan takut gendut takut kolestrol naik anj,None,0
Wed Dec 11 13:14:36 +0000 2024,0,sayaaaaa hehehe suka bandel tangan memang ngaruh si pola makan ngaruh banget jerawat makanya jaga pola makan bandel jajan sembarangan meskipun memang jajan sembarangan sangat menggoda yuk kesehatan,None,0
Wed Dec 14 07:26:55 +0000 2022,0,park min young merupakan artis korea selatan ternyata pernah diet ekstrem konsumsi apel selama tiga hari dilakukannya berat badan turun cepat [URL],None,0
Wed Dec 16 02:28:01 +0000 2020,292,jazeerajulaili this thread shows that were all vulnerable kutukan gurauan senda ejekan berat badan seseorg will lead to eating disorders nak kurus cepat buat if ketoatkinslchf and other crazy restrictive diets then rebound,None,0
Wed Feb 05 02:02:27 +0000 2025,0,dipaksa makan melon,None,0
Wed Feb 05 10:01:39 +0000 2025,12,penasaran siapa body goals kalian twitter twitter apa sih ig apa me jo seung min keita shimada chris bumstead,None,0
Wed Feb 05 11:12:11 +0000 2025,142,ngeliat badan namtan kaya beneran langsing ramping body goals banget kecil terus lihat video kaya hah film sekecil apa [URL],None,0
Wed Feb 05 12:43:20 +0000 2025,1,senin rabu jumat sabtu sama minggu full workout rumah body goals sama financial goals seimbang mah kadang nyangka ngelakuin sendiri [URL],None,0
Wed Feb 05 14:27:26 +0000 2025,3,ulangtaun body goals gasih,None,0
Wed Feb 08 11:20:20 +0000 2023,2,penampilan violenzia jeanette menuai pujian punya badan bagus padahal punya tiga anak apa siiih rahasianya bodygoals [URL],None,0
Wed Feb 12 03:26:51 +0000 2025,0,asliii semua cantik cakep body goals kalau dimodalin,None,0
Wed Feb 12 08:58:18 +0000 2025,0,beritapalingpopularbh hari bantu adik dipukul dipaksa makan babi kuala lumpur adik menderita dipukul dipaksa makan babi merayu dibawa pulang segera negara justeru berharap kerajaan malaysia thailand [URL],None,0
Wed Feb 12 10:30:04 +0000 2025,4,cowo bakal selingkuh cewenha cantik body goals pinter mandiri knapa wal binian model amanda zahra wan ris wullur nang liwar bungasnya diselingkuhi lawan binian kd seberapa apa gerang lakian cari nih sebujurnya,None,0
Wed Feb 12 10:54:17 +0000 2025,1,body goals sekaleeehhhh [URL],None,0
Wed Feb 12 17:09:59 +0000 2025,0,katanya begadang bkin badan jadi kurus berat badan aing mungkin bakal jadi ideal umurnya mkin pendek ajg,None,0
Wed Feb 19 04:33:58 +0000 2025,0,braw open nih butuh jasa personal trainer gym cowocewe pengalaman tahun gym lengkap bimbingan nutrisi target body goals turun berat badan yuk braw trainer cowo,None,0
Wed Feb 19 10:37:16 +0000 2025,7,lihat jaemin tuh bener² nyenengin udahlah body goals sehat kulitnya bagus cantik cakep pernah mati gaya fan service kepribadiannya selalu terlihat menyenangkan makanya banyak suka penasaran jadi excited ketemu ngelihat jaemin [URL],None,0
Wed Feb 19 10:43:23 +0000 2025,4,body goals banget kamu tuh dek,None,0
Wed Feb 19 11:35:19 +0000 2025,0,si mending muka biasa body biasa penting sehat dah takut banget dideketin cowo kalau terlalu cantikbody goals,None,0
Wed Feb 19 11:43:10 +0000 2025,10,braw open nih butuh jasa personal trainer gym cowocewe murce pengalaman tahun gym lengkap bimbingan nutrisi target body goals turun berat badan yuk braw,None,0
Wed Feb 19 12:58:47 +0000 2025,0,anya geraldine pamer foto baru netizen soroti body goals [URL],None,0
Wed Feb 26 03:53:58 +0000 2025,137,buffet makan berlebihan bulan ramadhan defeat the purpose of puasa [URL],None,0
Wed Feb 26 05:02:07 +0000 2025,5,jaga berat badan bukan soal diet ekstrem kebiasaan sehat detox rutin atur pola makan tetap aktif anak nyeletuk mami kalau perutnya rata bakalan bagus makin sini perut makin buncit pengen kurus minum manis selalu relate detoxbarenglangfit [URL],None,0
Wed Feb 26 09:17:52 +0000 2025,1,yakalii cape olahraga mau body triplek cwe minat liatnya lurus banget kayak penggaris not my dream body body goals diri sendiri versi lebih toned bbrp bagian,None,0
Wed Feb 26 12:46:28 +0000 2025,0,gada lebih ngeselin lo relain kalori harian buat makan makanan ternyata rasanya b buat lo mikir mending masak ajaaaa,None,0
Wed Jan 05 18:05:03 +0000 2022,5,kalian insecure sama berat badan kalian sekarang,None,0
Wed Jan 10 09:02:31 +0000 2024,2016,berjalan sejauh langkah sehari bersamaan kamu pembakaran kalori sebanyak kcal sememangnya awesome memilih mengamalkan budaya hidup sihat melakukan aktiviti berjalan kaki [URL],None,0
Wed Jan 15 03:27:17 +0000 2020,253,baru kali mimpi makan kenyangnya berasa banget mimpi disuguhin makanan banyak banget perut mules mau muntah perut mules mualnya kerasa banget pas bangun makanannya sih enakenak terlalu banyak smpe mual banget,None,0
Wed Jan 17 07:17:00 +0000 2024,0,punya body goals menjadi resolusi tahun kamu nih coba diet sesuai golongan darah cara diet golongan darah a [URL],None,0
Wed Jan 20 04:42:00 +0000 2021,17,cara nak berdiet enjoy ajak kawan buat challenge lose weight exercise dengar lagu catat progress harian dietworkout apps timbang seminggu sekali set goal amp reward rt amp follow kacakbros for tips enjoy diet,None,0
Wed Jan 22 03:37:16 +0000 2025,0,beresiko terkena masalah gangguan makan beberapa penelitian menunjukkan diet ekstrim beresiko membuat seseorang sadar muncul beberapa gangguan makan bullimia anoreksia gangguan makan lainnya,None,0
Wed Jan 22 09:08:03 +0000 2025,0,gangguan kesehatan mental stres depresi gangguan makan bagaimana diet ketat mempengaruhi kesehatan mental diet ekstrem sering kali menyebabkan hubungan sehat makanan berujung gangguan makan anoreksia bulimia,None,0
Wed Jan 22 16:41:44 +0000 2025,21,kilogram ideal apa kurus [URL],None,0
Wed Jan 22 22:34:47 +0000 2025,0,cek sessi bumbu diet rendah kalori marinasi instan rasa original favorite dry rub msg harga rp dapatkan shopee sekarang [URL] [URL],None,0
Wed Jan 29 14:18:41 +0000 2025,1,niatan mall beli baju conter baju keinget beras sabun habis akhir nya jadi beli baju puter market beli sabun buka hp pesen beras mampir foodcourt beli makan terus kepikiran kalau jajan terus kapan dp rumah inikah rasanya jadi dewasa repot [URL],None,0
Wed Jan 29 15:07:39 +0000 2025,0,sebenernya buanyak cari meal plan lihat ikan cm foto doang lgsg skip,None,0
Wed Jul 10 14:44:51 +0000 2024,1,seorang ibu inggris menceritakan pengalamannya dilarikan rs suntik kurus sebuah klinik mengalami sakit kepala hebat hingga muntahmuntah [URL],None,0
Wed Jul 24 02:46:20 +0000 2024,0,jaga mulut jangan lancang sangat bila bercakap takut makan diri,None,0
Wed Jul 31 12:07:14 +0000 2024,0,body cewek² jadi idolartis korea tuh bagus² sebenernya cuma kadang tuh sadar kalau tuh terlalu kurus dituntut terlihat langsing diet ekstrim jujur lebih seneng lihat idolartis cewek punya badan proporsional,None,0
Wed Mar 12 02:42:18 +0000 2025,9,kesehatan delicate kt menjaga pola makanamphidup sehat hati amp pikiran perlu dirawat tubuh hny terpengaruh apa dikonsumsi stres amp beban emosi sangat menghargai ketenangan batin sama pentingnya dg kesehatan fisik,None,0
Wed Mar 19 19:49:21 +0000 2025,207,makan terlalu banyak apa jenis makanannya bikin tubuh nyaman berpengaruh kesehatan pertama perut jadi kembung mules kebanyakan makanan bikin lambung kerja ekstra keras buat nyerna bikin mual bahkan muntah terlalu penuh [URL],None,0
Wed Mar 20 22:03:43 +0000 2024,0,kcg kucing ku flu tiba tiba muntahin makanan banyak banget warna coklat munthanya butiran kotak gitu gapaham bahaya,None,0
Wed Mar 27 09:51:27 +0000 2024,1,tuh benci banget sama aroma durian sekantor ampe atasan owner tahu suka banget buah eh pas panggil ruangan owner buat ambil gro istrinya makan durian mau muntahseketika mak smpah mak mana puasa perut kosong puyeng banget,None,0
Wed Mar 27 12:39:09 +0000 2024,0,heran banget tiap buka puasa muntahin makanan selalu anehnya tetep kuat puasa ampe magrib nahan lapar penyimpanan lemak apa bagaimana,None,0
Wed May 31 10:22:00 +0000 2023,2,insecure berat badan juwita si gadis bersuara merdu nekat melakukan makeover besarbesaran penasaran bagaimana syifaahadjureal jadi juwita 𝐏𝐨𝐮𝐧𝐝𝐬 𝐁𝐞𝐚𝐮𝐭𝐲 remake film korea selatan judul sama tayang juni [URL],None,0
Wed May 31 10:22:48 +0000 2023,4,insecure berat badan juwita si gadis bersuara merdu nekat melakukan makeover besarbesaran penasaran bagaimana syifaahadjureal jadi juwita 𝐏𝐨𝐮𝐧𝐝𝐬 𝐁𝐞𝐚𝐮𝐭𝐲 remake film korea selatan judul sama tayang juni [URL],None,0
Wed Nov 06 05:33:02 +0000 2024,91,𝗠𝗮𝗻𝗴𝗴𝗮 𝗱𝗮𝗻 𝗣𝗶𝘀𝗮𝗻𝗴 mangga pisang buahbuahan kaya kalori bermanfaat tubuh keduanya mengandung kalori tinggi konsumsi berlebihan menyebabkan peningkatan asupan kalori harian berujung penambahan berat,None,0
Wed Oct 09 09:55:59 +0000 2024,9,bubuk cabai bubuk cabai mengandung capsaicin senyawa meningkatkan metabolisme meningkatkan jumlah pembakaran kalori harian efek capsaicin berat badan baru terlihat dikonsumsi mg perhari jumlah kalori terbakar kkal per hari,None,0
Wed Oct 14 10:18:41 +0000 2020,5237,biasa dengar depression anxiety bipolar schizophrenia jenis kecelaruan mental jarang dengar berkaitan gangguan pemakanan bulimia aneroxia hampir juta manusia dunia eating disorder ialah thread,None,0
Wed Oct 18 12:18:55 +0000 2023,1654,perhatikan kebiasaan makan bawah buruk amp berbahaya kalau keterusan nunda makan pdhl lapar makan tengah malem junkfood tiap hari rebahantidur makan makan keburuterlalu cepet terlalu banyak karbo emotional eating jam makan berantakan tiati,None,0
Wed Oct 19 09:51:48 +0000 2022,6,sisca kohl berhasil menurunkan berat badan sebanyak tiga kilogram tiga hari program diet iu meski awalnya terasa berat sisca mengaku disiplin melakukan dietnya [URL],None,0
Wed Oct 21 05:12:28 +0000 2020,208,suka gila main skipping penat berbaloi banyak kalori rentung kena bakar pernah lagilah melompat sejam biasanya min lebih kurang kalori terbakar dah rasa perbezaannya especially inchloss berat kilogram [URL],None,0
Wed Oct 21 12:40:22 +0000 2020,231,bbrp pasien bilang bete mood menggunakan makanan cara pelepasan binge eating jadi salah satu masalah terkait gangguan suasana perasaan spt depresi makanan manisamppenuh kalori memang sering jadi sasaran mood jelek hati obesitas mengintai,None,0
Wed Oct 21 16:09:50 +0000 2020,0,waist jennie and people bodyshame her katanya terlalu kurus bendanya normal kot artis,None,0
Wed Oct 23 02:15:24 +0000 2024,1,netizen cina korsel sadar ubah pemikirannya standar kecantikan cewek sana sehat body ideal kurus gemuk netizen korea cina cewek cantik kurus banget uda salah sih,None,0
Wed Oct 26 13:08:29 +0000 2022,0,insecure level berat badan sama pas hamil bulan menyusui aselik jadi males banget berinteraksi sama dunia luar hm ku bahagia ko menyusui sekarang,None,0
Wed Sep 22 07:36:21 +0000 2021,5,sekedar defisit kalori kurangi porsi makan banyak kesalahan diet membuat berat badan justru naik duh apa sih [URL],None,0
Mon Jan 15 06:33:37 +0000 2024,1,rutin konsumsi vco share biasanya konsumsinya jam berapa kondisi bagaimana baca katanya bagus dikonsumsi jam makan btw diet keto cuma mau coba ngerasain manfaat vco sih terutama pencernaan makasih,None,0
Mon Jan 15 09:17:56 +0000 2024,3,efek samping jadi anak gym saia rasain emosi lihat temen malas disiplin nongkrong topiknya jauh olahragadiet selalu merasa badan gini gini berkembang ngerasa bersalah rest day ngerasa hrny [URL],None,0
Mon Jan 20 05:32:23 +0000 2025,16,mitos kalori amp turun berat kalori makanan sihat kira actually penting defisit lebih rendah kalori lebih cepat kurus sebenarnya iany semestinya sihat amp susah konsisten semua kalori sama kalori protein amp serat,None,0
Mon Jan 20 10:14:46 +0000 2025,4413,how explain kat pt elok makan lewat bila malam badan dah kena masuk mood rehat on mood puasa jadi anything kalori samada susu buah dah kena stop if paksa kerja hadam makanan overwork burnout and problem just like us,None,0
Mon Jan 27 05:43:24 +0000 2025,29,sedikit tips buat diet fokus fatloss bukan weightloss defisit kalori mau fatloss prioritas makan tinggi protein jangan makan kebanyakan tepung gorengan manis rajin jalan kaki olahraga,None,0
Mon Jan 27 08:09:18 +0000 2025,2,inspirasi meal plan myday [URL],None,0
Mon Jan 27 09:02:00 +0000 2025,12306,cara ngestock bahan makanan seminggu or more cocok wanita karir maupun ibu ngurus anak repot tiap hari pasar thread meal plan budget amp food prep [URL],None,0
Mon Jan 27 09:02:49 +0000 2025,253,pertama dilakukan bikin meal plan minggu dibreakdown masing menu butuh bahan apa list jadi list belanja cara super efektif buat belanja berlebih kurang amp bingung mau beli apa pas pasar [URL],None,0
Mon Jan 27 12:27:31 +0000 2025,0,cek gula singkong garva rendah kalori aman diabetes ml gram harga rp dapatkan shopee sekarang [URL] [URL],None,0
Mon Jan 27 12:32:35 +0000 2020,0,pingin sayur suka sama rasanya mau pake mayo dressing takut tinggi kalori lemak kolesterol wah fix kalian kudu kenalan sama varian plant based mayo dressing baru dilaunching sama [URL],None,0
Mon Jul 08 05:16:34 +0000 2024,0,fakta seputar jurusan gizi hitung kalori praktik masak [URL],None,0
Mon Jul 15 05:58:03 +0000 2024,1,mulai sedikit lelah menyerah grouu hari eh kok malah lihat promoan meal plan segala [URL],None,0
Mon Jul 22 22:33:33 +0000 2024,0,cek healthy republic bumbu marinasi serba rendah kalori rendah lemak spices gram harga rp dapatkan shopee sekarang [URL] [URL],None,0
Mon Mar 11 03:46:33 +0000 2024,12,inspirasi resep hari resep paha ayam gulung diet keto alias ketogenik pernah menjadi tren resep paha ayam gulung berikut kamu jadikan variasi menunya loh bestie pemilihan paha ayam menu diet keto berikut bukan teksturnya lebih juicy [URL],None,0
Mon May 20 23:07:16 +0000 2024,230,meal plan anak kost seminggu ribu auto hemat a thread [URL],None,0
Mon Nov 11 01:47:42 +0000 2024,0,cek healthy republic bumbu marinasi serba rendah kalori rendah lemak spices gram harga rp dapatkan shopee sekarang [URL] [URL],None,0
Mon Sep 11 05:27:43 +0000 2023,0,sosok lukita ibu anak banyumas atlet binaraga disiplin diet torehkan banyak prestasi [URL],None,0
Mon Sep 25 10:45:00 +0000 2023,0,ternyata kamu dapet camilan rendah kalori indomaret loh tau gitu usah beli jauhjauh trus mahal cek daftar lengkapnya sini [URL] camilandiet rendahkalori resetmetabolisme,None,0
Sat Apr 15 00:15:00 +0000 2023,0,cekizen diet kalori defisit menjadi salah satu diet menurunkan berat badan cara aman berikut cara diet kalori defisit kamu ikuti [URL] cekaja cerdasfinansial caradiet tipsdiet defisitkalori,None,0
Sat Apr 15 11:15:49 +0000 2023,1,berbagai healthy snack suka nyemil mau cepet gendut nih cemilan rendah kalori yuk cek dulu sebuah utas [URL],None,0
Sat Apr 22 03:00:32 +0000 2023,2,meski sangat menggoda kamu wajib mengontrol mengkonsumsi makanan ikon lebaran idul fitri berapa jumlah kalori terkandung kuekue lebaran tersebut yuk cek vivacoid [URL],None,0
Sat Aug 05 03:56:05 +0000 2023,0,trik mengakali kalori nasi padang lumayan tinggi makan enak takut buncit [URL] [URL],None,0
Sat Jan 25 09:17:32 +0000 2025,0,mau nurunin berat badan fokuskan sama defisit kalori bukan olahraga [URL],None,0
Sat Jun 12 06:30:00 +0000 2021,11,mengonsumsi buah kandungan air tinggi diyakini membuat lebih tahan lapar buah jenis cocok diet contohnya buah semangka apel cnnindonesia [URL],None,0
Sun Aug 11 16:52:54 +0000 2024,2,moga tim metrotv segera undang jorji juntuk diinterview tayang teve bgmn proses perjuangan berdarah meraih medali olympicsparis balik keping medali proses latihan panjang penuh disiplin diet amp tinggalkan banyak kesenangan [URL],None,0
Sun Dec 13 02:05:42 +0000 2020,0,minuman in mempunyai kandungan gula krimer banyak menyebabkan minuman tinggi kalori‼️ semua orang takut kalori tinggi,None,0
Sun Feb 23 09:56:12 +0000 2025,0,cek blenuten vanila gr susu tinggi kalori penambah berat badan anak gr sskl harga rp dapatkan shopee sekarang [URL] [URL],None,0
Sun Jan 06 12:34:42 +0000 2019,2,berita tips artikel info terkait kesehatan terbaru hari diet parenting seks obat penyakit konsultasi dokter kalkulator kesehatan [URL],None,0
Sun Jan 19 11:00:17 +0000 2025,0,sekarang tiap bikin minuman manis rumah selalu pake stevibe pure takut gula berlebih takut kalori tinggi tetep nikmatin rasa manisnya minummanislebihtenang stevibe flimty [URL],None,0
Sun Jan 19 11:42:48 +0000 2025,1,kalau mau minum manis lebih sehat takut sama kalori tinggi solusinya cuma butuh satu tetes stevibe pure guys minummanislebihtenang stevibe flimty [URL],None,0
Sun Jan 27 08:31:10 +0000 2019,0,someone nyaranin diet keto big no baru sembilan bulan lahiran badan segera nyusut angka disuru banyakin protein diet karbo katanya buat nambah massa tubuh mau takut nyoba tar anorexia,None,0
Sun Jan 28 13:13:32 +0000 2024,151,banyak orang kuat zerolow karbo diet makan karbo contohnya orang carnivor makan karbo usah takut makan karbo penting jumlah terkontrol bukan ultraprocessed added gula tetap berhubungan baik makanan,None,0
Sun Jul 07 08:56:51 +0000 2024,0,bebekinoyy buat cek asupan kalori buat badan memutuskan defkal cek disini gtgt [URL] biasanya rekomendasi kalau mau cutting diet defkal brp kalori siapa tau butuh follow twitter nya diethingy suka share tips diet defkal if,None,0
Sun Jul 07 22:57:01 +0000 2024,169,orang gagal diet harapannya turun berat badan instan ⁠gampang terpengaruh ⁠selalu bandingin hasil orang ⁠nggak percaya diri kalau kamu berhasil ⁠nggak disiplin amp punya goal diawal,None,0
Sun Jun 11 01:30:52 +0000 2023,4,menu diet defisit kalori seminggu enak sehat [URL],None,0
Sun Mar 24 10:25:07 +0000 2024,82,tau brand green tea nomor jepang buat bingung nyari minuman seger buat buka puasa rekomendasiin banget nih guilty free pastinya no gula kalori jadi perlu ragu minum banyak rasa nya nagih banget favourite sih jasmine [URL],None,0
Sun Mar 31 12:37:46 +0000 2024,8,dermatitis herpetiformis celiac disease kondisi autoimun gen extra kromosom penyebabnya terapi diet keto autofagi extrim menghengtikan mediator peradangan dn menghilangkan gen extra kromosom autoimun pentingnya release emosi,None,0
Sun May 26 13:59:29 +0000 2024,0,minggu terakhir pakai rayban meta mulai manfaatin meta ai buat harihari nanya cuaca terjemahin teks depan mata cek kalorijenis bahan makanan nanya obat nyuruh bikin caption [URL],None,0
Sun Oct 01 03:37:12 +0000 2023,0,ramai takut nak makan coklat kerana risaukan berat badan naik betul coklat nih menggemukkan mungkin coklat tinggi kalori mengandungi karbohidrat gula lemak sejumlah protein [URL],None,0
Sun Sep 25 04:02:40 +0000 2022,1,seger parah resep kopi rendah lemak duhh panaspanas gini enaknya minum seger pengen minum kopi takut kalorinya tinggi eits tenang hari membagikan resep kopi rendah kalori nih a thread minumansehat kopisehat resepkopi fyp [URL],None,0
Sun Sep 25 23:14:39 +0000 2022,10,ramzyramses kakak sekalian konsumsi gula berlebih mau minuman kekinian tetep enak n seger mampir k gutday fermentary bsd city soda sehat alami hasil fermentasi bakteri baik no added gula gtu guilty free bangeet rendah kalori hehehe [URL],None,0
Thu Apr 01 23:51:31 +0000 2021,0,foodfess honey diet doesnt mean u makan kue well i hope u dont do a restrictive diet diet supposed to be a lifestyle also berasa enak si dibeliin orangtua masa end up kasih tetangga,None,0
Thu Apr 09 08:00:00 +0000 2020,2,pengen mengonsumsi minuman kecantikan takut kandungan gula amp kalori tinggi sekarang enggak usah khawatir diva low gula rasa manis kandungan gula alami sari buah apel makin kaya nutrisi amp rendah kalori yuk cobain diva low gula ladies [URL],None,0
Thu Apr 16 06:05:00 +0000 2020,2,crash diet ape crash diet ialah apabila seseorang cut calorie intake extreme nk turun berat cepat kesannya turun ialah berat muscle metabolisma ⬇️ alami craving parah berat naik double rt follow tips diet sihat,None,0
Thu Aug 02 02:00:01 +0000 2018,0,usah takut hidupbaru kamu sehat jadi berantakan garagara kue berkalori tinggi kamu pakai bahanbahan rendah kalori lebih sehat coba tebak bahanbahan jadinya kue apa nu people [URL],None,0
Thu Dec 10 10:54:36 +0000 2020,693,contoh favourite foods sepanjang diet diet bukan berlapar jaga calorie intake daily pastikan lebih badan perlukan kalori sehari consume sehari pon dah lebih cukup download apps myfitnesspal monitor calorie intake [URL],None,0
Thu Dec 11 13:28:48 +0000 2014,0,bacem panggang solusi kenyang takut gemuk bacem salah satu makanan tinggi kalori bacem panggang [URL],None,0
Thu Dec 15 13:22:16 +0000 2022,24,makan karbo tido bantu kawal kencing manis amp turunkan berat badan ramai anggap karbo punca gemok apatah makan tido one of many successful client mempunai masalah high blood glucose tagshare kawan takut makan karbo [URL],None,0
Thu Dec 16 17:29:32 +0000 2021,12,menjaga pola makan aktivitas tubuh menjadi kunci keberhasilan diet jalani diet defisit kalori pria berhasil turunkan berat badan hingga kilogram [URL],None,0
Thu Dec 26 07:10:01 +0000 2024,17,pria tersebut meminta bantuan temannya membuatkan meal plan menaikkan berat badan pria tersebut makan makanan tinggi kalori bahkan makan kali lebih banyak bahkan berhenti kerja parttime banyak bergerak pria tersebut hampir [URL],None,0
Thu Dec 26 13:29:11 +0000 2024,1,adda uwais berasal kelantan menghabiskan masa berjamjam mempelajari ilmu sebalik diet keto mula membangunkan resipinya sendiri [URL],None,0
Thu Dec 26 15:05:03 +0000 2024,848,pola makan hari target kalori kcal perhari protein g perhari breakfast makan telor rebus kentang tahu nyemil pagi makan roti ayam ngopi lunch anything penting carbs protein sate capcay tongseng [URL],None,0
Thu Feb 01 06:36:58 +0000 2018,457,mahu turunkan berat badan kali makan ingat benda nih gram karbohidrat kal gram protein kal gram lemak kal makanan makanan berkualiti kira kalori healthylifestyle,None,0
Thu Feb 06 01:05:34 +0000 2025,2,wanita turun berat badan kilogram diet defisit kalori bulan [URL],None,0
Thu Feb 06 04:33:43 +0000 2025,73,siapa punya rencana diet tahun wujudkan diet sehat meal plan amp workout plan fita semuanya disusun langsung profesional lho jadi diet kamu cuma wacana tahuntahun kemarin yuk mulai langganan mytelkomsel sekarang [URL],None,0
Thu Feb 13 02:24:33 +0000 2025,67,body recomposition turun lemak naik otot badan solid defisit kalori ringan jangan crash diet cukup makan sikit bawah keperluan protein tinggi bantu otot kekal amp recover target min g protein per kilogram berat badan strength training fokus angkat berat bukan,None,0
Thu Feb 13 03:04:40 +0000 2025,0,dulu abang brooch ingat diet nih buat sorangsorang je rupanya coach memang bezakan hasil biasa amp hasil luar biasa coach bukan sekadar meal plan bantu faham badan sendiri ajar cara betul amp paling penting semangat bila rasa nak,None,0
Thu Feb 13 07:19:41 +0000 2025,0,temukan botol minyak kelapa extra virgin coconut oil vco diet keto pure unrefined ml seharga rp dapatkan sekarang shopee [URL],None,0
Thu Feb 13 12:01:29 +0000 2025,0,mau olahraga bakar kalori lebih banyak yuk cek daftarnya lari lompat tali boxing semuanya bantu kamu tetap fit bugar hellosehat kalori tipssehat [URL],None,0
Thu Feb 14 00:24:13 +0000 2019,0,fakta madu menurunkan berat badan berlebih overweight kegemukkan obesity satu mitos beredar dikalangan masyarakat orang takut minum madu kononnya kerana takut gemuk kalori tinggi benarkah [URL],None,0
Thu Feb 20 11:16:58 +0000 2025,4,diethingy genetik kak bukan berarti diupayakan mendingan saran kakak obesitas diet mindset cara bener jangan ekstrim engga obes kurangi konsumsi gula gorengan rajin olahraga angkat beban makan real food [URL],None,0
Thu Feb 20 11:39:23 +0000 2025,6,jgnnangiss kak mindsetnya dibenerin dulu kamu turun berat badan seberapa efeknya kena penyakit depresi berat badan mu melonjak kunci diet defisit kalori apapun dimakan kondisi defisit bakal turun bbnya banyak kok makanan diet enak sering share akun ku [URL],None,0
Thu Feb 27 03:47:12 +0000 2025,0,yuk lakukan pencegahan pengendalian hipertensi cerdik yaa c cek kesehatan berkala e enyahkan asap rokok r rajin aktifitas fisik diet sehat kalori seimbang i istirahat cukup k kelola stress [URL],None,0
Thu Jan 10 15:33:07 +0000 2013,0,alalah kamu tropicana slim diet gula de no guilty pleasure wkwk deasiip maaf kalau mukaku manisnya kebangetan,None,0
Thu Jan 16 09:01:08 +0000 2025,0,membongkar fenomena skinny influencer diet ketat jadi tren media sosial [URL],None,0
Thu Jan 18 02:35:17 +0000 2024,0,au hangyulseungyul apa judulnya adek jaehyun kalau salah terus hg overweight diet bulimia pengen baca apa judulnya dicari pake keyword ketemu ketemu,None,0
Thu Jan 18 03:27:09 +0000 2024,0,cek lean lab selai kacang coklat twin pack gr x selai rendah kalori vegan gluten free low fat harga rp dapatkan shopee sekarang [URL] [URL],None,0
Thu Jan 23 04:38:33 +0000 2025,21,mitos skip makan berat cepat turun berat turun awal air bukan lemak otot hilang bila badan cari sumber tenaga sebabkan binge eating bila terlalu lapar sistem badan stres hormon simpan lemak naik makan teratur kalori defisit lebih sustainable,None,0
Thu Jan 30 10:10:29 +0000 2025,8,meal plan notabene mesti defisit kalori lengkap makronutrisinya hewani amp nabati kalau diliat gambar mbg cuma nasinya cukup sisanya mah visually meh quantitynya kurang padahal buat anak sekolah banyak masa pertumbuhan [URL],None,0
Thu Jan 30 11:53:42 +0000 2025,0,cek botol minyak kelapa extra virgin coconut oil vco diet keto pure unrefined ml harga rp dapatkan shopee sekarang [URL] [URL],None,0
Thu Jul 04 08:59:38 +0000 2024,2,slot serius nak turun berat badan bulan nih at least buang kilogram meal plan lengkap apa nak makan hari combo workout certified personal trainer topik diet harian amp group support breakfast amp dinner [URL],None,0
Thu Jun 08 07:22:23 +0000 2023,0,egg drops lumayan buat ganjel kalau ngerasa kurang kenyang pas makan siang pake minyak bahan mudah kuah banyak hehe cek lifesum satu mangkok cuma kalori [URL],None,0
Thu Jun 08 13:27:03 +0000 2023,0,hitung kebutuhan kalori harianmu rumus sehat berat badan terkontrol [URL] [URL],None,0
Thu Jun 09 12:38:27 +0000 2011,0,rt wrpdiet mau nyemil takut gemuk buahsayurajarendah lemak rendah kalori tinggi serat shg cont [URL],None,0
Thu Mar 11 10:40:00 +0000 2021,0,bahagia sederhana sisa banyak banget slot kalori harian akhirnya dipake buat makan mi instan padahal jam setengah makan input makan malam diaplikasi tracking food merasa bersalah anti diet dietan viral,None,0
Thu Mar 14 15:05:38 +0000 2024,0,disini nih sakingnya kota kecil justru mudah nyari makanan kekinian makanan peduli penampilan cendol rasa diet pake santen pake fiber creme and so low gula ngenyangin g nambahin guilty feeling abis nyeruputnya [URL],None,0
Thu May 31 02:04:00 +0000 2018,0,bigorexia muscle dysmorphia biasanya pengidap gangguan melakukan diet ekstrem mendapatkan bentuk tubuh tertentu berpikir tubuh gemuk morningtalk gmhr,None,0
Thu Nov 14 03:12:27 +0000 2024,1,syahmipaan any diet extreme makan satu food group eliminate food group lack of scientific studies restrictive promise quick fixes sustainable dikira fad diets,None,0
Thu Nov 28 16:55:44 +0000 2019,5,fess kalian diet kaya gini termasuk diet sehat si pagi mkn nasi sedikit siang kadang ngemil kadang mlmnya sama kadang ngemil kadang pokoknya sehari makan x cuma paginya karbo siang mlmnya abis baca jadi takut [URL],None,0
Thu Oct 20 03:55:09 +0000 2022,0,cocok diet dessert rendah gula kadang kalau diet pengen makan dessert takut kalorinya tinggi banget kan tenang sekarang banyak cafecafe jual dessert rendah gula rendah kalori lho a thread diet dessert cafe dietfood [URL],None,0
Thu Oct 24 07:00:09 +0000 2024,9,tanyakanrl memang sehat dulu diet no carbs makan direbus alhasil selalu bawah bmr efeknya rambutku rontok mampus anemia metabolismeku kacau parah turun kilogram makan normal terus naik kilogram skrng berhasil turun kilogram sejak juli diet sehat [URL],None,0
Thu Sep 09 06:27:54 +0000 2021,7,selama kebanyakan orang rela tahan rasa lapar diet ekstrem menurunkan berat badan wanita justru giat makan banyak sama [URL],None,0
Wed Feb 19 23:16:20 +0000 2025,0,cek healthy republic bumbu marinasi serba rendah kalori rendah lemak spices gram harga rp dapatkan shopee sekarang [URL] [URL],None,0
Wed Feb 26 19:51:11 +0000 2025,0,cek paket cookies rasa tropicana slim klepon cookies hokkaido korean goguma cookies snack biskuit diet rendah kalori harga rp dapatkan shopee sekarang [URL] [URL],None,0
Wed Jan 04 13:17:47 +0000 2023,48,sejak masuk tahun baru nih i lebih focus balancekan between my personal and work life lebih rajin buat full skincare routine lebih disiplin with my diet paling penting i betul badan and otak i rehat cukup road to a better amp healthier me in ️,None,0
Wed Jan 08 02:53:46 +0000 2025,0,cek buku kumpulan menu diet rendah kalori wanita harga rp dapatkan shopee sekarang [URL] [URL],None,0
Wed Jan 08 10:42:55 +0000 2025,0,polisi gendut trenggalek diet ketat turun hingga kilogram [URL],None,0
Wed Jan 15 00:46:26 +0000 2025,1,salaam semua abang brooch nak share testimoni sis dhiya nih dah join program kurus online nih ️ program nih sangat membantu meal plan customize mengikut keperluan support group sangat supportive alhamdulillah dah kurang [URL],None,0
Thu Feb 13 15:18:44 +0000 2025,1,we listen and we dont judge lebih selective ambil sport class sorry banget coach nya jauh berat badan ideal bukan kurus keliatan berlemak gelember mau ikut kelas for me lu berhasil bagaimana ngajarin,None,0
Thu Jan 09 12:26:43 +0000 2025,0,orang menganggap berisi sehat amp menganggap kurus ideal well pov beda as long as they happy amp enjoy it why not,None,0
Sat Jul 20 12:19:56 +0000 2019,22,tubuh ideal dambaan semua wanita banyak wanita melakukan segala cara memiliki tubuh impiannya [URL],None,0
Sun Jul 21 01:50:49 +0000 2024,1,orang cuma pengen ideal bukan kurus,None,0
Sun Feb 09 05:09:35 +0000 2025,0,kurus ideal chubby cakep sehat sih penting,None,0
Wed Jan 01 18:01:20 +0000 2025,0,lebih sakit mana tahan lapar tahan rindu tahan cemburu,None,0
Tue Jan 18 03:56:04 +0000 2022,0,dulu pas jaman dulu makan mie instan lebih sekali pas musimnya mukbang lalu skg rajin diet makannya sedikit sempat ditanyain terus padahal cewek langsing gendut [URL],O,1
Fri Apr 19 10:51:26 +0000 2013,0,guenya terlalu kurus katanya,O,1
Fri Dec 01 16:06:11 +0000 2023,824,syaheerahmad hm betul lah i sendiri kena body shaming orang badan berisi nih dieorg nih struggle diet nak kurus at the same time dok ngata cakap kurus nih sekeping lah tulang etc awal lama i jadi stress rasa down gilaa i pernah terlintas tau nak tegur physical orang,O,1
Fri Dec 27 22:48:07 +0000 2013,0,jgn terlalu kurus katanya,O,1
Fri Feb 07 02:06:36 +0000 2025,38,semua nih jabatan buruh nak buat report dah tua nak kena ajar anakanak kecil dipaksa makan tandas nak report siapa sahsah kepala sekolah beri arahan tolol,O,1
Fri Feb 07 13:35:52 +0000 2025,0,gasuka banget dipaksa paksa makan,O,1
Fri Feb 07 15:46:52 +0000 2025,0,kadang tuh gangerti si nenekku suka banget mikirin perlu mikirin adekku makan apa blom yaaa gede lapar bakal masak dipaksa makan jelas suka habis makanannya,None,0
Fri Feb 14 19:19:39 +0000 2025,0,masuk akal sih cmn gado yaa jadi terpaksa makan emg gabisa dipaksa makan sayurannya pdhl enak pastinya sehat drpd makan nasi sama bumbu kacang doang cmn lemak sama gula ancur sii tubuh lu lama,O,1
Fri Feb 21 16:50:51 +0000 2025,11,kemaren bimbingan sekalian ngobrol panjang sama dospem katany penyakit tuh kelakuan sendiri misal makan pedes pas warning tetep dipaksa makan trus jadi diare deh bu baru diare abis makan apa kmu richeese buat sarapan dospem [URL],None,0
Fri Feb 21 17:21:28 +0000 2025,77,humaniesproject dikasih air minum dipaksa makan dulu disuruh neduh jangan hujanhujanan berasa demo bareng ibuku sendiri,O,1
Fri Jan 03 10:49:47 +0000 2014,0,terlalu kurus katanya hayu makan y,O,1
Fri Jan 14 07:54:18 +0000 2022,1,ohmybeautybank cara cepat diet no gula no gorengan jadi semua makanan kukus nasi ganti ama kentangubian prnh coba cara seminggu amp berat badan turun kilogram tersiksa ‍️ trus berhenti emak marah terlalu kurus katanya,O,1
Fri Jan 24 11:35:11 +0000 2014,0,kamu kurus pikiran jadi sebnyk apapun mkn kalau semua kamu pikirin jadi kurus siskar brp orang bilang kurusan katanya jgn terlalu kurus,O,1
Fri Jan 31 08:54:07 +0000 2025,2,males banget makaan dipaksa makan selalu,O,1
Fri Jul 31 08:51:03 +0000 2020,0,srendepity terlalu kurus katanya suruh balik kapan kapan kalau memenuhi standar,O,1
Fri Jun 02 02:07:58 +0000 2023,0,dikatain kurus katanya kalau terlalu kurus cowok mau wkwk dikatain tepos pake kaos dombrong sempet ngerasa insecure waktu lama sekarang bodo,O,1
Fri Jun 07 12:27:40 +0000 2013,0,diprotes terlalu kurus katanya,O,1
Fri Jun 10 12:38:15 +0000 2022,0,diomelin mama katanya gaboleh terlalu kurus pdhl diet,O,1
Fri Mar 04 18:55:55 +0000 2022,2,rek apa kalian nge buat insecure me berat badan soalnya bilang gendut,O,1
Fri Mar 14 12:05:27 +0000 2025,0,buset dah disuruh makan terus perutku mau meledak,O,1
Fri Mar 21 15:38:07 +0000 2025,0,kenyang mampus hari buka pake bakso makan somay dirumah nida pcs gede bet ganjelan pintu balik rumah disuruh makan es buah semangkok buset mau muntah,O,1
Fri May 16 15:02:50 +0000 2014,0,tumben bilang kurus kali terlalu kurus katanya [URL],O,1
Fri May 17 11:44:56 +0000 2013,0,mau dibikin gemung dongs ama si pacara dhihiw terlalu kurus katanya p,O,1
Fri Nov 02 04:53:18 +0000 2018,0,womanfeeds tinggi berat badan iti suka dimarahin sama nenek katanya terlalu kurus katanya kaya pernah dikasih makan cukup segitu nderr segitu pas kok,O,1
Fri Nov 22 16:03:43 +0000 2013,1,katanya terlalu kurus cengkung wajah tersenyum tahu tahu hanyadirimu,O,1
Fri Oct 26 10:59:42 +0000 2012,0,gajadi potong terlalu kurus katanya huahahart arthapmx ghinakim kasian yaaa kak dapet no antrian berapa,O,1
Fri Sep 01 12:48:44 +0000 2017,0,semua kakak komplen katanya terlalu kurus akibatnya langsung terhidang berbagai makanan meja,O,1
Mon Apr 08 07:30:07 +0000 2013,0,ccmahardhikagyg rt ochiadrn gabagus kalau terlalu kurus katanya,O,1
Mon Apr 26 10:23:57 +0000 2021,1,jadi tadi kan beli es batu terus orangnya body shamingin katanya terlalu kurus mending gausah puasa sekalian jawab kalau puasa dosa akunya baligh terus ngatain tulang selangkaku dibuat pelihara ikan sumpah mau nangis rasanya,O,1
Mon Aug 02 11:52:32 +0000 2021,0,kang poto spik up katanya terlalu kurus [URL],O,1
Mon Aug 13 09:34:38 +0000 2012,0,suruh nggemukin badan sama ibuk terlalu kurus katanya okesip,O,1
Mon Aug 16 11:52:11 +0000 2021,2,suka lemon dimarahin mama makan lemon katanya terlalu kurus memang ngaruh yh,O,1
Mon Aug 17 14:06:17 +0000 2020,0,turun kilogram bulan seneng kok sama orangtua temen kerja disuruh jgn diet pantes katanya terlalu kurus pengen turun awal berat badan diet kilogram sekarang kilogram ideal badanku kilogram turunin kilogram kali,O,1
Mon Dec 16 23:12:45 +0000 2013,0,sebenernya turun penginnya angka bawah sama orang terdekat terlalu kurus katanya max,O,1
Mon Dec 31 11:18:17 +0000 2012,0,penghujung tahun disuruh makan banyak donars terlalu kurus katanya wkwkwkwkwk,O,1
Mon Feb 03 09:06:34 +0000 2025,1,terlalu suka pepaya kesehatan dipaksa makan pake coklat [URL],O,1
Mon Feb 03 11:10:13 +0000 2025,0,dipaksa makan satu buah naga ansseennkk makan berkacakaca krna doyan rasanyakalo bananasite blio mw menjokikan makan buah naga,O,1
Mon Feb 03 13:55:14 +0000 2025,0,hoak hoekkk trimester pertama pdahal aslam naik dipaksa makan kebayang gmana hamil gini dah lemes,O,1
Mon Feb 03 14:04:47 +0000 2025,2,gas langka orgtua masak buat anak nya anak nya dipaksa makan gratis sekolah asik program makan gratis nya berguna lol,O,1
Mon Feb 03 16:06:24 +0000 2025,0,rawon sup terbaik dunia suka sama suka banget mangga pernah dipaksa makan mangga nahan emosi banget,O,1
Mon Feb 17 04:18:53 +0000 2025,36732,hari ribuan pelajar turun jalan berbabagai wilayah tanah papua tolak makan bergizi gratis mbg anakanak sekolah dipaksa duduk dipaksa makan tangan berlumuran darah keluarga mbg [URL],None,0
Mon Feb 17 06:17:27 +0000 2025,0,yaa makan waktunya dipaksa makan malah nafsu makan disuruh makan mau nangis tuhan,O,1
Mon Feb 17 19:46:55 +0000 2025,4,dikatain dikasihanin kurus padahal badanku cuma ideal dimata standart u bikin sendiri bukan males makan punya duit buat makan,O,1
Mon Feb 17 23:45:40 +0000 2025,0,buset mah gambar memberi kesan otoriter gaksi kaya lu dikasih makan diperhatiin kalau dimakan dipaksa makan budaya militer banget sih anak sekecil dipaksa makan apa jadi tertekan,O,1
Mon Feb 24 07:13:46 +0000 2025,484,aduhh dipaksa ikut makan bareng one temen cih tungguin pulang cih ️,O,1
Mon Feb 24 09:11:48 +0000 2025,1412,tojay inmakiy falkenhaynz bahaya justru sperma jadi bayi lahir dunia mau sekolah dana pendidikan dipangkas dipaksa makan makanan basi kalau lulus susah cari kerja [URL],None,0
Mon Jan 27 05:50:11 +0000 2025,0,ulat sagu tau enak milky gitu rasanya penting jangan dipaksa makan kecoa kalajengking labalaba,O,1
Mon Jan 27 06:10:33 +0000 2025,3,dulu berat badan ideal banget wkwk cuman kgan tau naik gara apa covid covid minum obat makan selalu pas kena covid dipaksa makan terus setahun berobat psikiater dapet obat obatnya bikin gendut naik berat badan obat ngaruh hormon nafsu makan,O,1
Mon Jan 27 10:06:37 +0000 2025,0,bapak nyuruh makan nasi banyak katanya terlalu kurus padahal disitu megang lontong,O,1
Mon Jan 27 13:01:21 +0000 2025,0,mau makan iiihhh jangan dipaksa muuuluuuu,O,1
Mon Jul 01 00:01:20 +0000 2019,0,twntyeghtt sama terlalu kurus katanya,O,1
Mon Jun 17 00:52:03 +0000 2013,0,berat badan turunnya kebanyakan malah terlalu kurus katanya ⌣́˛⌣̀,O,1
Mon Mar 03 11:36:18 +0000 2025,6,benci banget sama orang hobinya maido orang kurus dipikirnya orang kurus punya lemak berlebih dipikirnya orang kurus punya paha bergelambir isinya lemak doang ototnya dipikirnya orang kurus buncit jadi perlu diet,O,1
Mon Mar 11 17:51:52 +0000 2024,0,rotikukus hahaha orang terlalu kurus katanya,O,1
Mon Mar 12 12:06:30 +0000 2012,0,cm kilogram terlalu kurus katanya ah,O,1
Mon Mar 17 09:22:25 +0000 2025,0,gak papa dikatain kurus banget dikatain gemuk banget lebih setres nurunin berat badan kan naikin,O,1
Mon Mar 17 09:28:40 +0000 2025,0,hengpon kurus banget kasian,O,1
Mon Mar 17 13:03:54 +0000 2025,1,cape banget jadi si kurus,O,1
Mon May 02 01:54:45 +0000 2022,0,pas tahun lalu insecure sama berat badan dibilang gendutan sekarang peduli sama badan dibilang kurusan,O,1
Mon May 17 07:08:14 +0000 2021,0,kmrn katanya gendut banget sekarang dibilang terlalu kurus,O,1
Mon Nov 25 13:21:54 +0000 2013,0,terlalu kurus katanya,O,1
Mon Oct 08 08:10:30 +0000 2012,0,dimarahi boss bukan salah bekerja dimarahi terlalu kurus katanya oalaaahh,O,1
Mon Oct 14 05:51:51 +0000 2013,0,terlalu kurus katanyajadi buat lu ajah nomernya p rt andhikabeen ratihwulandr lah bukan nya elu yah dapet nomor punggung,O,1
Mon Sep 05 16:01:31 +0000 2022,0,menyadari terlalu kurus sedikit stres jadi mamam coklat katanya bikin gemuk meredakan stres jadi senjata antimainstream ketimbang sebat [URL],O,1
Mon Sep 26 03:33:03 +0000 2016,0,betul kang nyalon ketua rw komplek halim gagal total katanya badan terlalu kurus buat figur pak erwe bersafari [URL],O,1
Mon Sep 27 17:04:35 +0000 2021,4,rek berhasik turun berat badan kilogram respon orangorang sekitarku malah ngatain kalau gapantes terlalu kurus wkwk katanya mending gendut ternyata bener yaa kalau dengerin omongan orang gabakal abisnya,O,1
Sat Apr 22 07:24:47 +0000 2023,0,katanya terlalu kurus taun kemarin masi gemuk iyalah orang taun kmren liburnya ampe bulan️️️️,O,1
Sat Aug 17 20:56:41 +0000 2019,0,katanya terlalu kurus sekalinya mau makan berenti berenti dasar,O,1
Sat Dec 06 15:19:55 +0000 2014,0,emak tuh paling rempong menyangkut masalah berat badan katanya terlalu kurus,O,1
Sat Dec 09 11:17:36 +0000 2023,0,ayah ngajak makan hampir x kekenyangan ajgg katanya terlalu kurus,O,1
Sat Dec 17 09:49:20 +0000 2016,0,deamarellap jgn terlalu kurus lho katanya kalau terlalu kurus jadi lebih gampang sakit hehe,O,1
Sat Feb 01 09:39:52 +0000 2025,0,tersiksa dipaksa makan cookies matcha,O,1
Sat Feb 08 14:59:41 +0000 2025,0,tiap selesai baca komik bikin kecewa entah sketch selalu update rasanya kaya dikasih air seger dipaksa makan makanan berlemak bikin eneg,O,1
Sat Feb 15 05:33:23 +0000 2025,0,perutnya biasa makan ubi dipaksa makan nasi stres,O,1
Sat Feb 15 10:04:49 +0000 2025,91,kenal makan momen orang benci durian dipaksa makan berakhir suka [URL],O,1
Sat Feb 15 15:49:28 +0000 2025,0,iyalah ngomel bagaimana ngomel nafsu makan malah dipaksa makan,O,1
Sat Feb 22 05:37:44 +0000 2025,2,fesss hari full nangis hari nya keluar kos samsek makan samsek smp dipaksa makan sama temen hari lgsg masuk kerja tempat baru masi suka nyuri nangis toilet kantor wkwkkw masi suka relapse,O,1
Sat Feb 22 12:17:16 +0000 2025,0,sebenernya kenyang banget dipaksa makan selalu,O,1
Sat Feb 22 13:41:26 +0000 2025,252,sakha kalau dipaksa makan sama jaswara [URL],O,1
Sat Jan 23 05:17:59 +0000 2021,0,kiri bulan foto qrt kanan bulan foto qrt suka banget disini bbku pas kilogram bahkan mau kilogram dahan ibuku suka katanya terlalu kurus padahal mah pendek banget harusnya normal kilogram paling targetku kilogram [URL],O,1
Sat Jan 25 06:23:52 +0000 2025,1,badmood ikan embulx dipaksa makan dulu sama mamih kkaseulgi [URL],O,1
Sat Jul 11 10:01:02 +0000 2020,766,stop bilang kok lo gendutan kok lo kurusan loh lo kok banyak jerawatnya stop bilang gitu lo gatau usaha buat nahan omongon lo misal lo bilang lo gendut lo tau rela diet usaha buat kurus gatau kan jadi stop buat bilang gitu,O,1
Sat Mar 15 20:52:48 +0000 2025,5,sih lo orang tua loh kok kerjaannya ngehina selalu tau gemuk diet langsung kegiatan diet ekstrim mungkin sehari hari keliatan badan kurus banget subuh padahal imsak gini apa salah,O,1
Sat May 01 10:05:58 +0000 2021,0,gemuk dikatain hampir tiap hari dipaksa buat diet sekarang pas kurus malah dimarahin katanya terlalu kurus bagus jadi jelek mau lo apa brengsek,O,1
Sat May 29 11:34:06 +0000 2021,0,abis lihat tt orang kalau pgn banget skinny pdhal badanny kurus ttp pengen skinny kilogram tinggi tiap hari body shame bahkan pernah body shaming ex sama emaknya ex menangis melihat,O,1
Sat Nov 16 00:18:01 +0000 2013,0,program menggemuk kan badan kritik selalu nya terlalu kurus katanya gemukin sdkit lebih cetar membahenol hahahaha,O,1
Sat Nov 16 15:55:02 +0000 2013,0,menanggapi katanya terlalu kurus belom deh ah kata sapa kurus,O,1
Sat Nov 16 15:59:30 +0000 2013,0,kurus sih pk terlalu rt dcdee menanggapi katanya terlalu kurus belom deh ah kata sapa kurus,O,1
Sat Oct 02 11:22:49 +0000 2021,0,sering banget terlalu kurus katanya,O,1
Sat Sep 04 11:15:03 +0000 2021,2,tw weight berat badan berat badan insecure ️ memang jadi gendut salah banget jadi cewek gendut jelek banget capek banget tiap ketemu orang terutama tementemennya ibu selalu dapet omongan gendut banget kurangin makannya kebesaran gini cont,O,1
Sat Sep 18 14:16:30 +0000 2021,0,bener pernah titik insecure sama berat badan dulu berat badan tuh kilogram sekarang kilogram sebenernya sih bikin insecure tuh bukan sama badan sendiri omongan orang gendutan sekarang ih kok jadi bulet ih bagusan kurus tau,O,1
Sat Sep 19 06:32:25 +0000 2020,0,terlalu kurus katanya wkwk,O,1
Sat Sep 22 17:02:27 +0000 2018,0,brp kali protes mama katanya terlalu kurus jelek terus suruh makan bener emg sekarang jarang makan balik normal gendut bilang jgn kebanyakan makan ngewa gendut oke lah,O,1
Sun Apr 13 04:48:04 +0000 2014,0,badan terlalu kurus katanya,O,1
Sun Apr 14 07:30:09 +0000 2013,0,td zulmajdiaz marah sbb terlalu kurus katanya haha plik aih,O,1
Sun Dec 03 02:57:34 +0000 2023,14,collegemenfess ovt insecure pikiran negatif terus tambah tekanan keluarga tidur makan teratur bangun pagi rasanya capek kdg tidur pagi procrastinating parah gmpang kedistrak tiap mlm nangis kurusan kalau ngerjain sering pusing smpe mo muntah hilang arah mau hilang rasanya,O,1
Sun Dec 04 17:08:54 +0000 2016,0,makin ramai suruh makan byk sbb kelihatan terlalu kurus katanya,O,1
Sun Dec 25 14:09:44 +0000 2016,2,makan malamku katanya terlalu kurus [URL],O,1
Sun Dec 30 08:29:06 +0000 2018,0,terlalu kurus katanya sih merasa kok tulang pipi nonjol berasa pake contour wajah saking tulang pipi membentuk bayangan,O,1
Sun Dec 31 12:11:35 +0000 2023,0,orang underweight paham bagaimana susahnya menuju weight goal sering dibully dibilang kurang gizi tepos jadi makanan sehari penting tetap usaha work out walaupun kadang muntah eneg lihat makanan mau nge gym takut anw semangat kaz,O,1
Sun Feb 02 13:57:50 +0000 2025,0,gabisa ajg dipaksa makan diri nahan nangis gini,O,1
Sun Feb 09 04:57:28 +0000 2025,1,global seoul budak tahun didera ibu bapa fizikal dipaksa makan sos buldak pedas arak [URL],None,0
Sun Feb 09 07:40:14 +0000 2025,0,dulu pernah suka makan sayur semenjak kenal selalu dipaksa makan sayur alhasil terbiasa makan sayurr break up semula [URL],O,1
Sun Feb 09 12:44:33 +0000 2025,0,lemes pusing mual dipaksa makan nasi hufttt mana masak sendiri allah pgn plg rsnya,O,1
Sun Feb 09 13:25:17 +0000 2025,2234,dipaksa makan mau nangis selama makan dahh wkwk mukanya beneran awal [URL],O,1
Sun Feb 09 13:30:38 +0000 2020,0,sangwarta pokoknya punya anak kembar tekanan keluarga sang suami anaknya satunya kurus si ibu ngeluh anaknya memang mau makan terus maksa anaknya buat minum susu eh keselek sebenernya dicekek ngeri waktu abang nonton liputannya,O,1
Sun Feb 09 14:35:40 +0000 2025,0,tau lambung nya kecil dipaksa makan nasi banyak biasanya cuma setengah centong kekenyangan kurus deh,O,1
Sun Feb 16 04:02:56 +0000 2025,1,baru tidur jam bangun jam langsung siapsiap kampus kampus langsung dipaksa makan naspad jangan komen sendok teh [URL],O,1
Sun Feb 16 11:25:32 +0000 2025,238,tw true crime junko furuta gadis cantik alami siksaan neraka selama hari dibunuh keji diculik sekelompok pria sadis diperkosa lebih kali disiksa cara terbayangkan dipaksa makan kecoak dibakar lilin panas [URL],O,1
Sun Feb 16 16:42:15 +0000 2025,4,keknya pengen deact ig agustus dapetin body goals rasanya insecure makin nambah banyak ngerasa capek banding bandingin diri terus,O,1
Sun Feb 16 17:00:41 +0000 2025,0,bantu adik dipukul dipaksa makan babi [URL],O,1
Sun Feb 23 04:42:20 +0000 2025,12,tuh bukan marah kena body shamming jaman sekolah dulu sering banget ngalamin body shamming body dulu kurus banget makanya sering caci maki body sekarang tuh body goals inginkan selama bener sedih banget sih kena body shamming tadi tuh,O,1
Sun Feb 23 10:54:05 +0000 2025,0,mager makan tuh dipaksa makan males masak waduhhhh goputtt terosss,O,1
Sun Feb 23 11:07:42 +0000 2014,0,lahh foto kak dicky du ejk sama mama katanya terlalu kurus sukanya sama eja katanya idungnya bergelombang cakep,O,1
Sun Feb 23 12:09:12 +0000 2025,0,kalau mau makan tuh nunggu lapar banget dulu kalau lapar terus dipaksa makan tuh mau keluar ril sekarang begini fakmen wek gaenak banget asli deh,O,1
Sun Feb 23 12:42:08 +0000 2025,0,dijajanin oknum guys dipaksa makan nasi [URL],O,1
Sun Feb 23 13:38:37 +0000 2025,14,kaya bocil dipaksa makan sama mama nya jadi ngunyah males malesan cemberut nasi ditelen telen malah simpen pipi [URL],O,1
Sun Feb 23 14:16:28 +0000 2025,0,suka kuning telur suka perbawangan suka seledri suka sayur dipaksa makan suka hati ayam pepaya strawberry pokonya buah cuma suka jeruk mangga anggur apel banyak lainnya disuka kebanyakan,O,1
Sun Feb 23 14:57:20 +0000 2025,8,loosetrops tanyarlfes real pernah sama ibuku suudzon tempat sodara disuguhin lumpia semarang punya balita bilang jorok banget rumahnya pesing banget terus pas dipaksa makan lumpia katanya enak dimulut rasa kencing banget anjrrrr merasa sgt bersalah,O,1
Sun Jan 16 12:31:37 +0000 2022,0,gempong terlalu kurus katanya,O,1
Sun Jan 19 09:15:17 +0000 2020,0,post foto diri sendiri disuru makan katanya terlalu kurus post foto makanan dibilang inget perut temanku lama makin mirip netijen,O,1
Sun Jan 19 11:19:05 +0000 2025,0,gadibolehin katanya terlalu kurus waktu bbku,O,1
Sun Jan 19 14:51:05 +0000 2014,0,berat badan turun senengnya engganya banyak protes ∂ķΰ kurus berat turun kilo terlalu kurus banget katanya,O,1
Sun Jan 26 02:38:20 +0000 2025,0,kasian banget sumpah bocil sekarang gamau makan dibilang bersyukur dipaksa makan malah sakit sendiri,O,1
Sun Jan 26 05:40:19 +0000 2025,3,kalau sedih jangan dipaksa makan gakenak cok,O,1
Sun Jan 29 02:41:02 +0000 2023,0,ngeri cuy dulu guru ppkn sukanya skinny shaming sama temenku gilak banget hawanya diri pen misuh kalau lihat guru ikutan sakit ati cuy,O,1
Sun Jul 10 11:42:54 +0000 2022,4,gaboleh diet ama mchan katanya terlalu kurus yaudah mukbang makan mie bungkus [URL],O,1
Sun Jun 14 10:31:55 +0000 2020,0,diingetin sama bapak ibu jangan jogging terlalu ketat katanya terlalu kurus cuma mau ilangin side thigh fat,O,1
Sun Jun 30 06:53:56 +0000 2013,0,disuruh kasi naik badan terlalu kurus katanya,O,1
Sun Jun 30 12:49:58 +0000 2013,0,makane ojo diet tok mbak p rt palupidw dimarahin sama mbah gara terlalu kurus katanya,O,1
Sun Mar 02 10:13:47 +0000 2025,0,capek banget dikatain kurus selalu,O,1
Sun Mar 02 21:24:17 +0000 2025,0,pas sahur tadi mama ngomong gini makan banyak kurus banget keliatan jelek trus ku jawab kan puasa usah puasa makan terus trus mama jawab orang kurus garagara puasa kamu wahh bahaya orang rumah mulai komen berat badan,O,1
Sun Mar 13 01:50:00 +0000 2022,4,insecure banget dibilang kurus bbku cuma kgcm tips naikin berat badan dong guys,O,1
Sun May 16 17:30:04 +0000 2021,6,rek kasih tips buat naikin berat badan dong insecure dikatain kurus banget sama cowo sendiri padahal gangerasa gitu plis kasih tips muanjur rek suwun,O,1
Sun May 26 14:53:19 +0000 2013,0,terlalu kurus katanya,O,1
Sun Nov 21 01:26:56 +0000 2021,0,w dibilang mak kayak alien terlalu kurus katanya,O,1
Sun Oct 12 11:31:03 +0000 2014,0,katanya terlalu kurus,O,1
Sun Oct 16 11:22:51 +0000 2022,0,pengen sekurus tpi kilogram diamuk masa keluarga katanya terlalu kurus bgst,O,1
Thu Apr 06 02:24:19 +0000 2023,0,lawak kali dimarah katanya terlalu kurus wkwkw br notice padahal tiap hari ketemu,O,1
Thu Apr 30 10:55:06 +0000 2015,0,diet terlalu mainstream katanya terlalu kurus w mama at pizza hut pic [URL],O,1
Thu Aug 08 03:12:11 +0000 2013,0,bener kan diomelin kan terlalu kurus katanya suruh nambah kilogram lah malah pengin nurunin kilogram pasanglakbandimulut,O,1
Thu Dec 19 12:53:02 +0000 2019,11,woi sih diliat fisik terus capek capek giliran gemuk disuruh kurus mau katanya giliran kurus dibilang terlalu kurus lo gaada mau bacot banget alig gaada basa basi basi apaa,O,1
Thu Dec 25 14:16:12 +0000 2014,0,mom said ika bantuak urang sakik efek terlalu kurus katanya,O,1
Thu Feb 06 11:05:28 +0000 2025,0,derita punya aslam pengen makan tetep dipaksa makan soalna makan resikonya maagnya bakalan kambuh,O,1
Thu Feb 06 12:19:11 +0000 2025,0,kapan rangorang mengerti kl dipaksa makan tuh enak ppek stop maksa gwehj makan [URL],O,1
Thu Feb 06 12:43:09 +0000 2025,0,okeee besok² bkl beli pempek k soalnya beli k kekenyangan banget dipaksa makan habis,O,1
Thu Feb 13 05:56:02 +0000 2025,0,mood makan dipaksa makan sakit,O,1
Thu Feb 13 11:37:20 +0000 2025,0,mau pulang eh dipaksa makan [URL],O,1
Thu Feb 13 11:55:41 +0000 2025,2,dipaksa makan nasi awalnya kdpp malah sakit kepala anjenk,O,1
Thu Feb 13 19:23:10 +0000 2025,2,kdg kangen pagi buah dikupas amp dipaksa makan a b c sama emak lt,O,1
Thu Feb 20 13:48:02 +0000 2025,5,yuta istri trimester awal dipaksa makan sama suaminya [URL],O,1
Thu Jan 21 15:11:23 +0000 2021,1,pengen dinner no carbs mak suruh habiskan nasi,O,1
Thu Jan 30 01:06:33 +0000 2014,0,terlalu kurus katanya astagaaaaa arrrggggg,O,1
Thu Mar 20 07:50:48 +0000 2025,0,dibilang kurus banget,O,1
Thu May 23 01:54:45 +0000 2019,0,mamak ngomel nyuruh makan terlalu kurus katanya,O,1
Thu Nov 24 14:09:50 +0000 2016,0,terlihat lah lengan katanya terlalu kurus disuruh lah balik pola makan normal,O,1
Thu Sep 12 03:01:32 +0000 2024,14,telyu merasa insecure sama diriku sendiri berat badan naik kilogram efek obat psikiater rasanya sedih banget selalu diblg lebaran gendutan dibercandain sama keluargaku sendiri wajar sih sedih insecure gini cont,O,1
Thu Sep 22 08:18:49 +0000 2022,0,roasting ibu penjual soto depan dealer katanya terlalu kurus,O,1
Tue Aug 08 16:17:03 +0000 2017,0,lukaetren really im glad to hear that terlalu kurus katanya huhu,O,1
Tue Feb 05 09:44:25 +0000 2013,0,terlalu kurus katanya,O,1
Tue Feb 11 06:25:01 +0000 2025,0,lebih emosi kalau dipaksa makan sii makan dulu nama guesusah banget kalau disuruh makan enak tuh lauknya makan dulu sana berulang kali eh tau kapasitas kapan lapar kapan gausa maksa beneran seemosi cabut dah wkwk,O,1
Tue Feb 11 12:49:03 +0000 2025,1,rogol kali x lelaki hari masukkan alatan tajam panas v dubur abdomen dalaman rosak habis dipaksa makan lipas minum air kencing mstubate gantung atas siling dipukul alatan besi berbogel in hari mati rpist only jail in few yr,None,0
Tue Feb 14 16:14:43 +0000 2023,0,insecure sama berat badan sendiri males ketemu orangtemen selalu komen kurus kurus kurus sih diem ih sedih banget sumpah,O,1
Tue Feb 18 07:36:09 +0000 2025,270,paksa makan makanan dimasak tangan² militer penjajah penuh darah darah keluarga bantai dipaksa makan makanan penuh rasa amis darah orang² cintai darah tumpahkan mempertahankan kekuasaan [URL],O,1
Tue Feb 18 09:37:57 +0000 2025,0,dipaksa makan siang gez,O,1
Tue Feb 18 11:12:03 +0000 2025,0,dipaksa makan buah ampe segininya banyak bener anggur kamar masyaallooooh,O,1
Tue Feb 18 13:30:53 +0000 2025,0,dipijak dulu baru dipaksa makan mbg,O,1
Tue Feb 18 13:44:24 +0000 2025,13,convomf orang papua budaya aslinya bukan makan nasi dipaksa makan nasi akhirnya ketergantungan kiriman beras pusat disuruh nanam padi tanah bukan cocok buat sawah hadeh,O,1
Tue Feb 25 13:46:49 +0000 2025,1,bayangin orang alergi udang dipaksa makan udang obat alergi instead of ngehindarin udang malah lebih milih cari obat alergi,O,1
Tue Feb 25 14:00:16 +0000 2025,1,alhamdulillah another rejeki anak soleh hari my good friend made a quick visit jogja terus jajanin ampe dibungkusin what did i do to deserve so many kindhearted friends tau kalau dipaksa makan bakal lupa makan kalau depan laptop [URL],O,1
Tue Jan 28 16:00:21 +0000 2025,0,sepupuku masuk tentunya disuruh daftar pamapersada maksudku semarang ibuku takut tambah gendut,O,1
Tue Jan 28 17:33:35 +0000 2025,0,cewe tuh yaa kalau sama cowo suka ngerasanya kayak kenyang teruuuuuusss dipaksa makan yaaa jdnya abisss cuma garagara sebatas sama lover mannya,O,1
Tue Jul 20 03:06:31 +0000 2021,1,asli sll dimarahin katanya terlalu kurus padahal gembrot begini aneh banget,O,1
Tue Mar 11 17:42:09 +0000 2025,0,jirr turun berat badan kilogram pantes dibilang kurus banget,O,1
Tue Mar 11 18:44:06 +0000 2025,1,makin sedih pas peluk diri sendiri kurus banget jir makin males pulang rumah ditanyain kok kurus banget mah anakmu hidup ogahogahan makan kepikiran,O,1
Tue May 12 12:59:36 +0000 2020,0,katanya terlalu kurus tinggi banget ukuran cewek mata sipit cina diubah cuma berat badan akhirnya makan ngawur eh jerawatan skg katanya loh kok jerawatan sini maju kau mau ku jambak,O,1
Tue May 17 12:29:12 +0000 2016,0,kesekian kali kena protes masalah badan katanya terlalu kurus padahal naik berat badan,O,1
Tue Nov 08 10:05:06 +0000 2022,0,oe paling insecure perihal berat badan badan oe ndak sebagus keluarga besar lainnya langsing atletis oe begini makan banyakan naiknya signifikan sisi goyang dikit turunnya signifikan,O,1
Tue Nov 12 11:42:37 +0000 2024,0,kurleb sebulan nimbang pas tadi nimbang ternyata naik kilo wkwk gak papa deh omelin emak terlalu kurus katanya,O,1
Tue Oct 13 02:53:28 +0000 2020,5,suka insecure sama berat badan padahal kurus kurus kata orang orang terlalu kurus,O,1
Tue Sep 02 03:30:27 +0000 2014,0,katanya jangan terlalu kurus enak dipeluknya katanya ️,O,1
Tue Sep 26 14:24:47 +0000 2023,5,lama makan indomie eh kemaren bandung dipaksa makan indomie tengah malam sama wanita jadi jadian sekarang ngidam indomie yaallah stop mikirin mie,O,1
Wed Apr 16 15:51:23 +0000 2014,0,terlalu kurus katanya,O,1
Wed Apr 17 13:15:33 +0000 2013,0,suka tubuh kurang suka terlalu kurus katanya huhhhh s,O,1
Wed Feb 05 01:02:13 +0000 2025,0,anti bnget makan telur rebus sama suamiku dipaksa makan rebusin dipotongin kecil kecil ditungguin nelen habis,O,1
Wed Feb 05 17:31:51 +0000 2025,0,era orba masyarakat papua dipaksa makan nasi program revolusi hijau sehat sempurna sekarang masyarakat papua dipaksa makan nasi kebijakan mbg kebijakan apa gerakan peng obesitas an masyarakat,O,1
Wed Feb 12 02:03:56 +0000 2025,0,banget mabuk duren mateng banget pdhl cm makan biji emg dagingnya tebel polll smpe eneggg dipaksa makan sama tuan rumah,O,1
Wed Feb 12 02:38:42 +0000 2025,0,dipaksa makan minum obat,O,1
Wed Feb 12 07:19:00 +0000 2025,2,bantu adik dipukul dipaksa makan babi bhnasional lelaki terpedaya tawaran kerja kini terperangkap myanmar mohon diselamatkan pulang malaysia [URL],O,1
Wed Feb 12 07:55:14 +0000 2025,0,adik menderita dipukul dipaksa makan babi merayu dibawa pulang segera negara justeru berharap kerajaan malaysia thailand membantu menyelamatkan adik terperangkap myanmar sejak november tahun lalu akibat terpedaya bekerja [URL],O,1
Wed Feb 12 09:23:07 +0000 2025,0,lapar kalau dipaksa makan mual,O,1
Wed Feb 12 09:33:37 +0000 2025,1,lelaki diculik dipukul amp dipaksa makan babi lepas terpedaya konon kerja thailand [URL],O,1
Wed Feb 12 10:01:44 +0000 2025,0,lrt nwa wkwkwkw dipaksa makan natto,O,1
Wed Feb 12 13:10:15 +0000 2025,0,dlu suka duren selalu dipaksa makan sama masku kalau makan bakal dimarahin eh sekarang malah sukaaa hihihi [URL],O,1
Wed Feb 19 04:40:32 +0000 2025,0,break dulu makan siang jangan dipaksa,O,1
Wed Feb 19 12:13:31 +0000 2025,0,sebenernya tuh tipe orang males makan tpi keinget gmn mual pas sakit kmrn gamau ngerasain jdi mau gamau dipaksa makan hueeee,O,1
Wed Feb 19 13:43:52 +0000 2025,8,bayangin lu dipaksa makan sst ditny butuh makan cocok menunya sama lu lu pny alergi sama makanan tiba lu ditangkepin protes diserang deddy corrupbuzzerp urusan pikiran direpresi urusan perut direpresi apa tersisa dr kemerdekaan diri lu,O,1
Wed Feb 26 08:12:46 +0000 2025,0,sih seluruh pemerintah dr paling atas presiden paling rendah rt beserta kaki tgn nya dipaksa makan begini hah jgn cuma bacot doang,O,1
Wed Feb 26 09:59:19 +0000 2025,0,dipaksa makan menu mbg diblender,O,1
Wed Feb 26 14:37:53 +0000 2025,19,gastrokolonialisme amp nekropolitik terjadi papua dipaksa makan nasi upf sistem pangannya dihancurkan negara menggunakan kekuatan militer pembiaran kematian cara kontrol atas produksi pangan rasialisasi diskriminasi berkelindan,O,1
Wed Feb 26 14:57:56 +0000 2025,0,kalau kalian punya anak terus anaknya trauma tetep dipaksa makan mbg gmn kalian tetep taat gtu sama maksa ngasih makan,O,1
Wed Feb 26 18:18:46 +0000 2025,0,ibarat kata kenyang dipaksa makan muak bet anjing [URL],O,1
Wed Feb 26 23:11:04 +0000 2025,0,buah naga rasanya buat bit tanah tanahnya cuma lebih asem pepaya nono tekstur rasanya terus kematengan dikit langsung jemek tetep dipaksa makan semua wkwk,O,1
Wed Feb 27 12:05:27 +0000 2013,0,baru kali diomelin beberapa orang gara kurus jangan terlalu kurus katanya ⌣́¸⌣̀°,O,1
Wed Jan 05 16:54:28 +0000 2022,0,misalnya lo insecure sama berat badan ngajakin lo olahraga puasa bareng misalnya bukan malah bilang iya nih kamu gendut diet gih,O,1
Wed Jul 29 09:26:36 +0000 2015,0,katanya terlalu kurus enak dipeluk,O,1
Wed Jun 15 12:36:02 +0000 2022,0,tadi aing bilang bapak aing mau coba donor darah malah bilang kurus katanya gabisa donor kalau terlalu kurus,O,1
Wed Mar 06 05:23:55 +0000 2013,0,nh mka ny mnum susu kmr minum gih xd rt blackcat fahmyferyal tammy terlalu kurus katanya gendutan,O,1
Wed Mar 12 09:47:15 +0000 2025,0,baddddmooodddd kalee dibilang kamu kurus banget,O,1
Wed Mar 12 10:37:35 +0000 2025,9,tipe bocil makan nya gampang banget saking gampangnya doyan apa baru berenti kalau muntahbocil begini mirisnya banyak orang tua seneng kalau anaknya doyan makan bahkan muntah gt pola makan anak kontrol ege kasian kalau ud gede kegemukan,O,1
Wed Mar 16 09:10:58 +0000 2016,0,diceramahin selalu gara terlalu kurus katanya karibooo bawel,O,1
Wed Mar 19 13:25:04 +0000 2025,0,again ketemu temen lama dibilang kurus banget sekarang pengen gemuk berisi,O,1
Wed Mar 27 05:55:26 +0000 2024,0,tanyarl titipan baru sih cuma berat badan stuck kilogram tb cm insecure banget suka dibilangin kecil rata kurang gizi saran obat penambah berat badan vitamin penambah berat badan apa yaa,O,1
Wed May 19 04:30:18 +0000 2021,3,jujurrr insecure banget sama berat badan sekarang semua orang bilang gemuk banget bener gemuk usaha woooy andai kalian tauuu minta dibayarin catering diet cuma cukup jgn tambah bikin insecure gt plis jaga lisan ajaaaah,O,1
Wed Nov 17 04:06:26 +0000 2021,2,bertanyarl sini dm nder kurus rose apresiasi malah sering dibully soalnya terlalu kurus katanya,O,1
Wed Nov 18 02:18:19 +0000 2020,120,mama pagi dah suruh makan berkalikali katanya w terlalu kurus sekarang,O,1
Wed Oct 16 17:44:49 +0000 2013,0,disuruh naikin berat badan terlalu kurus katanya diprotespacar,O,1
Wed Sep 26 22:14:51 +0000 2012,0,temen lama baru bilang kalau ganteng tapiii terlalu kurus katanya masa iya,O,1
Sat Jul 13 11:40:37 +0000 2024,1,jangan salty pls tb berat badan memang dibilang gendut sender dibilangin gendut sama orang disekitar sender katanya berat badan ideal cuma tetep jadi pede soalnya temen sender kuruskurus ditambah bahu sender lebar huhu,O,1
Fri Sep 06 03:27:15 +0000 2024,0,rasain dikatain kurus sama orang badannya idealideal banget bahkan gendut️,O,1
Fri Mar 08 17:47:22 +0000 2019,36,waduh agnezmo barubaru kena kritik warganet nih dibilang terlalu kurus memang bagaimana cara simpel mengitung berat badan ideal agnezmo via detikhealth [URL],O,1
Thu Sep 05 10:13:47 +0000 2024,0,ternyata berat badan belom ideal padahal sering dikatain kurus cungkring,O,1
Thu Oct 24 15:30:20 +0000 2024,0,orang mi tegur badan ku makin kurus hari bukan kurus berat badan ideal,O,1
Mon Sep 02 12:01:10 +0000 2024,0,usahakan berat badan ideal sekarang kurus banget jir y x tb berat badan cuma,D,1
Fri Feb 14 03:59:59 +0000 2025,12,saran buat lakilaki punya kriteria fisik tertentu memilih pasangan misal tinggi berat badan sekian sekian mending dihitung tinggi badan sekian berapa berat badan idealnya sehat ideal jauh lebih baik dibanding kurus,None,0
Thu Feb 06 11:27:13 +0000 2025,19,kalau tb min cm berat badan ideal buncit banget kurus gym body lebih asoy gigi rapih acakacakan bau mulut kalau ngomong keliatan gigi atas bukan gigi bawah wangi bau ketek bau apek cakepnya tipeku ganteng,None,0
Tue Jan 07 15:45:30 +0000 2025,0,gunanya tipe ideal sih kalau tipemu cowok kurus yaudah carilah cowok kurus usah bilang geli geli cowo berotot kayaknya peduli lu mau ilfeel bagaimana stop merasa jadi pusat dunia,None,0
Fri Sep 13 14:23:04 +0000 2024,6,lrt pantes y pinggang icchan langsing banget kurus ideal gitu,None,0
Wed Jan 15 15:28:54 +0000 2025,0,berat badan ku tuh sebenernya ideal kurus paha ku allah tabarakallah bokong ku semok banget bagaimana cara ngecilin paha pls,D,1
Mon Nov 11 02:59:52 +0000 2024,0,dulu sering dibully gendats lari keliling lapangan paling akhir sekarang kurus sih hobi ngegym terakhir ngecek massa otot lebih tinggi paksu bbnya ideal,O,1
Fri Jan 31 01:30:00 +0000 2020,18,sempat minder bentuk badan ideal terlalu kurus ajil merasa berubah apa ceritanya hingga ajil menjadi personal trainer simak kisah perjuangan ajil akudanjakarta terbaru cnnindonesia lewat tautan [URL] [URL],None,0
Thu Feb 06 08:18:29 +0000 2025,0,iri sama badan ku mau kurus mau gendut mau ideal suka suka lahh mau makan banyak dikit ngatur ngatur julit lo tetangga orang seneng lihat badan sekarang lo sirik bu,O,1
Tue Sep 03 11:51:47 +0000 2024,0,badanku cukup ideal sekarang lebih kurus,None,0
Tue Jan 14 06:47:32 +0000 2025,0,gendut bukan berarti obesitas kurus bukan berarti sehat yaa guys terlalu kurus membuat tubuh rentan sakit loh mencapai berat badan ideal yuk ketahui tipsnya sini [URL] [URL],None,0
Wed Aug 01 12:15:44 +0000 2012,3,sedot lemak bukan kurus bikin lekuk tubuh ideal [URL] via detikhealth,None,0
Wed Feb 05 15:29:10 +0000 2025,3,saran naikin berat badan dong guys berat badan ku kilogram padahal tb cm kurus banget tiap ngeluh kurus orang lihat bilang ideal idol kpop cape naik² berat badan nya padahal umur dah,D,1
Thu Feb 20 01:38:44 +0000 2025,1,lihat orang badannya ideal terus sekarang jadi kurus i mean kurusnya bukan ubah pola hidup jadi sehat makan sehat lebih banyak aktivitas pokoknya kurus sehat gitu ngalamin berat kurus sehat gitu,None,0
Wed Oct 23 07:21:10 +0000 2024,0,gausa panggil anakku mbot ndut soalny anakku fisiknya ideal gemoy kurus gausa kasih ak ekspektasi lebih soal fisik anakku anakku sehat naik berat badan nya alhamdulillah sesuai buku kia ak gamau menuntut anakku jadi gendut dibilang gemes gemoy gaperlu,None,0
Sat Feb 08 10:25:43 +0000 2025,0,eh anjing masalah dikatain gendut bongsor segala macem sadar kok badan memang gitu berusaha buat turunin berat badan minimal lo ngaca anjing lo pikir badan lo kurus kering ideal tete punya,O,1
Thu Jul 11 02:47:06 +0000 2024,0,allah mau naik berat badan berat badan ideal kurus banget,D,1
Wed Jul 10 15:38:19 +0000 2024,0,hari pertama ngegym coba pakai pt dulu tau fungsi masing alat ngerasa diliatin tpi sedikit perhatian k terdengar ngomng badan dah kurus ideal mau apa coba ngerasa jujur iya dr datang k gym badan lebih terlihat ideal dibanding,None,0
Sun Nov 17 04:47:23 +0000 2024,4,bapakku dulu awalnya kurus sejak kecil ideal usia badannya terlihat segar padahal pernah work out olahraga perutnya bahkan buncit,None,0
Fri Jan 17 02:26:06 +0000 2025,0,pengen nurunin sedikit seimbang daridulu memang maunya pas ideal terlalu kurus,None,0
Thu Jan 02 11:42:33 +0000 2025,0,memang cewe gemuk kurus banget ideal gitu,O,1
Sat Feb 01 10:00:00 +0000 2020,17,sempat minder bentuk badan ideal terlalu kurus ajil merasa berubah apa ceritanya hingga ajil menjadi personal trainer simak kisah perjuangan ajil akudanjakarta terbaru cnnindonesia lewat tautan [URL] [URL],None,0
Sun May 19 11:57:28 +0000 2024,0,semoga berat badanku ideal jangan kurus banget jangan gemuk banget pls stres sedih kl gt,D,1
Sat Apr 09 01:00:13 +0000 2011,4,tahan lapar wortel [URL],B,1
Sat Sep 07 11:17:37 +0000 2024,0,tahan lapar besok,B,1
Mon Dec 30 09:58:24 +0000 2024,0,ngerjain skripsi perpus enak cuma minusnya tahan lapar egk ngemil [URL],B,1
Thu Feb 27 00:52:55 +0000 2025,0,menangis tahan lapar,B,1
Sat Jul 20 15:13:22 +0000 2024,0,tahan tahan lapar,B,1
Wed Feb 26 03:02:25 +0000 2025,0,tahan lapar sore [URL],B,1
Mon Jan 06 12:25:38 +0000 2025,0,tahan lapar nak capai misi tahun lepas,B,1
Tue Feb 18 14:00:50 +0000 2025,11,takpelah lebih baik tahan lapar perlu kurus,B,1
Fri Jan 10 02:57:34 +0000 2025,0,tahan lapar jam siang,B,1
Tue Feb 11 08:13:14 +0000 2025,0,tahan lapar gendut selamanya,B,1
Wed Jan 08 06:59:43 +0000 2025,0,ku tahan lapar wkwk,B,1
Wed Feb 26 03:59:53 +0000 2025,0,minum americano tiap pagi tahan lapar malah jadi cepet lapar anjr,B,1
Sun Feb 16 11:28:16 +0000 2025,143,makan makan lama obesitas [URL],B,1
Fri Nov 05 10:09:59 +0000 2021,0,ih gaboleh mikirin makanan terus mikirin tiyo terus kurus,B,1
Thu Apr 23 22:18:40 +0000 2020,3,bulan puasa mikirin makanan terus batal,B,1
Mon Jan 15 04:37:38 +0000 2024,0,stop mikirin makanan terus,B,1
Thu Feb 27 01:04:55 +0000 2025,0,nasihatin orang buat makan ehh akunya makan seharian dasaar,B,1
Thu Feb 20 09:40:50 +0000 2025,31,cepillaa nah kalau selalu craving for sweet food bagaimana buat stop makan nasi or berlemak lainnya kl urusan kopsu dessert susah bener,B,1
Mon Aug 28 11:09:36 +0000 2023,4132,matcha nya beau enak pesen no gula minumnya guilty hehe [URL],B,1
Wed Sep 06 13:56:23 +0000 2023,6,nyobain butterscotch sea salt latte fore sekian lama stick to pandan lattenya enak sii guilty yah minumnya manis banget kopinya kurang berasa ketimbang pandan lattenya mana tadi minta less gula [URL],B,1
Fri Jun 01 11:44:53 +0000 2018,0,makan nasi padang terbitlah guilty,B,1
Sun Nov 24 08:20:07 +0000 2024,2,allah seminggu x ngopi luar ngerasa guilty banget sama badan walaupun minta less sugarmulai mingdep mau healty eat pokoknya fess,B,1
Sun Dec 08 06:21:39 +0000 2024,0,lupa minta less gula ngerasa kopi manis banget anjir tenggorokan i feel guilty too ughhhhh,B,1
Sun Oct 29 01:50:09 +0000 2023,2,feeling guilty banget kl beli minuman lupa blg minta less gula ‍️‍️‍️,B,1
Fri Oct 04 16:44:08 +0000 2024,0,hari bener feeling guilty banget sama badan pagi minum kopi walopun less gula tetep gula sore makan pancake piring gede minumnya stroberi milkshake trus minum kopi maapp badan puasa yaa,B,1
Tue Mar 12 15:07:23 +0000 2019,0,harusnya tadi minta less gula less ice feeling guilty asupan gula jam segini,B,1
Thu Sep 05 09:14:35 +0000 2024,0,convomf dulu rasa bersalah sekarang makan nasi banyak guilty takut malah sweet tooth gula craving terus,B,1
Tue Dec 26 17:58:09 +0000 2023,0,foodfess saranin buat mau coba matcha latte kepikiran gula nya no gula amp susunya pilih oatmilk yaa beda k kalau pake oatmilkjadi less guilty deh,B,1
Tue Sep 05 04:48:51 +0000 2023,0,nadiraspace paling bener beli no gula guilty nya gedegede banget,B,1
Tue Dec 26 21:25:05 +0000 2023,0,foodfess minum segini apa feels guilty minum reg selalu kepikiran gulanyaaaa pdhl uda less gula,B,1
Mon Jul 01 08:56:44 +0000 2024,0,feeling guilty hari minum kopi susu brown gula boba,B,1
Fri Aug 04 13:48:41 +0000 2017,204,petanda kau hampir gemuk banyak typo cepat rasa mengantuk suka tidur bila jalan sikit lenguhlenguh suka mengunyah,B,1
Fri Jan 10 15:42:08 +0000 2025,3,gajadi minum abis makan martabak lebih takut makin gendut soalnya,B,1
Sun Feb 23 17:50:25 +0000 2025,2,laperrr takut gendut walaupun gendut si,B,1
Tue Jan 14 04:16:42 +0000 2025,0,tengah januari stok nastar rumah abisabis takut banget gendut deh makanin nastar selalu,B,1
Sat Jan 18 22:18:25 +0000 2025,0,pernah tengah malem lapar ditahan takut gendut makan malem makannya subuh️,B,1
Sat Feb 15 20:07:26 +0000 2025,0,tiap abis makan mie terus lihat badan karina jadi nyesel makan,B,1
Thu Feb 29 09:55:58 +0000 2024,0,sumpah gbs berenti makan hri makan nasi x lapar gila lu rakus banget g ngerti lapar trus habis makan nyesel gt terus smpe mampus,B,1
Fri Oct 18 07:06:18 +0000 2024,0,pernah sih lu selalu ngerasa bersalah tiap kali makan bawaannya nyesel terus kayak ih padahal tuh nahan lapar lebih lama lagi️ gitu terus ampe busung lapar,B,1
Mon Aug 12 13:05:58 +0000 2024,0,kalian pernah sih malem malem makan mie terus abis makan ngerasa nyesel terus mikir besok makan mie nya,B,1
Tue Feb 06 01:37:48 +0000 2024,0,abis makan mie terus nyesel,B,1
Thu Jun 13 16:57:34 +0000 2024,1,nyesel makan nasi padang malem malem gini rasanya mau keluar gerbang terus lari puteran,B,1
Tue Apr 30 14:22:00 +0000 2024,1,capek ngingetin diri sendiri ngemil selalu sama makan porsi banyakk abis makan nyesel gitu terus siklusnya,B,1
Mon Aug 12 01:18:07 +0000 2024,0,masak mie terus nyesel makan sskarang,B,1
Sun Jun 18 04:38:31 +0000 2023,0,haduu mau tes malah pengen boker mules terus perut nyesel makan,B,1
Sun Sep 15 16:34:51 +0000 2024,0,abis makan baso aci terus tiba tiba nyesel,B,1
Thu Nov 07 15:51:49 +0000 2024,0,jam segini makan pasta terus nyesel wow are we in self destructive era,B,1
Wed Feb 26 15:41:07 +0000 2025,0,akhirnya sembuh jam severe headache bikin bolak balik wc paham jam pagi tadi langsung pusing mana makan sama sekali obatnya cuma tidur gangguan sekarang jam segini kelaparan takut mau makan,B,1
Sat Feb 15 13:43:56 +0000 2025,5,bukan gemuk obesitas [URL],D,1
Tue Oct 13 16:03:43 +0000 2020,0,mau substitute karbo sama sayur full takut rambut rontok,D,1
Sun May 12 03:22:29 +0000 2024,0,karbo suka nasi sekarang takut sama nasi apalah apalah,D,1
Mon Mar 29 15:35:52 +0000 2021,0,takut gemuk gara gara karbo lemak cuma takut gemuk gara gulaa doang,D,1
Tue Nov 12 08:54:41 +0000 2024,0,stop makan nasi jarang konsumsi gula berat badan langsung naik kilogram jadi konsisten workoutnya mager jadi otomatis lemak numpuk bagian tertentu sediihhhhhh,D,1
Mon Aug 19 10:01:04 +0000 2019,517,pertama kali masuk jeketi beratnya kilogram terus sekarang kilogram alias naik kilogram hahahaha cara gendut selalu makan malem minum susu orgnya pernah sarapan dr dulu makan selalu sama nasi makan banyak kemaren sempet sehari makan porsi,D,1
Mon Dec 30 16:57:24 +0000 2024,0,one day i hope badan kurus gausah nunggu sejam kalau mau tiduran pas abis makann ngerasa nyesel soalnya takut gendut,D,1
Sat Aug 08 15:40:51 +0000 2020,424,sering banget ngerasa gendut gendut artian ngelewatin batas normal berat badan diri sendiri biasa sekarang mau,D,1
Wed Jan 01 08:12:14 +0000 2025,0,bukannya takut bulking cuman takut gendut sekarang gemuk sih,D,1
Thu Dec 26 09:51:31 +0000 2024,0,bener² takut banget gendut benci bngt tiap ngeliat badanku jadi berisi semok gt ewh banget lah gamauu semojkkkk gweh pendek ih mimpi buruk,D,1
Tue Jan 07 02:38:32 +0000 2025,0,jangan takut terlihat gendut takutlah bila terlihat kasat mata,D,1
Tue Mar 04 15:31:03 +0000 2025,0,takut banget gendut elah benci,D,1
Fri Dec 13 23:02:34 +0000 2024,0,dunia takut sama allah cuma takut gendut i ll do anything just to stay skinny,D,1
Tue Feb 25 11:26:13 +0000 2025,0,pen jajan takut gendut inget inget deh wisuda july awas ye kalau press body,D,1
Mon Dec 16 06:00:36 +0000 2024,0,cewe takut keliatan gendut pas foto sieun teu cukup kana memori hp na,D,1
Thu Jan 09 16:12:04 +0000 2025,0,pengen bggtttt fokus jualan kue pengen banget bikin takut laku jualannya wkkwwkwkwkwkwkwk takut bosen takut makin gendut jalan huaaaaa,D,1
Thu Mar 06 16:22:15 +0000 2025,0,hobi makan tengah malem banyak bener takut gendut olahraganya hari lah makan ngembang,D,1
Wed Jan 22 13:50:50 +0000 2025,0,semakin dipikirin semakin pusing mau makan mie takut gendut,D,1
Thu Feb 13 18:49:11 +0000 2025,0,gabisa tdr lapar gamau makan malem takut gendut,D,1
Fri Oct 17 13:37:39 +0000 2014,9,tahan lapar seharian sarapan telur [URL] via detikhealth,None,0
Mon Jun 13 21:37:22 +0000 2016,11,trik sehat bantu lebih tahan lapar [URL] via detikhealth,None,0
Sun Dec 06 11:36:51 +0000 2020,68,diajak jalan sama gebetan cewek curhat dibelikan makanan menahan lapar hingga tubuhnya gemetar duh begini kisahnya via detikfood [URL],None,0
Tue Apr 21 04:06:34 +0000 2020,32,jus seledri menjadi salah satu asupan dibutuhkan kala berpuasa mengandung banyak manfaat baik tubuh manfaatnya jusseledri ramadhan via detikfood [URL],None,0
Wed Feb 26 01:22:37 +0000 2025,267,tips kurangkan mulut berbau bulan puasa kurangkan makan bawang merah amp bawang putih elak minum kopi waktu sahur minuk air putih cukup ubat kumur gosok gigi amp bersihkan lidah kurangkan bercakap rt amp follow tips kurus hari,None,0
Fri Mar 29 15:45:00 +0000 2024,7,jam makan dibatasi sebagian orang justru alami kenaikan berat badan naik bulan puasa cek timbangan [URL],None,0
Fri Feb 14 02:40:21 +0000 2025,4,bang makin khawatirlu makin kesini makin gendut bang allah takut obesitas [URL],None,0
Sun Mar 10 09:00:03 +0000 2024,4,wanita memiliki berat badan berlebih disebut cenderung membutuhkan waktu lebih lama hamil orang obesitas kelebihan berat badan katanya memiliki kemungkinan sulit hamil punya keturunan mitos fakta [URL],None,0
Sun Feb 16 01:00:00 +0000 2025,0,sedentary work memiliki risiko kesehatan obesitas penyakit jantung hingga nyeri punggung solusinya sisihkan waktu bergerak olahraga rutin perbaiki postur duduk jangan lupa lakukan pemeriksaan laboratorium menjaga kesehatan tubuh tetap optimal [URL],None,0
Fri Feb 24 13:00:01 +0000 2023,3,ciriciri anak obesitas cuma pipi chubby [URL],None,0
Sat Jun 10 10:56:30 +0000 2023,18,samasama picu masalah apa beda overweight obesitas [URL],None,0
Thu Sep 12 09:17:00 +0000 2024,7,wanita asal china mengalami obesitas akibat kerja berlebihan resign menerapkan pola makan sehat berbagi tips penurunan berat badan [URL],None,0
Sat Sep 07 01:40:00 +0000 2024,4,kopi pahit memiliki beragam manfaat kesehatan mulai mencegah obesitas hingga mengurangi depresi yuk cari tahu lebih banyak sini [URL],None,0
Sat Sep 19 16:30:39 +0000 2020,0,banyak bilang bright cocok buat meranin gu jun pyo katanya terlalu kurus males debat,None,0
Thu Aug 20 02:33:14 +0000 2020,0,korean netizen toxic parah ailee dihujat abisan gara katanya terlalu gemuk sunmi dihujat abisan gara katanya terlalu kurus ngerti namanya body type sih,None,0
Thu May 16 17:21:52 +0000 2024,0,perut kenceng gais gendut bukan lemak ahi[URL] lingkar lengan kalau dibawah katanya terlalu kurus brarti gendut yeyyy kata siapa hamil makam kdu buat porsi makan ttp porsi yeeyyy,None,0
Mon Jan 07 12:49:39 +0000 2019,1,garagara asokaremadja jadi tahu lisa blackpink bully haters katanya masuk standar cantik korea selatan terlalu kurus lah lisa dirisak harusnya protes sama pembentuk blackpink lah [URL],None,0
Thu Nov 07 14:49:39 +0000 2024,0,i should stop eating nasi goreng cili padi perut sakittttt,None,0
Sun Sep 30 00:10:31 +0000 2018,0,kamu tahu hotteok pancake korea isian brown gula madu kacangkacangan snack semacam guilty pleasure nya orang korea rich oily ibarat martabak indonesia [URL],None,0
Fri Sep 06 14:53:15 +0000 2024,0,convomf guilty kalau makannya cuma potong pas cheat day sebulan cutting gula terus craving manis segala berlebihan baik either too much or too little selama tau batasnya alasan menikmati kenikmatan duniawi,None,0
Sun Dec 08 00:04:28 +0000 2024,537,kamu cantik cantik banget jadi jangan malu sama dirimu sendiri makan banyak jangan takut gendut pakai pakaian kau suka buat dirimu buat dirimu senyaman mungkin usah pikirin apa kata orang soal pakaianmu kamu tercipta keindahan sendiri jangan,None,0
Mon Feb 17 21:58:52 +0000 2025,1,mencegah gangguan pencernaan makan ubi ungu menjadi salah satu cara mencegah munculnya masalah pencernaan irritable bowel syndrome ibs diare umbiumbian tinggi serat berperan melunakkan tinja mendorong pergerakan usus,None,0
Mon Jan 20 12:37:28 +0000 2025,2,buat teman merasa gangguan kecemasan fokus ngerjain tugas nafsu makan pola tidur berantakan coba psikolog terutama kuliah biasanya kampus layanan konseling biasanya murah gratis,None,0
Tue Nov 05 22:13:54 +0000 2024,0,berdampak besar harga diri citra tubuh kepercayaan diri anak beberapa kasus menyebabkan depresi kecemasan bahkan gangguan makan anoreksia bulimia meskipun kasus ekstrem pengguna muda,None,0
Sun Jan 19 02:30:29 +0000 2025,0,dampak psikologis body shaming menyebabkan masalah kesehatan mental rendahnya harga diri depresi gangguan makan kecemasan sosial,None,0
Mon Feb 17 11:03:35 +0000 2025,97,abis dimarahin sama ibuku ketahuan tiap malam makan emih sekarang dilarang makan damn disuruh puasa emih sebulan,O,1
Fri Feb 21 11:02:10 +0000 2025,5,selalu nanyain gendut gendut si buat cewe dengar kata gendut langsung kaya ihhhh sebel gituu padahal makan cuma kali sehari huftt ideal tb berat badan bra ideal kan availbandung excludebandung [URL],O,1
Mon Feb 29 05:04:16 +0000 2016,0,akhir banyaaaakkkk banget komen katanya terlalu kurus ngaca kaca gede iyasih,O,1
Sat Jun 11 12:51:14 +0000 2022,0,abis dikritik katanya terlalu kurus,O,1
Sun May 30 05:51:42 +0000 2021,0,habis ceramahin tetangga w katanya w terlalu kurus srh minum vitamin bla bla bla w cmn ngangguk² smbil ngejemur terus pergi mls banget dh baru keluar bentar buat jemur,O,1
Fri Sep 04 02:49:16 +0000 2020,0,suka ngatain badan orang terlalu kurus katanya kurang gizi emg lo tau seberapa banyak orang makan minum susu penambah berat badan,O,1
Fri Jun 21 08:01:33 +0000 2019,4,waktu gemuk mama ngomel katanya jelek gendut turun kilogram sekarang ngomel katanya terlalu kurus jelek jelek selalu perasaan apa penyebab kesendirian,O,1
Sun Oct 08 13:27:33 +0000 2023,0,wkwkwk jadi ingat pernah dibully krna trlalu kurus katanya badanku kopong gaada isinya menggairahkan terlalu kurus,O,1
Wed Dec 14 10:25:17 +0000 2022,4,orang tegur makin kurus katanya terlalu kuros cantik kurang moist lalu mami menuju megah kfc order set dinner plate tibahh,O,1
Tue Dec 11 05:51:10 +0000 2012,0,rrdk inestjokro katanya terlalu kurus tekanan darah rendah aman katanya,O,1
Tue Sep 03 11:07:24 +0000 2019,0,gemuk katanya makan terlalu banyak⁣ kurus katanya sakit⁣ berpenampilan terbaik katanya pamer⁣ berpenampilan sederhana katanya miskin⁣ menangis katanya cengeng⁣ mengemukakan [URL],O,1
Wed Sep 30 05:43:40 +0000 2020,0,yaampun tetangga ku kok rempong amatsi dulu pas masi jadi anak pondok dikatain gendut sekarang pas uda kurusan turun kilogram dikatain katanya perempuan jan terlalu kurus tepos ajg banget gasi,O,1
Tue May 11 01:36:23 +0000 2021,0,bertanyarl kilogram waktu smk selama gendut kena body shaming sekeluarga akhirnya kurusin badan kilogram tetep kena body shaming terlalu kurus katanya,O,1
Wed Apr 14 14:52:22 +0000 2021,0,protes sama bapake buka cman air madu lemon semangka sama pisang katanya terlalu kurus jadi jelek pdhl mah niatan badan tetep ideal,O,1
Sun Jul 04 03:31:31 +0000 2021,0,ewkharis stress tekanan segala arah body shaming sama keluarga sama orang berkedok teman diliatin pas makan diejek ngambil nasi banyak padal cuma sendok makan oala urip kok jan asu,O,1
Thu Aug 04 11:51:08 +0000 2022,0,askrlfess kaya gini bikin trauma si contohnya kalau body shaming bagian besar tubuh nimbulin eating disorder kalau bagian wajah nimbulin face dysmorphia bagaimana si katanya guru kok professional basic manner gatau gitu mau ngeedukasi ratusan siswa,O,1
Sat Feb 01 11:28:14 +0000 2025,0,tweet pendaki kilogram rame body shaming amp mikir anjir buanyak banget orang normalisasi mungkin mikir is that easy to be ideal buat bbrp orang damn its so hard bahkan eating disorder saking ketakutannya berat badan naik,O,1
Sun Dec 29 05:49:07 +0000 2024,0,kalau anorexia eating disorder kusalahin makhluk satu sih sukanya body shaming,O,1
Sat Oct 26 08:06:24 +0000 2019,2,skinny nih rileks kitorang gemuk nih banyak kena body shaming nangis,O,1
Tue Aug 03 04:50:55 +0000 2021,13,sayang orang orang suka lupa kalau skinny shaming sama menyakitkannya buat kamu pernah posisi ayo menguatkan brg sama akuu love u who u are sooo proud of u yaa,O,1
Thu Sep 23 22:08:59 +0000 2021,0,️ selamat pagi cm mau bilang stop normalize skinny shaming okay hv a nice day,O,1
Fri Aug 07 07:34:01 +0000 2020,0,nak kurus badan elok dah all my siblings are skinny and depa selalu body shaming,O,1
Mon Apr 29 10:37:52 +0000 2019,0,orang sekarang paham konsep body shamingke orang gendut gada ngatain orang gendut gajah badak gentong orang kurus tetep ngatain tiang listrik papan kentut dibalut kain kurang gizi apalah am i not human enough to live in this world with this skinny body,O,1
Sun Jan 09 11:01:56 +0000 2022,0,mesti sedih sih kalau kena skinny shaming hm,O,1
Mon Aug 31 04:11:49 +0000 2020,0,demen kecungkringan kalau kena skinny shaming keluarga lit rally bales enak lah badan segini makan apa gamikir haha memang kalian mau makan apa gabisa takut gendut wle terus diem wokwokwk,O,1
Sat Jun 12 05:16:54 +0000 2021,1,orang flexing their muscle keliatan more on the lean and skinny side malah disuruh makan tuh body shaming ngak sih,O,1
Fri Oct 22 14:18:21 +0000 2021,0,sakit hati banget hampir nangis ditempat kerja kena skinny shaming sama rekan kerja hahaha rasa nya mau lemparin sendal salah kalau genetik kurus gini,O,1
Mon Nov 11 11:28:50 +0000 2019,1,temen kasih skinny shaming body shaming sama kamu gaterima diri sendiri wkw,O,1
Mon Jun 03 08:47:08 +0000 2019,0,w skinnyshaming selalu,O,1
Tue Jul 14 09:36:45 +0000 2020,0,kena skinny shaming eh with some random strangers today kaki kayu nak sama dah,O,1
Fri Mar 15 13:28:32 +0000 2019,0,kau tahu apa manusia skinny nih rasa bila kena skinny shaming family sendiri so tutup mulut kau bau macam baja organik lanchaw,O,1
Sun Jan 20 06:38:16 +0000 2019,0,ingat kau gempak skinny shaming manusia orang panggil kau gemok tahu pulak melenting cuba bodoh disimpan elok elok bodoh,O,1
Thu Jun 06 10:01:11 +0000 2019,0,what the hell is wrong with having a fat or skinny body sih jangan body shaming dong saaaaaay punya badan sehat walafiat kok kalian pusing yak bingung akutuh sama punya pemikiran,O,1
Tue Mar 24 06:44:24 +0000 2020,744,waktu kecil gendut gemuk gemas banyak ngomong ih lucu gemuk banget gemess gendong sana sini pas gede tetep gemuk body shaming kata katain ledekin jauhin ketawain dahlah mo jadi bidadari,O,1
Sun Oct 20 09:37:53 +0000 2019,579,golongan orangorang takut gendut menolak kalau ditraktir makan enakenak,O,1
Tue Jun 02 09:31:49 +0000 2020,3467,kadang bersyukur percaya sama diri sendiri ngerusak semua perkataan oranglain gendutan kok jerawatan banget kurus banget sekarang dekil banget sih awalnya bersyukur jadi insecure,O,1
Sat Apr 21 05:54:50 +0000 2018,256,kayanya dibilang kurusgendut relatif jeketi dibilangnya gendut kalau sehari dibilang ceking,O,1
Mon Mar 15 02:42:29 +0000 2021,218,temen badannya gendut sering dibully gendut lu babon segala macem g pernah marah orang ngatain berusaha buat ngecilin,O,1
Tue Aug 20 08:43:41 +0000 2019,347,mungkin sekedar bilang kurus gendut deh terlihat komentar biasa beberapa orang menjadi katakata sangat menyakitkan,O,1
Sun Sep 03 16:05:03 +0000 2023,296,dikatain sama ibu badan kaya gajah depan orang banyak is another level of kit ati padahal tb berat badan ku segitu gendut,O,1
Thu Jan 30 01:10:46 +0000 2025,0,orang terlahir keluarga penyakit metabolik ex hipertensi asam urat jantung kolesterol mencoba mulai hidup lebih sehat makan lebih pilih olahraga dikit tau komen orang terdekat apa takut gendut takut ditinggal suami,O,1
